cliente_id,razao_social,cnpj,porte,municipio,gestor_id,gestor,vertical,status,qtd_planos_concluidos,qtd_planos_inconsistentes,planos_concluidos,planos_inconsistentes,pj_distinto_oficial,elegivel_azul,respondeu,aumento_faturamento_pct
1,Comercial Litoral ME,10000001000107,MEI,SAO JOSE DO RIO PRETO,4,Diego Alves,Atendimento ao Cliente,Participante,0,0,,,0,0,1,19.22
2,Transportes Silva e Cia,10000002000114,MEI,SAO JOSE DO RIO PRETO,4,Diego Alves,Atendimento ao Cliente,Participante,0,0,,,0,0,0,
3,Servicos Souza e Cia,10000003000121,ME,CAMPINAS,3,Carla Dias,Turismo e Agronegocio,Concluinte,1,0,Plano D - Sustentabilidade,,1,1,0,
4,Transportes Central EIRELI,10000004000128,MEI,SOROCABA,7,Giovana Melo,Sustentabilidade,Participante,0,0,,,0,0,1,3.77
5,Industria Litoral S.A.,10000005000135,MEI,CAMPINAS,1,Ana Souza,Comercio e Servicos,Participante,0,0,,,0,0,0,
6,Alimentos Silva Ltda,10000006000142,MEI,SAO CARLOS,7,Giovana Melo,Sustentabilidade,Participante,0,0,,,0,0,0,
7,Papelaria Oeste Ltda,10000007000149,ME,SAO JOSE DO RIO PRETO,12,Lucas Barros,Empreendedorismo Cultural,Participante,0,0,,,0,0,0,
8,Tecnologia Silva e Cia,10000008000156,MEI,ARACATUBA,4,Diego Alves,Atendimento ao Cliente,Participante,0,0,,,0,0,0,
9,Papelaria Souza Ltda,10000009000163,MEI,SAO CARLOS,12,Lucas Barros,Empreendedorismo Cultural,Concluinte,1,0,Plano B - Projetos Especiais,,1,1,0,
10,Distribuidora Souza Ltda,10000010000170,MEI,RIBEIRAO PRETO,10,Joao Pedro,Turismo e Agronegocio,Participante,0,0,,,0,0,0,
11,Industria Oeste ME,10000011000177,MEI,ARACATUBA,12,Lucas Barros,Empreendedorismo Cultural,Participante,0,0,,,0,0,0,
12,Papelaria Litoral EIRELI,10000012000184,ME,SAO CARLOS,3,Carla Dias,Turismo e Agronegocio,Participante,0,0,,,0,0,0,
13,Construtora Central ME,10000013000191,MEDIA,CAMPINAS,6,Fabio Nunes,Consultoria Especializada,Sem atendimento,0,0,,,0,0,0,
14,Alimentos Silva EIRELI,10000014000198,EPP,PRESIDENTE PRUDENTE,8,Hugo Ramos,Comercio e Servicos,Participante,0,0,,,0,0,0,
15,Tecnologia Oeste Ltda,10000015000105,MEI,CAMPINAS,11,Karina Reis,Atendimento ao Cliente,Participante,0,0,,,0,0,0,
16,Servicos Litoral S.A.,10000016000112,MEI,RIBEIRAO PRETO,11,Karina Reis,Atendimento ao Cliente,Participante,0,0,,,0,0,0,
17,Industria Oeste EIRELI,10000017000119,MEI,BAURU,15,Olivia Prado,Comercio e Servicos,Participante,0,0,,,0,0,0,
18,Papelaria Central e Cia,10000018000126,MEI,FRANCA,9,Iara Costa,Tecnologia e Inovacao,Participante,0,0,,,0,0,0,
19,Transportes Central Ltda,10000019000133,ME,MARILIA,5,Elisa Rocha,Empreendedorismo Cultural,Participante,0,0,,,0,0,0,
20,Industria Litoral EIRELI,10000020000140,ME,SAO CARLOS,4,Diego Alves,Atendimento ao Cliente,Concluinte,1,0,Plano D - Sustentabilidade,,1,1,1,24.09
21,Tecnologia Central e Cia,10000021000147,GRANDE,SAO CARLOS,3,Carla Dias,Turismo e Agronegocio,Sem atendimento,0,0,,,0,0,0,
22,Transportes Silva Ltda,10000022000154,ME,ARACATUBA,9,Iara Costa,Tecnologia e Inovacao,Participante,0,0,,,0,0,1,10.51
23,Alimentos Silva ME,10000023000161,MEI,SOROCABA,9,Iara Costa,Tecnologia e Inovacao,Participante,0,0,,,0,0,1,-10.49
24,Confeccoes Norte EIRELI,10000024000168,ME,SOROCABA,1,Ana Souza,Comercio e Servicos,Concluinte,1,0,Plano D - Sustentabilidade,,1,1,0,
25,Transportes Norte EIRELI,10000025000175,MEI,BAURU,10,Joao Pedro,Turismo e Agronegocio,Sem atendimento,0,0,,,0,0,1,26.05
26,Transportes Norte Ltda,10000026000182,ME,CAMPINAS,6,Fabio Nunes,Consultoria Especializada,Participante,0,0,,,0,0,1,-11.49
27,Distribuidora Oeste ME,10000027000189,MEI,CAMPINAS,1,Ana Souza,Comercio e Servicos,Participante,0,0,,,0,0,0,
28,Distribuidora Litoral S.A.,10000028000196,EPP,SAO CARLOS,3,Carla Dias,Turismo e Agronegocio,Participante,0,0,,,0,0,1,12.88
29,Industria Litoral S.A.,10000029000103,EPP,SOROCABA,5,Elisa Rocha,Empreendedorismo Cultural,Participante,0,0,,,0,0,0,
30,Transportes Norte S.A.,10000030000110,MEDIA,RIBEIRAO PRETO,9,Iara Costa,Tecnologia e Inovacao,Sem atendimento,0,0,,,0,0,0,
31,Confeccoes Central ME,10000031000117,MEI,SAO JOSE DO RIO PRETO,7,Giovana Melo,Sustentabilidade,Participante,0,0,,,0,0,0,
32,Distribuidora Souza EIRELI,10000032000124,MEI,SAO CARLOS,15,Olivia Prado,Comercio e Servicos,Participante,0,0,,,0,0,0,
33,Papelaria Souza Ltda,10000033000131,MEI,ARACATUBA,8,Hugo Ramos,Comercio e Servicos,Participante,0,0,,,0,0,1,10.82
34,Servicos Silva Ltda,10000034000138,EPP,SAO CARLOS,2,Bruno Lima,Tecnologia e Inovacao,Concluinte,1,0,Plano D - Sustentabilidade,,1,1,0,
35,Confeccoes Litoral S.A.,10000035000145,MEI,ARACATUBA,8,Hugo Ramos,Comercio e Servicos,Participante,0,0,,,0,0,0,
36,Servicos Central S.A.,10000036000152,MEI,RIBEIRAO PRETO,16,Paulo Cezar,Tecnologia e Inovacao,Participante,0,0,,,0,0,1,34.28
37,Alimentos Central S.A.,10000037000159,ME,SOROCABA,14,Nicolas Vieira,Sustentabilidade,Participante,0,0,,,0,0,0,
38,Distribuidora Silva S.A.,10000038000166,ME,FRANCA,2,Bruno Lima,Tecnologia e Inovacao,Participante,0,0,,,0,0,0,
39,Servicos Souza EIRELI,10000039000173,ME,CAMPINAS,4,Diego Alves,Atendimento ao Cliente,Participante,0,0,,,0,0,0,
40,Industria Oeste S.A.,10000040000180,MEI,BAURU,14,Nicolas Vieira,Sustentabilidade,Participante,0,1,,Plano B - Projetos Especiais,0,1,0,
41,Construtora Norte Ltda,10000041000187,MEI,RIBEIRAO PRETO,3,Carla Dias,Turismo e Agronegocio,Participante,0,0,,,0,0,0,
42,Distribuidora Souza EIRELI,10000042000194,MEI,MARILIA,1,Ana Souza,Comercio e Servicos,Participante,0,0,,,0,0,0,
43,Tecnologia Silva EIRELI,10000043000101,MEI,PRESIDENTE PRUDENTE,7,Giovana Melo,Sustentabilidade,Participante,0,0,,,0,0,0,
44,Construtora Oeste S.A.,10000044000108,ME,RIBEIRAO PRETO,9,Iara Costa,Tecnologia e Inovacao,Participante,0,0,,,0,0,0,
45,Industria Souza ME,10000045000115,MEI,RIBEIRAO PRETO,16,Paulo Cezar,Tecnologia e Inovacao,Participante,0,0,,,0,0,1,45.24
46,Alimentos Silva Ltda,10000046000122,ME,FRANCA,2,Bruno Lima,Tecnologia e Inovacao,Participante,0,0,,,0,0,1,43.02
47,Comercial Norte Ltda,10000047000129,EPP,RIBEIRAO PRETO,6,Fabio Nunes,Consultoria Especializada,Participante,0,0,,,0,0,1,4.86
48,Servicos Central Ltda,10000048000136,EPP,FRANCA,3,Carla Dias,Turismo e Agronegocio,Participante,0,0,,,0,0,0,
49,Papelaria Norte Ltda,10000049000143,ME,RIBEIRAO PRETO,8,Hugo Ramos,Comercio e Servicos,Participante,0,0,,,0,0,0,
50,Confeccoes Souza ME,10000050000150,MEI,ARACATUBA,11,Karina Reis,Atendimento ao Cliente,Participante,0,0,,,0,0,0,
51,Confeccoes Central ME,10000051000157,EPP,RIBEIRAO PRETO,5,Elisa Rocha,Empreendedorismo Cultural,Concluinte,1,0,Plano D - Sustentabilidade,,1,1,0,
52,Comercial Central e Cia,10000052000164,GRANDE,FRANCA,3,Carla Dias,Turismo e Agronegocio,Sem atendimento,0,0,,,0,0,1,37.53
53,Transportes Souza e Cia,10000053000171,MEI,BAURU,3,Carla Dias,Turismo e Agronegocio,Participante,0,0,,,0,0,0,
54,Distribuidora Souza ME,10000054000178,MEI,CAMPINAS,12,Lucas Barros,Empreendedorismo Cultural,Participante,0,0,,,0,0,1,46.78
55,Papelaria Litoral e Cia,10000055000185,MEI,SAO CARLOS,10,Joao Pedro,Turismo e Agronegocio,Participante,0,0,,,0,0,1,51.9
56,Distribuidora Souza ME,10000056000192,MEI,RIBEIRAO PRETO,10,Joao Pedro,Turismo e Agronegocio,Participante,0,0,,,0,0,0,
57,Confeccoes Oeste e Cia,10000057000199,MEI,SAO JOSE DO RIO PRETO,5,Elisa Rocha,Empreendedorismo Cultural,Participante,0,0,,,0,0,0,
58,Confeccoes Norte S.A.,10000058000106,MEI,SAO JOSE DO RIO PRETO,7,Giovana Melo,Sustentabilidade,Participante,0,0,,,0,0,0,
59,Distribuidora Litoral S.A.,10000059000113,EPP,SOROCABA,2,Bruno Lima,Tecnologia e Inovacao,Concluinte,1,0,Plano D - Sustentabilidade,,1,1,0,
60,Alimentos Souza ME,10000060000120,MEI,MARILIA,1,Ana Souza,Comercio e Servicos,Participante,0,0,,,0,0,1,23.24
61,Transportes Silva Ltda,10000061000127,MEI,PRESIDENTE PRUDENTE,14,Nicolas Vieira,Sustentabilidade,Participante,0,0,,,0,0,0,
62,Transportes Silva ME,10000062000134,ME,BAURU,5,Elisa Rocha,Empreendedorismo Cultural,Concluinte,1,0,Plano D - Sustentabilidade,,1,1,0,
63,Industria Silva ME,10000063000141,MEI,FRANCA,14,Nicolas Vieira,Sustentabilidade,Participante,0,0,,,0,0,0,
64,Alimentos Souza EIRELI,10000064000148,ME,SOROCABA,2,Bruno Lima,Tecnologia e Inovacao,Concluinte,1,0,Plano D - Sustentabilidade,,1,1,0,
65,Papelaria Litoral EIRELI,10000065000155,EPP,RIBEIRAO PRETO,14,Nicolas Vieira,Sustentabilidade,Concluinte,1,0,Plano D - Sustentabilidade,,1,1,0,
66,Industria Central Ltda,10000066000162,MEI,MARILIA,6,Fabio Nunes,Consultoria Especializada,Participante,0,0,,,0,0,1,-1.61
67,Tecnologia Litoral EIRELI,10000067000169,MEI,CAMPINAS,11,Karina Reis,Atendimento ao Cliente,Concluinte,1,0,Plano C - Parcerias Corporativas,,1,1,1,25.24
68,Tecnologia Silva S.A.,10000068000176,MEI,CAMPINAS,4,Diego Alves,Atendimento ao Cliente,Participante,0,0,,,0,0,1,0.95
69,Alimentos Oeste EIRELI,10000069000183,MEI,ARACATUBA,15,Olivia Prado,Comercio e Servicos,Participante,0,0,,,0,0,0,
70,Tecnologia Oeste ME,10000070000190,EPP,SAO CARLOS,7,Giovana Melo,Sustentabilidade,Participante,0,0,,,0,0,0,
71,Alimentos Litoral e Cia,10000071000197,MEI,ARACATUBA,9,Iara Costa,Tecnologia e Inovacao,Participante,0,0,,,0,0,1,21.12
72,Comercial Silva ME,10000072000104,MEI,SAO CARLOS,11,Karina Reis,Atendimento ao Cliente,Participante,0,0,,,0,0,0,
73,Comercial Silva e Cia,10000073000111,MEI,SAO CARLOS,9,Iara Costa,Tecnologia e Inovacao,Concluinte,1,0,Plano A - Crescimento,,1,1,1,21.08
74,Tecnologia Norte e Cia,10000074000118,MEI,ARACATUBA,11,Karina Reis,Atendimento ao Cliente,Participante,0,0,,,0,0,1,29.64
75,Confeccoes Silva S.A.,10000075000125,MEI,CAMPINAS,7,Giovana Melo,Sustentabilidade,Participante,0,0,,,0,0,0,
76,Alimentos Central Ltda,10000076000132,EPP,RIBEIRAO PRETO,7,Giovana Melo,Sustentabilidade,Participante,0,0,,,0,0,1,12.99
77,Papelaria Oeste Ltda,10000077000139,ME,ARACATUBA,11,Karina Reis,Atendimento ao Cliente,Concluinte,1,0,Plano D - Sustentabilidade,,1,1,0,
78,Tecnologia Oeste S.A.,10000078000146,ME,SAO CARLOS,10,Joao Pedro,Turismo e Agronegocio,Concluinte,1,0,Plano D - Sustentabilidade,,1,1,0,
79,Servicos Central S.A.,10000079000153,ME,ARACATUBA,5,Elisa Rocha,Empreendedorismo Cultural,Sem atendimento,0,0,,,0,0,0,
80,Papelaria Norte ME,10000080000160,MEI,RIBEIRAO PRETO,6,Fabio Nunes,Consultoria Especializada,Participante,0,0,,,0,0,1,21.81
81,Confeccoes Oeste EIRELI,10000081000167,MEI,FRANCA,1,Ana Souza,Comercio e Servicos,Participante,0,0,,,0,0,0,
82,Construtora Central S.A.,10000082000174,ME,PRESIDENTE PRUDENTE,11,Karina Reis,Atendimento ao Cliente,Participante,0,0,,,0,0,0,
83,Industria Litoral Ltda,10000083000181,MEI,ARACATUBA,16,Paulo Cezar,Tecnologia e Inovacao,Participante,0,0,,,0,0,1,46.27
84,Distribuidora Souza ME,10000084000188,MEI,BAURU,11,Karina Reis,Atendimento ao Cliente,Participante,0,0,,,0,0,0,
85,Comercial Silva EIRELI,10000085000195,MEDIA,RIBEIRAO PRETO,5,Elisa Rocha,Empreendedorismo Cultural,Sem atendimento,0,0,,,0,0,0,
86,Construtora Central e Cia,10000086000102,MEI,RIBEIRAO PRETO,3,Carla Dias,Turismo e Agronegocio,Participante,0,0,,,0,0,0,
87,Construtora Central EIRELI,10000087000109,MEI,RIBEIRAO PRETO,13,Mariana Teles,Consultoria Especializada,Participante,0,0,,,0,0,0,
88,Distribuidora Central EIRELI,10000088000116,MEI,SAO JOSE DO RIO PRETO,1,Ana Souza,Comercio e Servicos,Sem atendimento,0,0,,,0,0,0,
89,Comercial Norte EIRELI,10000089000123,EPP,FRANCA,15,Olivia Prado,Comercio e Servicos,Participante,0,0,,,0,0,1,-6.67
90,Industria Central e Cia,10000090000130,MEDIA,SAO CARLOS,15,Olivia Prado,Comercio e Servicos,Sem atendimento,0,0,,,0,0,0,
91,Construtora Norte e Cia,10000091000137,MEI,FRANCA,11,Karina Reis,Atendimento ao Cliente,Participante,0,0,,,0,0,1,59.55
92,Industria Litoral S.A.,10000092000144,ME,CAMPINAS,15,Olivia Prado,Comercio e Servicos,Concluinte,1,0,Plano D - Sustentabilidade,,1,1,1,31.69
93,Confeccoes Norte S.A.,10000093000151,ME,FRANCA,8,Hugo Ramos,Comercio e Servicos,Sem atendimento,0,0,,,0,0,0,
94,Distribuidora Litoral ME,10000094000158,MEI,PRESIDENTE PRUDENTE,15,Olivia Prado,Comercio e Servicos,Participante,0,0,,,0,0,0,
95,Transportes Silva EIRELI,10000095000165,MEI,MARILIA,11,Karina Reis,Atendimento ao Cliente,Participante,0,0,,,0,0,0,
96,Servicos Silva S.A.,10000096000172,MEI,SOROCABA,5,Elisa Rocha,Empreendedorismo Cultural,Participante,0,0,,,0,0,1,20.84
97,Tecnologia Silva EIRELI,10000097000179,EPP,SAO CARLOS,15,Olivia Prado,Comercio e Servicos,Concluinte,1,0,Plano D - Sustentabilidade,,1,1,0,
98,Papelaria Central S.A.,10000098000186,MEI,BAURU,1,Ana Souza,Comercio e Servicos,Participante,0,0,,,0,0,0,
99,Tecnologia Central e Cia,10000099000193,ME,BAURU,10,Joao Pedro,Turismo e Agronegocio,Participante,0,0,,,0,0,0,
100,Construtora Souza ME,10000100000100,MEI,SAO CARLOS,8,Hugo Ramos,Comercio e Servicos,Participante,0,0,,,0,0,0,
101,Alimentos Litoral S.A.,10000101000107,ME,CAMPINAS,13,Mariana Teles,Consultoria Especializada,Participante,0,0,,,0,0,0,
102,Industria Norte e Cia,10000102000114,MEI,RIBEIRAO PRETO,15,Olivia Prado,Comercio e Servicos,Participante,0,0,,,0,0,0,
103,Distribuidora Litoral S.A.,10000103000121,MEI,SOROCABA,1,Ana Souza,Comercio e Servicos,Participante,0,0,,,0,0,1,40.31
104,Comercial Oeste S.A.,10000104000128,MEI,MARILIA,6,Fabio Nunes,Consultoria Especializada,Participante,0,0,,,0,0,1,-3.39
105,Alimentos Central ME,10000105000135,ME,PRESIDENTE PRUDENTE,11,Karina Reis,Atendimento ao Cliente,Participante,0,0,,,0,0,0,
106,Confeccoes Silva S.A.,10000106000142,MEI,RIBEIRAO PRETO,14,Nicolas Vieira,Sustentabilidade,Participante,0,0,,,0,0,0,
107,Alimentos Souza Ltda,10000107000149,ME,BAURU,2,Bruno Lima,Tecnologia e Inovacao,Participante,0,0,,,0,0,0,
108,Comercial Souza EIRELI,10000108000156,EPP,SAO CARLOS,2,Bruno Lima,Tecnologia e Inovacao,Sem atendimento,0,0,,,0,0,1,43.43
109,Servicos Souza S.A.,10000109000163,ME,PRESIDENTE PRUDENTE,5,Elisa Rocha,Empreendedorismo Cultural,Participante,0,1,,Plano C - Parcerias Corporativas,0,1,0,
110,Construtora Litoral ME,10000110000170,ME,FRANCA,7,Giovana Melo,Sustentabilidade,Concluinte,1,0,Plano D - Sustentabilidade,,1,1,0,
111,Industria Oeste Ltda,10000111000177,ME,BAURU,4,Diego Alves,Atendimento ao Cliente,Participante,0,0,,,0,0,0,
112,Papelaria Litoral S.A.,10000112000184,MEI,BAURU,10,Joao Pedro,Turismo e Agronegocio,Participante,0,0,,,0,0,0,
113,Distribuidora Norte EIRELI,10000113000191,MEI,SOROCABA,7,Giovana Melo,Sustentabilidade,Sem atendimento,0,0,,,0,0,0,
114,Papelaria Silva e Cia,10000114000198,ME,ARACATUBA,10,Joao Pedro,Turismo e Agronegocio,Participante,0,0,,,0,0,1,32.14
115,Alimentos Silva e Cia,10000115000105,ME,RIBEIRAO PRETO,14,Nicolas Vieira,Sustentabilidade,Participante,0,0,,,0,0,0,
116,Construtora Silva S.A.,10000116000112,MEDIA,FRANCA,14,Nicolas Vieira,Sustentabilidade,Sem atendimento,0,0,,,0,0,0,
117,Industria Central EIRELI,10000117000119,ME,BAURU,15,Olivia Prado,Comercio e Servicos,Participante,0,0,,,0,0,0,
118,Papelaria Norte S.A.,10000118000126,ME,BAURU,9,Iara Costa,Tecnologia e Inovacao,Participante,0,0,,,0,0,0,
119,Alimentos Souza Ltda,10000119000133,MEI,PRESIDENTE PRUDENTE,9,Iara Costa,Tecnologia e Inovacao,Participante,0,0,,,0,0,1,38.86
120,Construtora Norte e Cia,10000120000140,ME,BAURU,8,Hugo Ramos,Comercio e Servicos,Concluinte,1,0,Plano D - Sustentabilidade,,1,1,0,
121,Construtora Oeste EIRELI,10000121000147,ME,PRESIDENTE PRUDENTE,1,Ana Souza,Comercio e Servicos,Participante,0,0,,,0,0,0,
122,Alimentos Oeste e Cia,10000122000154,ME,SAO JOSE DO RIO PRETO,9,Iara Costa,Tecnologia e Inovacao,Participante,0,0,,,0,0,1,-2.95
123,Transportes Souza Ltda,10000123000161,MEI,RIBEIRAO PRETO,1,Ana Souza,Comercio e Servicos,Sem atendimento,0,0,,,0,0,1,27.76
124,Transportes Souza S.A.,10000124000168,ME,FRANCA,16,Paulo Cezar,Tecnologia e Inovacao,Participante,0,0,,,0,0,0,
125,Comercial Silva ME,10000125000175,MEI,ARACATUBA,15,Olivia Prado,Comercio e Servicos,Participante,0,0,,,0,0,1,44.81
126,Confeccoes Litoral e Cia,10000126000182,MEI,RIBEIRAO PRETO,8,Hugo Ramos,Comercio e Servicos,Participante,0,0,,,0,0,0,
127,Tecnologia Litoral e Cia,10000127000189,MEI,SOROCABA,12,Lucas Barros,Empreendedorismo Cultural,Participante,0,0,,,0,0,1,22.89
128,Confeccoes Oeste ME,10000128000196,MEI,PRESIDENTE PRUDENTE,15,Olivia Prado,Comercio e Servicos,Participante,0,0,,,0,0,1,24.8
129,Alimentos Silva e Cia,10000129000103,MEDIA,CAMPINAS,7,Giovana Melo,Sustentabilidade,Sem atendimento,0,0,,,0,0,0,
130,Servicos Souza S.A.,10000130000110,MEI,MARILIA,6,Fabio Nunes,Consultoria Especializada,Participante,0,0,,,0,0,1,24.98
131,Distribuidora Souza ME,10000131000117,MEI,MARILIA,10,Joao Pedro,Turismo e Agronegocio,Participante,0,0,,,0,0,1,11.23
132,Comercial Litoral e Cia,10000132000124,MEI,BAURU,10,Joao Pedro,Turismo e Agronegocio,Participante,0,0,,,0,0,0,
133,Transportes Oeste EIRELI,10000133000131,ME,PRESIDENTE PRUDENTE,2,Bruno Lima,Tecnologia e Inovacao,Participante,0,0,,,0,0,0,
134,Distribuidora Silva e Cia,10000134000138,MEI,SAO CARLOS,16,Paulo Cezar,Tecnologia e Inovacao,Participante,0,0,,,0,0,1,22.87
135,Alimentos Souza Ltda,10000135000145,MEI,MARILIA,15,Olivia Prado,Comercio e Servicos,Participante,0,0,,,0,0,0,
136,Distribuidora Silva S.A.,10000136000152,ME,RIBEIRAO PRETO,16,Paulo Cezar,Tecnologia e Inovacao,Concluinte,1,0,Plano D - Sustentabilidade,,1,1,0,
137,Industria Souza e Cia,10000137000159,EPP,RIBEIRAO PRETO,2,Bruno Lima,Tecnologia e Inovacao,Participante,0,0,,,0,0,1,-2.39
138,Distribuidora Norte S.A.,10000138000166,ME,CAMPINAS,8,Hugo Ramos,Comercio e Servicos,Concluinte,1,0,Plano D - Sustentabilidade,,1,1,1,29.15
139,Transportes Central S.A.,10000139000173,EPP,RIBEIRAO PRETO,8,Hugo Ramos,Comercio e Servicos,Participante,0,0,,,0,0,0,
140,Confeccoes Norte e Cia,10000140000180,MEI,SAO JOSE DO RIO PRETO,14,Nicolas Vieira,Sustentabilidade,Participante,0,0,,,0,0,0,
141,Servicos Litoral EIRELI,10000141000187,MEI,CAMPINAS,4,Diego Alves,Atendimento ao Cliente,Participante,0,0,,,0,0,0,
142,Servicos Souza e Cia,10000142000194,MEI,RIBEIRAO PRETO,6,Fabio Nunes,Consultoria Especializada,Participante,0,0,,,0,0,0,
143,Construtora Litoral e Cia,10000143000101,ME,MARILIA,14,Nicolas Vieira,Sustentabilidade,Concluinte,1,0,Plano A - Crescimento,,1,1,1,8.12
144,Confeccoes Litoral ME,10000144000108,ME,FRANCA,8,Hugo Ramos,Comercio e Servicos,Participante,0,0,,,0,0,1,-4.46
145,Servicos Oeste e Cia,10000145000115,ME,CAMPINAS,3,Carla Dias,Turismo e Agronegocio,Concluinte,1,0,Plano D - Sustentabilidade,,1,1,0,
146,Tecnologia Silva e Cia,10000146000122,MEI,RIBEIRAO PRETO,7,Giovana Melo,Sustentabilidade,Participante,0,0,,,0,0,0,
147,Industria Silva Ltda,10000147000129,MEI,CAMPINAS,9,Iara Costa,Tecnologia e Inovacao,Concluinte,1,0,Plano A - Crescimento,,1,1,0,
148,Construtora Silva S.A.,10000148000136,ME,FRANCA,10,Joao Pedro,Turismo e Agronegocio,Participante,0,0,,,0,0,1,11.94
149,Confeccoes Norte e Cia,10000149000143,ME,BAURU,13,Mariana Teles,Consultoria Especializada,Concluinte,1,0,Plano D - Sustentabilidade,,1,1,0,
150,Tecnologia Litoral ME,10000150000150,ME,MARILIA,2,Bruno Lima,Tecnologia e Inovacao,Sem atendimento,0,0,,,0,0,1,18.73
151,Servicos Litoral e Cia,10000151000157,ME,SAO JOSE DO RIO PRETO,3,Carla Dias,Turismo e Agronegocio,Concluinte,1,0,Plano D - Sustentabilidade,,1,1,0,
152,Papelaria Silva EIRELI,10000152000164,ME,MARILIA,9,Iara Costa,Tecnologia e Inovacao,Concluinte,1,0,Plano D - Sustentabilidade,,1,1,0,
153,Confeccoes Souza e Cia,10000153000171,MEI,SAO CARLOS,15,Olivia Prado,Comercio e Servicos,Participante,0,0,,,0,0,0,
154,Distribuidora Central ME,10000154000178,MEI,RIBEIRAO PRETO,16,Paulo Cezar,Tecnologia e Inovacao,Participante,0,0,,,0,0,0,
155,Industria Oeste S.A.,10000155000185,ME,CAMPINAS,4,Diego Alves,Atendimento ao Cliente,Participante,0,0,,,0,0,0,
156,Transportes Silva S.A.,10000156000192,MEI,SAO JOSE DO RIO PRETO,13,Mariana Teles,Consultoria Especializada,Participante,0,0,,,0,0,1,-1.39
157,Distribuidora Central e Cia,10000157000199,EPP,CAMPINAS,11,Karina Reis,Atendimento ao Cliente,Participante,0,0,,,0,0,0,
158,Tecnologia Silva EIRELI,10000158000106,ME,PRESIDENTE PRUDENTE,15,Olivia Prado,Comercio e Servicos,Sem atendimento,0,0,,,0,0,0,
159,Construtora Silva EIRELI,10000159000113,MEI,ARACATUBA,16,Paulo Cezar,Tecnologia e Inovacao,Participante,0,0,,,0,0,0,
160,Construtora Litoral S.A.,10000160000120,MEI,SAO JOSE DO RIO PRETO,10,Joao Pedro,Turismo e Agronegocio,Participante,0,0,,,0,0,1,7.54
161,Industria Oeste e Cia,10000161000127,MEI,SAO JOSE DO RIO PRETO,8,Hugo Ramos,Comercio e Servicos,Participante,0,0,,,0,0,0,
162,Servicos Silva S.A.,10000162000134,EPP,SAO JOSE DO RIO PRETO,3,Carla Dias,Turismo e Agronegocio,Concluinte,1,0,Plano C - Parcerias Corporativas,,1,1,1,25.6
163,Construtora Litoral ME,10000163000141,ME,RIBEIRAO PRETO,5,Elisa Rocha,Empreendedorismo Cultural,Participante,0,0,,,0,0,0,
164,Construtora Central EIRELI,10000164000148,ME,CAMPINAS,14,Nicolas Vieira,Sustentabilidade,Participante,0,0,,,0,0,0,
165,Servicos Norte e Cia,10000165000155,ME,PRESIDENTE PRUDENTE,13,Mariana Teles,Consultoria Especializada,Participante,0,0,,,0,0,1,23.04
166,Confeccoes Central ME,10000166000162,EPP,SAO CARLOS,3,Carla Dias,Turismo e Agronegocio,Concluinte,1,0,Plano D - Sustentabilidade,,1,1,0,
167,Comercial Oeste ME,10000167000169,EPP,CAMPINAS,9,Iara Costa,Tecnologia e Inovacao,Participante,0,0,,,0,0,0,
168,Industria Central e Cia,10000168000176,ME,PRESIDENTE PRUDENTE,16,Paulo Cezar,Tecnologia e Inovacao,Participante,0,0,,,0,0,0,
169,Construtora Oeste EIRELI,10000169000183,MEDIA,SAO JOSE DO RIO PRETO,13,Mariana Teles,Consultoria Especializada,Sem atendimento,0,0,,,0,0,1,-4.58
170,Servicos Central Ltda,10000170000190,MEI,MARILIA,13,Mariana Teles,Consultoria Especializada,Participante,0,0,,,0,0,0,
171,Tecnologia Litoral EIRELI,10000171000197,ME,ARACATUBA,13,Mariana Teles,Consultoria Especializada,Participante,0,0,,,0,0,1,22.84
172,Transportes Norte ME,10000172000104,EPP,SOROCABA,5,Elisa Rocha,Empreendedorismo Cultural,Participante,0,0,,,0,0,1,23.47
173,Distribuidora Norte S.A.,10000173000111,MEI,PRESIDENTE PRUDENTE,15,Olivia Prado,Comercio e Servicos,Participante,0,0,,,0,0,0,
174,Industria Silva S.A.,10000174000118,ME,CAMPINAS,14,Nicolas Vieira,Sustentabilidade,Participante,0,0,,,0,0,0,
175,Papelaria Litoral S.A.,10000175000125,ME,MARILIA,11,Karina Reis,Atendimento ao Cliente,Participante,0,0,,,0,0,1,28.05
176,Transportes Central ME,10000176000132,ME,ARACATUBA,11,Karina Reis,Atendimento ao Cliente,Participante,0,0,,,0,0,0,
177,Transportes Silva e Cia,10000177000139,MEI,SOROCABA,16,Paulo Cezar,Tecnologia e Inovacao,Participante,0,0,,,0,0,0,
178,Servicos Litoral Ltda,10000178000146,MEI,ARACATUBA,10,Joao Pedro,Turismo e Agronegocio,Participante,0,0,,,0,0,1,57.66
179,Construtora Souza ME,10000179000153,EPP,SAO CARLOS,4,Diego Alves,Atendimento ao Cliente,Concluinte,1,0,Plano B - Projetos Especiais,,1,1,0,
180,Comercial Oeste ME,10000180000160,MEI,CAMPINAS,11,Karina Reis,Atendimento ao Cliente,Participante,0,0,,,0,0,0,
181,Transportes Central e Cia,10000181000167,ME,SOROCABA,8,Hugo Ramos,Comercio e Servicos,Participante,0,0,,,0,0,0,
182,Industria Silva e Cia,10000182000174,EPP,BAURU,6,Fabio Nunes,Consultoria Especializada,Concluinte,1,0,Plano C - Parcerias Corporativas,,1,1,1,40.37
183,Construtora Norte EIRELI,10000183000181,MEI,SAO CARLOS,8,Hugo Ramos,Comercio e Servicos,Participante,0,0,,,0,0,0,
184,Construtora Oeste Ltda,10000184000188,EPP,SAO JOSE DO RIO PRETO,9,Iara Costa,Tecnologia e Inovacao,Concluinte,1,0,Plano D - Sustentabilidade,,1,1,0,
185,Transportes Souza Ltda,10000185000195,MEI,ARACATUBA,10,Joao Pedro,Turismo e Agronegocio,Sem atendimento,0,0,,,0,0,0,
186,Tecnologia Litoral ME,10000186000102,ME,BAURU,10,Joao Pedro,Turismo e Agronegocio,Concluinte,1,0,Plano D - Sustentabilidade,,1,1,0,
187,Tecnologia Central Ltda,10000187000109,MEI,SAO CARLOS,7,Giovana Melo,Sustentabilidade,Participante,0,0,,,0,0,0,
188,Papelaria Oeste ME,10000188000116,MEI,FRANCA,12,Lucas Barros,Empreendedorismo Cultural,Participante,0,0,,,0,0,1,43.26
189,Confeccoes Silva e Cia,10000189000123,EPP,SAO JOSE DO RIO PRETO,13,Mariana Teles,Consultoria Especializada,Participante,0,0,,,0,0,0,
190,Papelaria Litoral S.A.,10000190000130,EPP,PRESIDENTE PRUDENTE,2,Bruno Lima,Tecnologia e Inovacao,Sem atendimento,0,0,,,0,0,0,
191,Servicos Norte ME,10000191000137,MEI,SAO CARLOS,10,Joao Pedro,Turismo e Agronegocio,Sem atendimento,0,0,,,0,0,0,
192,Industria Litoral Ltda,10000192000144,EPP,SOROCABA,9,Iara Costa,Tecnologia e Inovacao,Concluinte,1,0,Plano D - Sustentabilidade,,1,1,0,
193,Confeccoes Central Ltda,10000193000151,ME,SOROCABA,2,Bruno Lima,Tecnologia e Inovacao,Participante,0,0,,,0,0,1,6.25
194,Distribuidora Oeste ME,10000194000158,ME,PRESIDENTE PRUDENTE,5,Elisa Rocha,Empreendedorismo Cultural,Participante,0,0,,,0,0,1,41.65
195,Industria Norte ME,10000195000165,ME,RIBEIRAO PRETO,7,Giovana Melo,Sustentabilidade,Participante,0,0,,,0,0,0,
196,Industria Oeste S.A.,10000196000172,MEDIA,PRESIDENTE PRUDENTE,9,Iara Costa,Tecnologia e Inovacao,Sem atendimento,0,0,,,0,0,1,41.26
197,Distribuidora Central Ltda,10000197000179,MEI,SOROCABA,11,Karina Reis,Atendimento ao Cliente,Participante,0,0,,,0,0,0,
198,Tecnologia Norte ME,10000198000186,MEI,FRANCA,8,Hugo Ramos,Comercio e Servicos,Participante,0,0,,,0,0,0,
199,Confeccoes Norte Ltda,10000199000193,ME,RIBEIRAO PRETO,1,Ana Souza,Comercio e Servicos,Participante,0,0,,,0,0,0,
200,Papelaria Central ME,10000200000100,MEI,SAO JOSE DO RIO PRETO,9,Iara Costa,Tecnologia e Inovacao,Participante,0,0,,,0,0,1,23.57
201,Comercial Norte e Cia,10000201000107,MEI,SAO JOSE DO RIO PRETO,16,Paulo Cezar,Tecnologia e Inovacao,Participante,0,0,,,0,0,0,
202,Distribuidora Litoral S.A.,10000202000114,EPP,CAMPINAS,8,Hugo Ramos,Comercio e Servicos,Concluinte,1,0,Plano D - Sustentabilidade,,1,1,0,
203,Distribuidora Souza Ltda,10000203000121,EPP,RIBEIRAO PRETO,14,Nicolas Vieira,Sustentabilidade,Participante,0,0,,,0,0,1,1.81
204,Distribuidora Silva EIRELI,10000204000128,EPP,CAMPINAS,16,Paulo Cezar,Tecnologia e Inovacao,Participante,0,0,,,0,0,1,53.12
205,Construtora Oeste e Cia,10000205000135,MEI,SOROCABA,13,Mariana Teles,Consultoria Especializada,Participante,0,0,,,0,0,1,33.14
206,Tecnologia Litoral Ltda,10000206000142,EPP,PRESIDENTE PRUDENTE,5,Elisa Rocha,Empreendedorismo Cultural,Participante,0,0,,,0,0,0,
207,Confeccoes Silva ME,10000207000149,MEI,PRESIDENTE PRUDENTE,14,Nicolas Vieira,Sustentabilidade,Participante,0,0,,,0,0,1,4.81
208,Alimentos Silva ME,10000208000156,ME,SAO JOSE DO RIO PRETO,8,Hugo Ramos,Comercio e Servicos,Participante,0,0,,,0,0,1,24.24
209,Comercial Central ME,10000209000163,MEI,ARACATUBA,12,Lucas Barros,Empreendedorismo Cultural,Participante,0,0,,,0,0,1,38.75
210,Distribuidora Litoral EIRELI,10000210000170,ME,BAURU,15,Olivia Prado,Comercio e Servicos,Participante,0,0,,,0,0,1,31.46
211,Comercial Oeste EIRELI,10000211000177,MEDIA,FRANCA,1,Ana Souza,Comercio e Servicos,Sem atendimento,0,0,,,0,0,0,
212,Distribuidora Norte EIRELI,10000212000184,ME,SAO CARLOS,7,Giovana Melo,Sustentabilidade,Participante,0,0,,,0,0,1,-3.39
213,Alimentos Souza e Cia,10000213000191,MEI,CAMPINAS,8,Hugo Ramos,Comercio e Servicos,Participante,0,0,,,0,0,1,17.13
214,Industria Norte ME,10000214000198,ME,SOROCABA,5,Elisa Rocha,Empreendedorismo Cultural,Concluinte,1,0,Plano D - Sustentabilidade,,1,1,0,
215,Industria Silva ME,10000215000105,ME,MARILIA,1,Ana Souza,Comercio e Servicos,Participante,0,0,,,0,0,1,-3.79
216,Comercial Souza ME,10000216000112,MEI,FRANCA,11,Karina Reis,Atendimento ao Cliente,Participante,0,0,,,0,0,0,
217,Transportes Silva Ltda,10000217000119,ME,SOROCABA,14,Nicolas Vieira,Sustentabilidade,Concluinte,1,0,Plano D - Sustentabilidade,,1,1,1,54.53
218,Transportes Norte Ltda,10000218000126,ME,SAO JOSE DO RIO PRETO,12,Lucas Barros,Empreendedorismo Cultural,Concluinte,1,0,Plano D - Sustentabilidade,,1,1,1,46.98
219,Transportes Oeste S.A.,10000219000133,ME,CAMPINAS,2,Bruno Lima,Tecnologia e Inovacao,Sem atendimento,0,0,,,0,0,0,
220,Construtora Central S.A.,10000220000140,ME,SAO CARLOS,2,Bruno Lima,Tecnologia e Inovacao,Concluinte,1,0,Plano D - Sustentabilidade,,1,1,0,
221,Distribuidora Silva ME,10000221000147,ME,MARILIA,15,Olivia Prado,Comercio e Servicos,Participante,0,0,,,0,0,0,
222,Confeccoes Norte e Cia,10000222000154,ME,CAMPINAS,5,Elisa Rocha,Empreendedorismo Cultural,Concluinte,1,0,Plano D - Sustentabilidade,,1,1,0,
223,Papelaria Norte ME,10000223000161,ME,SOROCABA,13,Mariana Teles,Consultoria Especializada,Participante,0,0,,,0,0,1,13.93
224,Distribuidora Litoral Ltda,10000224000168,EPP,FRANCA,14,Nicolas Vieira,Sustentabilidade,Concluinte,1,0,Plano D - Sustentabilidade,,1,1,0,
225,Tecnologia Central EIRELI,10000225000175,MEI,SAO CARLOS,7,Giovana Melo,Sustentabilidade,Participante,0,0,,,0,0,0,
226,Tecnologia Central Ltda,10000226000182,MEI,BAURU,15,Olivia Prado,Comercio e Servicos,Participante,0,0,,,0,0,0,
227,Alimentos Souza S.A.,10000227000189,MEI,CAMPINAS,9,Iara Costa,Tecnologia e Inovacao,Participante,0,0,,,0,0,1,39.22
228,Distribuidora Central Ltda,10000228000196,ME,SAO JOSE DO RIO PRETO,3,Carla Dias,Turismo e Agronegocio,Sem atendimento,0,0,,,0,0,0,
229,Transportes Silva e Cia,10000229000103,MEDIA,MARILIA,5,Elisa Rocha,Empreendedorismo Cultural,Sem atendimento,0,0,,,0,0,0,
230,Distribuidora Central ME,10000230000110,EPP,MARILIA,11,Karina Reis,Atendimento ao Cliente,Participante,0,0,,,0,0,0,
231,Comercial Oeste e Cia,10000231000117,MEI,RIBEIRAO PRETO,14,Nicolas Vieira,Sustentabilidade,Participante,0,0,,,0,0,0,
232,Industria Litoral S.A.,10000232000124,MEI,BAURU,7,Giovana Melo,Sustentabilidade,Concluinte,1,0,Plano C - Parcerias Corporativas,,1,1,0,
233,Transportes Oeste Ltda,10000233000131,ME,SAO JOSE DO RIO PRETO,12,Lucas Barros,Empreendedorismo Cultural,Participante,0,0,,,0,0,0,
234,Tecnologia Norte e Cia,10000234000138,ME,MARILIA,8,Hugo Ramos,Comercio e Servicos,Participante,0,0,,,0,0,1,43.68
235,Papelaria Litoral ME,10000235000145,MEI,SOROCABA,1,Ana Souza,Comercio e Servicos,Participante,0,0,,,0,0,0,
236,Alimentos Oeste Ltda,10000236000152,MEI,SAO CARLOS,10,Joao Pedro,Turismo e Agronegocio,Participante,0,0,,,0,0,0,
237,Distribuidora Souza Ltda,10000237000159,MEI,PRESIDENTE PRUDENTE,13,Mariana Teles,Consultoria Especializada,Participante,0,0,,,0,0,1,31.82
238,Tecnologia Central S.A.,10000238000166,MEI,CAMPINAS,7,Giovana Melo,Sustentabilidade,Participante,0,0,,,0,0,1,27.61
239,Alimentos Norte e Cia,10000239000173,MEI,CAMPINAS,10,Joao Pedro,Turismo e Agronegocio,Concluinte,1,0,Plano B - Projetos Especiais,,1,1,0,
240,Industria Norte Ltda,10000240000180,ME,RIBEIRAO PRETO,5,Elisa Rocha,Empreendedorismo Cultural,Concluinte,1,0,Plano D - Sustentabilidade,,1,1,0,
241,Tecnologia Central e Cia,10000241000187,MEI,ARACATUBA,15,Olivia Prado,Comercio e Servicos,Participante,0,0,,,0,0,0,
242,Transportes Silva ME,10000242000194,MEI,MARILIA,7,Giovana Melo,Sustentabilidade,Participante,0,0,,,0,0,1,20.3
243,Transportes Litoral ME,10000243000101,MEI,RIBEIRAO PRETO,16,Paulo Cezar,Tecnologia e Inovacao,Participante,0,0,,,0,0,1,28.05
244,Comercial Souza ME,10000244000108,EPP,SAO JOSE DO RIO PRETO,2,Bruno Lima,Tecnologia e Inovacao,Participante,0,0,,,0,0,1,43.62
245,Confeccoes Oeste ME,10000245000115,MEI,SAO CARLOS,5,Elisa Rocha,Empreendedorismo Cultural,Participante,0,0,,,0,0,0,
246,Industria Souza S.A.,10000246000122,ME,PRESIDENTE PRUDENTE,14,Nicolas Vieira,Sustentabilidade,Concluinte,1,0,Plano D - Sustentabilidade,,1,1,1,19.14
247,Distribuidora Central Ltda,10000247000129,MEI,CAMPINAS,12,Lucas Barros,Empreendedorismo Cultural,Participante,0,0,,,0,0,1,37.58
248,Alimentos Norte S.A.,10000248000136,ME,SAO JOSE DO RIO PRETO,3,Carla Dias,Turismo e Agronegocio,Participante,0,0,,,0,0,0,
249,Confeccoes Silva S.A.,10000249000143,MEI,SAO JOSE DO RIO PRETO,14,Nicolas Vieira,Sustentabilidade,Participante,0,0,,,0,0,0,
250,Papelaria Central ME,10000250000150,MEI,ARACATUBA,6,Fabio Nunes,Consultoria Especializada,Participante,0,0,,,0,0,0,
251,Servicos Central e Cia,10000251000157,MEI,CAMPINAS,4,Diego Alves,Atendimento ao Cliente,Sem atendimento,0,0,,,0,0,0,
252,Confeccoes Litoral ME,10000252000164,MEI,SAO JOSE DO RIO PRETO,13,Mariana Teles,Consultoria Especializada,Participante,0,0,,,0,0,0,
253,Distribuidora Norte Ltda,10000253000171,ME,RIBEIRAO PRETO,6,Fabio Nunes,Consultoria Especializada,Participante,0,0,,,0,0,0,
254,Alimentos Litoral EIRELI,10000254000178,MEI,SAO JOSE DO RIO PRETO,12,Lucas Barros,Empreendedorismo Cultural,Participante,0,0,,,0,0,0,
255,Servicos Souza e Cia,10000255000185,MEI,BAURU,9,Iara Costa,Tecnologia e Inovacao,Participante,0,0,,,0,0,0,
256,Industria Litoral S.A.,10000256000192,ME,BAURU,3,Carla Dias,Turismo e Agronegocio,Participante,0,0,,,0,0,1,1.26
257,Papelaria Litoral e Cia,10000257000199,MEI,SOROCABA,15,Olivia Prado,Comercio e Servicos,Participante,0,0,,,0,0,0,
258,Industria Central Ltda,10000258000106,ME,RIBEIRAO PRETO,11,Karina Reis,Atendimento ao Cliente,Participante,0,0,,,0,0,0,
259,Confeccoes Norte Ltda,10000259000113,MEI,FRANCA,10,Joao Pedro,Turismo e Agronegocio,Sem atendimento,0,0,,,0,0,0,
260,Construtora Central Ltda,10000260000120,MEI,ARACATUBA,10,Joao Pedro,Turismo e Agronegocio,Participante,0,0,,,0,0,0,
261,Distribuidora Litoral Ltda,10000261000127,ME,ARACATUBA,10,Joao Pedro,Turismo e Agronegocio,Participante,0,0,,,0,0,1,-3.02
262,Construtora Norte e Cia,10000262000134,MEDIA,CAMPINAS,13,Mariana Teles,Consultoria Especializada,Sem atendimento,0,0,,,0,0,0,
263,Construtora Norte EIRELI,10000263000141,MEI,PRESIDENTE PRUDENTE,2,Bruno Lima,Tecnologia e Inovacao,Participante,0,0,,,0,0,0,
264,Comercial Central Ltda,10000264000148,EPP,MARILIA,5,Elisa Rocha,Empreendedorismo Cultural,Participante,0,0,,,0,0,0,
265,Distribuidora Norte EIRELI,10000265000155,MEI,FRANCA,11,Karina Reis,Atendimento ao Cliente,Participante,0,0,,,0,0,0,
266,Construtora Norte e Cia,10000266000162,ME,CAMPINAS,15,Olivia Prado,Comercio e Servicos,Participante,0,0,,,0,0,0,
267,Confeccoes Central S.A.,10000267000169,ME,SAO CARLOS,12,Lucas Barros,Empreendedorismo Cultural,Participante,0,0,,,0,0,0,
268,Alimentos Silva ME,10000268000176,MEI,MARILIA,2,Bruno Lima,Tecnologia e Inovacao,Participante,0,0,,,0,0,1,63.75
269,Confeccoes Oeste e Cia,10000269000183,EPP,SOROCABA,13,Mariana Teles,Consultoria Especializada,Participante,0,0,,,0,0,0,
270,Papelaria Litoral EIRELI,10000270000190,EPP,SOROCABA,3,Carla Dias,Turismo e Agronegocio,Concluinte,1,0,Plano B - Projetos Especiais,,1,1,0,
271,Industria Norte Ltda,10000271000197,MEI,FRANCA,13,Mariana Teles,Consultoria Especializada,Participante,0,0,,,0,0,1,4.1
272,Industria Litoral e Cia,10000272000104,MEI,BAURU,11,Karina Reis,Atendimento ao Cliente,Concluinte,1,0,Plano C - Parcerias Corporativas,,1,1,0,
273,Transportes Oeste Ltda,10000273000111,MEI,MARILIA,14,Nicolas Vieira,Sustentabilidade,Participante,0,0,,,0,0,0,
274,Alimentos Central EIRELI,10000274000118,MEI,FRANCA,7,Giovana Melo,Sustentabilidade,Participante,0,0,,,0,0,1,15.38
275,Distribuidora Oeste Ltda,10000275000125,ME,MARILIA,5,Elisa Rocha,Empreendedorismo Cultural,Participante,0,0,,,0,0,0,
276,Alimentos Norte EIRELI,10000276000132,ME,SAO CARLOS,2,Bruno Lima,Tecnologia e Inovacao,Concluinte,1,0,Plano D - Sustentabilidade,,1,1,0,
277,Industria Litoral e Cia,10000277000139,EPP,SAO CARLOS,6,Fabio Nunes,Consultoria Especializada,Participante,0,0,,,0,0,0,
278,Comercial Central ME,10000278000146,ME,RIBEIRAO PRETO,15,Olivia Prado,Comercio e Servicos,Participante,0,0,,,0,0,0,
279,Papelaria Oeste S.A.,10000279000153,MEI,SAO CARLOS,15,Olivia Prado,Comercio e Servicos,Participante,0,0,,,0,0,0,
280,Construtora Souza ME,10000280000160,ME,RIBEIRAO PRETO,10,Joao Pedro,Turismo e Agronegocio,Concluinte,1,0,Plano D - Sustentabilidade,,1,1,1,6.84
281,Construtora Oeste S.A.,10000281000167,ME,RIBEIRAO PRETO,15,Olivia Prado,Comercio e Servicos,Participante,0,0,,,0,0,1,39.72
282,Servicos Norte EIRELI,10000282000174,EPP,PRESIDENTE PRUDENTE,6,Fabio Nunes,Consultoria Especializada,Participante,0,0,,,0,0,0,
283,Alimentos Norte Ltda,10000283000181,ME,RIBEIRAO PRETO,16,Paulo Cezar,Tecnologia e Inovacao,Participante,0,0,,,0,0,0,
284,Confeccoes Silva EIRELI,10000284000188,MEI,SAO CARLOS,4,Diego Alves,Atendimento ao Cliente,Sem atendimento,0,0,,,0,0,1,39.25
285,Tecnologia Silva EIRELI,10000285000195,EPP,FRANCA,5,Elisa Rocha,Empreendedorismo Cultural,Participante,0,0,,,0,0,0,
286,Comercial Central Ltda,10000286000102,MEI,BAURU,12,Lucas Barros,Empreendedorismo Cultural,Participante,0,0,,,0,0,1,34.43
287,Tecnologia Silva ME,10000287000109,MEI,ARACATUBA,8,Hugo Ramos,Comercio e Servicos,Participante,0,0,,,0,0,0,
288,Alimentos Souza EIRELI,10000288000116,MEI,CAMPINAS,4,Diego Alves,Atendimento ao Cliente,Participante,0,0,,,0,0,1,19.02
289,Industria Litoral S.A.,10000289000123,MEI,FRANCA,16,Paulo Cezar,Tecnologia e Inovacao,Participante,0,0,,,0,0,0,
290,Comercial Oeste EIRELI,10000290000130,EPP,CAMPINAS,3,Carla Dias,Turismo e Agronegocio,Participante,0,0,,,0,0,0,
291,Distribuidora Oeste EIRELI,10000291000137,MEI,ARACATUBA,14,Nicolas Vieira,Sustentabilidade,Participante,0,0,,,0,0,1,23.39
292,Tecnologia Litoral e Cia,10000292000144,ME,RIBEIRAO PRETO,8,Hugo Ramos,Comercio e Servicos,Participante,0,0,,,0,0,0,
293,Papelaria Norte Ltda,10000293000151,ME,RIBEIRAO PRETO,16,Paulo Cezar,Tecnologia e Inovacao,Participante,0,0,,,0,0,0,
294,Industria Oeste S.A.,10000294000158,MEI,SAO CARLOS,8,Hugo Ramos,Comercio e Servicos,Participante,0,0,,,0,0,1,45.66
295,Papelaria Central EIRELI,10000295000165,ME,RIBEIRAO PRETO,8,Hugo Ramos,Comercio e Servicos,Sem atendimento,0,0,,,0,0,1,42.59
296,Distribuidora Norte e Cia,10000296000172,ME,SOROCABA,12,Lucas Barros,Empreendedorismo Cultural,Participante,0,0,,,0,0,1,30.82
297,Tecnologia Central Ltda,10000297000179,ME,RIBEIRAO PRETO,1,Ana Souza,Comercio e Servicos,Participante,0,0,,,0,0,0,
298,Comercial Oeste Ltda,10000298000186,MEI,CAMPINAS,9,Iara Costa,Tecnologia e Inovacao,Participante,0,0,,,0,0,0,
299,Papelaria Litoral ME,10000299000193,MEI,RIBEIRAO PRETO,4,Diego Alves,Atendimento ao Cliente,Concluinte,1,0,Plano B - Projetos Especiais,,1,1,1,21.89
300,Industria Litoral S.A.,10000300000100,MEDIA,FRANCA,11,Karina Reis,Atendimento ao Cliente,Sem atendimento,0,0,,,0,0,1,23.52
301,Industria Silva S.A.,10000301000107,MEI,FRANCA,6,Fabio Nunes,Consultoria Especializada,Participante,0,0,,,0,0,1,33.62
302,Servicos Silva ME,10000302000114,EPP,CAMPINAS,2,Bruno Lima,Tecnologia e Inovacao,Participante,0,0,,,0,0,1,60.23
303,Transportes Central ME,10000303000121,MEI,SOROCABA,13,Mariana Teles,Consultoria Especializada,Participante,0,0,,,0,0,1,4.0
304,Confeccoes Oeste Ltda,10000304000128,EPP,MARILIA,7,Giovana Melo,Sustentabilidade,Concluinte,1,0,Plano D - Sustentabilidade,,1,1,1,-9.67
305,Distribuidora Oeste S.A.,10000305000135,EPP,PRESIDENTE PRUDENTE,9,Iara Costa,Tecnologia e Inovacao,Participante,0,0,,,0,0,0,
306,Tecnologia Oeste EIRELI,10000306000142,ME,RIBEIRAO PRETO,15,Olivia Prado,Comercio e Servicos,Participante,0,0,,,0,0,0,
307,Transportes Oeste Ltda,10000307000149,ME,MARILIA,12,Lucas Barros,Empreendedorismo Cultural,Participante,0,0,,,0,0,0,
308,Papelaria Souza e Cia,10000308000156,MEI,PRESIDENTE PRUDENTE,14,Nicolas Vieira,Sustentabilidade,Participante,0,0,,,0,0,1,49.31
309,Alimentos Litoral ME,10000309000163,MEI,RIBEIRAO PRETO,3,Carla Dias,Turismo e Agronegocio,Participante,0,0,,,0,0,0,
310,Industria Litoral S.A.,10000310000170,MEI,CAMPINAS,14,Nicolas Vieira,Sustentabilidade,Participante,0,0,,,0,0,0,
311,Papelaria Central ME,10000311000177,ME,FRANCA,12,Lucas Barros,Empreendedorismo Cultural,Participante,0,0,,,0,0,1,41.91
312,Distribuidora Litoral S.A.,10000312000184,MEI,FRANCA,2,Bruno Lima,Tecnologia e Inovacao,Participante,0,0,,,0,0,1,20.83
313,Comercial Souza e Cia,10000313000191,ME,RIBEIRAO PRETO,6,Fabio Nunes,Consultoria Especializada,Participante,0,0,,,0,0,0,
314,Industria Silva EIRELI,10000314000198,ME,RIBEIRAO PRETO,2,Bruno Lima,Tecnologia e Inovacao,Sem atendimento,0,0,,,0,0,0,
315,Tecnologia Norte Ltda,10000315000105,ME,BAURU,12,Lucas Barros,Empreendedorismo Cultural,Participante,0,0,,,0,0,0,
316,Alimentos Oeste S.A.,10000316000112,ME,CAMPINAS,15,Olivia Prado,Comercio e Servicos,Participante,0,0,,,0,0,0,
317,Transportes Oeste S.A.,10000317000119,MEI,SOROCABA,5,Elisa Rocha,Empreendedorismo Cultural,Participante,0,0,,,0,0,0,
318,Distribuidora Silva EIRELI,10000318000126,ME,PRESIDENTE PRUDENTE,8,Hugo Ramos,Comercio e Servicos,Participante,0,0,,,0,0,0,
319,Confeccoes Oeste S.A.,10000319000133,MEI,BAURU,4,Diego Alves,Atendimento ao Cliente,Participante,0,0,,,0,0,1,4.84
320,Construtora Souza Ltda,10000320000140,MEI,SOROCABA,10,Joao Pedro,Turismo e Agronegocio,Participante,0,0,,,0,0,0,
321,Industria Litoral S.A.,10000321000147,GRANDE,ARACATUBA,15,Olivia Prado,Comercio e Servicos,Sem atendimento,0,0,,,0,0,0,
322,Alimentos Litoral Ltda,10000322000154,ME,SOROCABA,11,Karina Reis,Atendimento ao Cliente,Participante,0,0,,,0,0,0,
323,Industria Litoral EIRELI,10000323000161,ME,CAMPINAS,10,Joao Pedro,Turismo e Agronegocio,Sem atendimento,0,0,,,0,0,0,
324,Distribuidora Souza EIRELI,10000324000168,MEI,RIBEIRAO PRETO,8,Hugo Ramos,Comercio e Servicos,Participante,0,0,,,0,0,0,
325,Alimentos Norte e Cia,10000325000175,MEI,SOROCABA,1,Ana Souza,Comercio e Servicos,Participante,0,0,,,0,0,1,-9.13
326,Papelaria Silva Ltda,10000326000182,MEI,SOROCABA,5,Elisa Rocha,Empreendedorismo Cultural,Concluinte,1,0,Plano C - Parcerias Corporativas,,1,1,0,
327,Transportes Central S.A.,10000327000189,EPP,ARACATUBA,16,Paulo Cezar,Tecnologia e Inovacao,Participante,0,0,,,0,0,0,
328,Alimentos Litoral Ltda,10000328000196,MEI,ARACATUBA,5,Elisa Rocha,Empreendedorismo Cultural,Participante,0,0,,,0,0,0,
329,Industria Norte e Cia,10000329000103,MEI,BAURU,12,Lucas Barros,Empreendedorismo Cultural,Sem atendimento,0,0,,,0,0,0,
330,Tecnologia Norte Ltda,10000330000110,EPP,FRANCA,5,Elisa Rocha,Empreendedorismo Cultural,Concluinte,1,0,Plano D - Sustentabilidade,,1,1,0,
331,Confeccoes Souza EIRELI,10000331000117,MEI,FRANCA,5,Elisa Rocha,Empreendedorismo Cultural,Participante,0,0,,,0,0,0,
332,Alimentos Norte ME,10000332000124,EPP,SAO JOSE DO RIO PRETO,8,Hugo Ramos,Comercio e Servicos,Sem atendimento,0,0,,,0,0,0,
333,Transportes Oeste EIRELI,10000333000131,ME,ARACATUBA,7,Giovana Melo,Sustentabilidade,Participante,0,0,,,0,0,0,
334,Transportes Litoral EIRELI,10000334000138,ME,SAO JOSE DO RIO PRETO,3,Carla Dias,Turismo e Agronegocio,Participante,0,0,,,0,0,1,5.74
335,Industria Litoral e Cia,10000335000145,ME,ARACATUBA,5,Elisa Rocha,Empreendedorismo Cultural,Sem atendimento,0,0,,,0,0,1,30.97
336,Papelaria Silva Ltda,10000336000152,MEI,BAURU,11,Karina Reis,Atendimento ao Cliente,Participante,0,0,,,0,0,1,9.97
337,Servicos Norte S.A.,10000337000159,ME,BAURU,9,Iara Costa,Tecnologia e Inovacao,Participante,0,0,,,0,0,0,
338,Transportes Oeste ME,10000338000166,ME,BAURU,16,Paulo Cezar,Tecnologia e Inovacao,Participante,0,0,,,0,0,0,
339,Confeccoes Central Ltda,10000339000173,ME,PRESIDENTE PRUDENTE,13,Mariana Teles,Consultoria Especializada,Participante,0,0,,,0,0,1,23.61
340,Tecnologia Central S.A.,10000340000180,MEI,MARILIA,15,Olivia Prado,Comercio e Servicos,Participante,0,0,,,0,0,0,
341,Alimentos Litoral ME,10000341000187,ME,PRESIDENTE PRUDENTE,5,Elisa Rocha,Empreendedorismo Cultural,Participante,0,0,,,0,0,0,
342,Tecnologia Souza ME,10000342000194,ME,MARILIA,12,Lucas Barros,Empreendedorismo Cultural,Participante,0,0,,,0,0,0,
343,Servicos Central Ltda,10000343000101,MEI,PRESIDENTE PRUDENTE,11,Karina Reis,Atendimento ao Cliente,Participante,0,0,,,0,0,0,
344,Distribuidora Silva ME,10000344000108,EPP,RIBEIRAO PRETO,5,Elisa Rocha,Empreendedorismo Cultural,Participante,0,0,,,0,0,0,
345,Servicos Souza ME,10000345000115,EPP,FRANCA,14,Nicolas Vieira,Sustentabilidade,Participante,0,0,,,0,0,0,
346,Servicos Souza S.A.,10000346000122,GRANDE,SOROCABA,11,Karina Reis,Atendimento ao Cliente,Sem atendimento,0,0,,,0,0,0,
347,Confeccoes Central Ltda,10000347000129,MEI,PRESIDENTE PRUDENTE,16,Paulo Cezar,Tecnologia e Inovacao,Participante,0,0,,,0,0,1,8.9
348,Servicos Souza e Cia,10000348000136,MEI,BAURU,15,Olivia Prado,Comercio e Servicos,Participante,0,0,,,0,0,0,
349,Construtora Norte S.A.,10000349000143,MEI,SOROCABA,10,Joao Pedro,Turismo e Agronegocio,Concluinte,1,0,Plano A - Crescimento,,1,1,0,
350,Tecnologia Souza ME,10000350000150,ME,MARILIA,4,Diego Alves,Atendimento ao Cliente,Participante,0,0,,,0,0,0,
351,Alimentos Silva S.A.,10000351000157,MEI,SAO CARLOS,13,Mariana Teles,Consultoria Especializada,Sem atendimento,0,0,,,0,0,1,14.62
352,Alimentos Norte ME,10000352000164,MEI,SAO JOSE DO RIO PRETO,7,Giovana Melo,Sustentabilidade,Sem atendimento,0,0,,,0,0,1,11.57
353,Transportes Oeste e Cia,10000353000171,ME,SOROCABA,15,Olivia Prado,Comercio e Servicos,Concluinte,1,0,Plano D - Sustentabilidade,,1,1,1,15.71
354,Distribuidora Central ME,10000354000178,ME,RIBEIRAO PRETO,5,Elisa Rocha,Empreendedorismo Cultural,Sem atendimento,0,0,,,0,0,0,
355,Industria Souza e Cia,10000355000185,ME,SAO JOSE DO RIO PRETO,12,Lucas Barros,Empreendedorismo Cultural,Participante,0,0,,,0,0,0,
356,Comercial Silva EIRELI,10000356000192,ME,FRANCA,2,Bruno Lima,Tecnologia e Inovacao,Participante,0,0,,,0,0,0,
357,Transportes Central EIRELI,10000357000199,ME,FRANCA,16,Paulo Cezar,Tecnologia e Inovacao,Participante,0,0,,,0,0,0,
358,Alimentos Norte ME,10000358000106,MEI,SAO CARLOS,5,Elisa Rocha,Empreendedorismo Cultural,Participante,0,0,,,0,0,0,
359,Papelaria Oeste e Cia,10000359000113,EPP,RIBEIRAO PRETO,10,Joao Pedro,Turismo e Agronegocio,Participante,0,0,,,0,0,0,
360,Papelaria Oeste S.A.,10000360000120,EPP,BAURU,16,Paulo Cezar,Tecnologia e Inovacao,Participante,0,0,,,0,0,1,-4.81
361,Distribuidora Central e Cia,10000361000127,MEI,SAO CARLOS,11,Karina Reis,Atendimento ao Cliente,Participante,0,0,,,0,0,1,21.67
362,Papelaria Central ME,10000362000134,MEDIA,RIBEIRAO PRETO,1,Ana Souza,Comercio e Servicos,Sem atendimento,0,0,,,0,0,1,23.27
363,Comercial Norte S.A.,10000363000141,MEI,BAURU,8,Hugo Ramos,Comercio e Servicos,Participante,0,0,,,0,0,0,
364,Industria Litoral EIRELI,10000364000148,MEI,CAMPINAS,13,Mariana Teles,Consultoria Especializada,Participante,0,0,,,0,0,0,
365,Servicos Silva S.A.,10000365000155,MEI,ARACATUBA,4,Diego Alves,Atendimento ao Cliente,Participante,0,0,,,0,0,1,34.26
366,Servicos Central e Cia,10000366000162,ME,SAO JOSE DO RIO PRETO,14,Nicolas Vieira,Sustentabilidade,Sem atendimento,0,0,,,0,0,0,
367,Comercial Litoral EIRELI,10000367000169,ME,FRANCA,16,Paulo Cezar,Tecnologia e Inovacao,Participante,0,0,,,0,0,1,42.1
368,Construtora Norte S.A.,10000368000176,MEI,MARILIA,11,Karina Reis,Atendimento ao Cliente,Participante,0,0,,,0,0,0,
369,Transportes Oeste e Cia,10000369000183,MEI,SOROCABA,15,Olivia Prado,Comercio e Servicos,Participante,0,0,,,0,0,0,
370,Papelaria Central EIRELI,10000370000190,MEDIA,FRANCA,9,Iara Costa,Tecnologia e Inovacao,Sem atendimento,0,0,,,0,0,1,-15.0
371,Servicos Oeste ME,10000371000197,ME,CAMPINAS,10,Joao Pedro,Turismo e Agronegocio,Concluinte,1,0,Plano D - Sustentabilidade,,1,1,0,
372,Alimentos Central ME,10000372000104,ME,ARACATUBA,16,Paulo Cezar,Tecnologia e Inovacao,Participante,0,0,,,0,0,0,
373,Confeccoes Silva e Cia,10000373000111,ME,SAO JOSE DO RIO PRETO,9,Iara Costa,Tecnologia e Inovacao,Concluinte,1,0,Plano D - Sustentabilidade,,1,1,0,
374,Alimentos Souza ME,10000374000118,MEI,PRESIDENTE PRUDENTE,13,Mariana Teles,Consultoria Especializada,Concluinte,1,0,Plano A - Crescimento,,1,1,1,56.41
375,Alimentos Central ME,10000375000125,ME,MARILIA,3,Carla Dias,Turismo e Agronegocio,Concluinte,1,0,Plano D - Sustentabilidade,,1,1,0,
376,Transportes Oeste e Cia,10000376000132,ME,PRESIDENTE PRUDENTE,7,Giovana Melo,Sustentabilidade,Participante,0,0,,,0,0,1,0.46
377,Papelaria Litoral e Cia,10000377000139,MEI,RIBEIRAO PRETO,4,Diego Alves,Atendimento ao Cliente,Participante,0,0,,,0,0,1,8.11
378,Servicos Silva Ltda,10000378000146,MEI,SAO JOSE DO RIO PRETO,8,Hugo Ramos,Comercio e Servicos,Participante,0,0,,,0,0,1,-3.47
379,Distribuidora Litoral EIRELI,10000379000153,MEI,SAO CARLOS,16,Paulo Cezar,Tecnologia e Inovacao,Participante,0,0,,,0,0,0,
380,Tecnologia Litoral S.A.,10000380000160,ME,RIBEIRAO PRETO,6,Fabio Nunes,Consultoria Especializada,Participante,0,0,,,0,0,0,
381,Alimentos Oeste Ltda,10000381000167,EPP,RIBEIRAO PRETO,10,Joao Pedro,Turismo e Agronegocio,Participante,0,0,,,0,0,0,
382,Transportes Litoral Ltda,10000382000174,EPP,ARACATUBA,8,Hugo Ramos,Comercio e Servicos,Participante,0,0,,,0,0,1,20.22
383,Industria Silva S.A.,10000383000181,ME,SAO JOSE DO RIO PRETO,14,Nicolas Vieira,Sustentabilidade,Participante,0,0,,,0,0,1,40.22
384,Comercial Silva ME,10000384000188,ME,FRANCA,10,Joao Pedro,Turismo e Agronegocio,Participante,0,0,,,0,0,0,
385,Confeccoes Central e Cia,10000385000195,ME,PRESIDENTE PRUDENTE,11,Karina Reis,Atendimento ao Cliente,Participante,0,0,,,0,0,0,
386,Transportes Central ME,10000386000102,MEI,PRESIDENTE PRUDENTE,5,Elisa Rocha,Empreendedorismo Cultural,Participante,0,0,,,0,0,1,17.86
387,Industria Litoral S.A.,10000387000109,ME,BAURU,11,Karina Reis,Atendimento ao Cliente,Participante,0,0,,,0,0,0,
388,Comercial Litoral ME,10000388000116,ME,SAO JOSE DO RIO PRETO,6,Fabio Nunes,Consultoria Especializada,Participante,0,0,,,0,0,1,40.5
389,Industria Norte S.A.,10000389000123,EPP,FRANCA,7,Giovana Melo,Sustentabilidade,Participante,0,0,,,0,0,1,-12.82
390,Distribuidora Central Ltda,10000390000130,MEI,SAO CARLOS,11,Karina Reis,Atendimento ao Cliente,Participante,0,0,,,0,0,1,17.78
391,Alimentos Souza Ltda,10000391000137,MEI,CAMPINAS,16,Paulo Cezar,Tecnologia e Inovacao,Concluinte,1,0,Plano C - Parcerias Corporativas,,1,1,0,
392,Confeccoes Oeste ME,10000392000144,ME,SAO CARLOS,15,Olivia Prado,Comercio e Servicos,Participante,0,0,,,0,0,0,
393,Confeccoes Litoral ME,10000393000151,ME,ARACATUBA,1,Ana Souza,Comercio e Servicos,Concluinte,1,0,Plano D - Sustentabilidade,,1,1,1,12.53
394,Construtora Oeste EIRELI,10000394000158,MEI,PRESIDENTE PRUDENTE,4,Diego Alves,Atendimento ao Cliente,Participante,0,0,,,0,0,1,32.24
395,Distribuidora Litoral ME,10000395000165,MEI,ARACATUBA,10,Joao Pedro,Turismo e Agronegocio,Participante,0,0,,,0,0,1,4.81
396,Industria Central EIRELI,10000396000172,ME,MARILIA,8,Hugo Ramos,Comercio e Servicos,Participante,0,0,,,0,0,1,11.24
397,Tecnologia Litoral e Cia,10000397000179,EPP,SOROCABA,12,Lucas Barros,Empreendedorismo Cultural,Participante,0,0,,,0,0,1,24.47
398,Servicos Litoral e Cia,10000398000186,EPP,FRANCA,7,Giovana Melo,Sustentabilidade,Participante,0,0,,,0,0,1,-7.78
399,Transportes Litoral ME,10000399000193,MEI,PRESIDENTE PRUDENTE,15,Olivia Prado,Comercio e Servicos,Participante,0,0,,,0,0,0,
400,Comercial Norte e Cia,10000400000100,MEI,BAURU,4,Diego Alves,Atendimento ao Cliente,Participante,0,0,,,0,0,1,-15.0
401,Industria Oeste e Cia,10000401000107,MEI,SOROCABA,5,Elisa Rocha,Empreendedorismo Cultural,Participante,0,0,,,0,0,0,
402,Papelaria Central Ltda,10000402000114,EPP,ARACATUBA,7,Giovana Melo,Sustentabilidade,Participante,0,0,,,0,0,1,9.29
403,Construtora Souza e Cia,10000403000121,MEI,SOROCABA,2,Bruno Lima,Tecnologia e Inovacao,Participante,0,0,,,0,0,0,
404,Transportes Central ME,10000404000128,ME,BAURU,2,Bruno Lima,Tecnologia e Inovacao,Concluinte,1,0,Plano D - Sustentabilidade,,1,1,0,
405,Comercial Litoral EIRELI,10000405000135,ME,BAURU,9,Iara Costa,Tecnologia e Inovacao,Participante,0,0,,,0,0,0,
406,Alimentos Litoral Ltda,10000406000142,ME,CAMPINAS,14,Nicolas Vieira,Sustentabilidade,Concluinte,1,0,Plano D - Sustentabilidade,,1,1,1,18.66
407,Construtora Silva ME,10000407000149,MEI,BAURU,3,Carla Dias,Turismo e Agronegocio,Participante,0,0,,,0,0,0,
408,Tecnologia Oeste S.A.,10000408000156,MEI,MARILIA,5,Elisa Rocha,Empreendedorismo Cultural,Participante,0,0,,,0,0,1,20.87
409,Tecnologia Silva e Cia,10000409000163,MEI,BAURU,13,Mariana Teles,Consultoria Especializada,Participante,0,0,,,0,0,0,
410,Distribuidora Souza e Cia,10000410000170,MEI,BAURU,12,Lucas Barros,Empreendedorismo Cultural,Participante,0,0,,,0,0,0,
411,Comercial Silva ME,10000411000177,ME,MARILIA,8,Hugo Ramos,Comercio e Servicos,Participante,0,0,,,0,0,0,
412,Transportes Central EIRELI,10000412000184,MEI,MARILIA,14,Nicolas Vieira,Sustentabilidade,Participante,0,0,,,0,0,1,54.81
413,Confeccoes Souza Ltda,10000413000191,MEI,SAO JOSE DO RIO PRETO,5,Elisa Rocha,Empreendedorismo Cultural,Participante,0,0,,,0,0,0,
414,Papelaria Silva EIRELI,10000414000198,MEI,SAO JOSE DO RIO PRETO,14,Nicolas Vieira,Sustentabilidade,Concluinte,1,0,Plano C - Parcerias Corporativas,,1,1,1,53.44
415,Construtora Norte Ltda,10000415000105,MEI,CAMPINAS,2,Bruno Lima,Tecnologia e Inovacao,Participante,0,0,,,0,0,0,
416,Construtora Souza e Cia,10000416000112,MEI,ARACATUBA,13,Mariana Teles,Consultoria Especializada,Participante,0,0,,,0,0,0,
417,Industria Norte ME,10000417000119,MEI,ARACATUBA,2,Bruno Lima,Tecnologia e Inovacao,Participante,0,0,,,0,0,1,23.14
418,Papelaria Norte ME,10000418000126,MEI,MARILIA,11,Karina Reis,Atendimento ao Cliente,Participante,0,0,,,0,0,0,
419,Transportes Souza S.A.,10000419000133,MEI,SAO JOSE DO RIO PRETO,5,Elisa Rocha,Empreendedorismo Cultural,Participante,0,0,,,0,0,1,-15.0
420,Tecnologia Norte S.A.,10000420000140,MEI,MARILIA,6,Fabio Nunes,Consultoria Especializada,Participante,0,0,,,0,0,1,-13.89
421,Transportes Oeste S.A.,10000421000147,MEI,RIBEIRAO PRETO,13,Mariana Teles,Consultoria Especializada,Participante,0,0,,,0,0,0,
422,Industria Norte S.A.,10000422000154,MEI,RIBEIRAO PRETO,13,Mariana Teles,Consultoria Especializada,Participante,0,0,,,0,0,0,
423,Industria Central Ltda,10000423000161,ME,SAO JOSE DO RIO PRETO,10,Joao Pedro,Turismo e Agronegocio,Participante,0,0,,,0,0,1,32.39
424,Transportes Norte EIRELI,10000424000168,MEI,SAO JOSE DO RIO PRETO,14,Nicolas Vieira,Sustentabilidade,Participante,0,0,,,0,0,0,
425,Alimentos Litoral Ltda,10000425000175,EPP,CAMPINAS,7,Giovana Melo,Sustentabilidade,Participante,0,0,,,0,0,1,20.17
426,Distribuidora Norte EIRELI,10000426000182,MEI,ARACATUBA,12,Lucas Barros,Empreendedorismo Cultural,Participante,0,0,,,0,0,0,
427,Distribuidora Souza e Cia,10000427000189,ME,SAO JOSE DO RIO PRETO,2,Bruno Lima,Tecnologia e Inovacao,Participante,0,0,,,0,0,0,
428,Construtora Souza ME,10000428000196,MEI,CAMPINAS,7,Giovana Melo,Sustentabilidade,Participante,0,0,,,0,0,0,
429,Servicos Souza Ltda,10000429000103,ME,MARILIA,1,Ana Souza,Comercio e Servicos,Participante,0,0,,,0,0,1,18.6
430,Servicos Litoral e Cia,10000430000110,ME,SOROCABA,16,Paulo Cezar,Tecnologia e Inovacao,Participante,0,0,,,0,0,0,
431,Transportes Oeste ME,10000431000117,MEI,SAO CARLOS,8,Hugo Ramos,Comercio e Servicos,Participante,0,0,,,0,0,1,7.86
432,Confeccoes Oeste ME,10000432000124,ME,MARILIA,12,Lucas Barros,Empreendedorismo Cultural,Participante,0,0,,,0,0,1,53.34
433,Distribuidora Litoral S.A.,10000433000131,ME,BAURU,15,Olivia Prado,Comercio e Servicos,Participante,0,0,,,0,0,0,
434,Alimentos Oeste S.A.,10000434000138,MEI,SAO JOSE DO RIO PRETO,7,Giovana Melo,Sustentabilidade,Participante,0,0,,,0,0,1,33.1
435,Industria Silva ME,10000435000145,ME,ARACATUBA,8,Hugo Ramos,Comercio e Servicos,Participante,0,0,,,0,0,0,
436,Confeccoes Souza EIRELI,10000436000152,MEI,SAO JOSE DO RIO PRETO,14,Nicolas Vieira,Sustentabilidade,Participante,0,0,,,0,0,0,
437,Construtora Norte ME,10000437000159,MEI,BAURU,8,Hugo Ramos,Comercio e Servicos,Participante,0,0,,,0,0,0,
438,Construtora Central EIRELI,10000438000166,ME,SAO CARLOS,16,Paulo Cezar,Tecnologia e Inovacao,Participante,0,0,,,0,0,0,
439,Industria Litoral e Cia,10000439000173,ME,SOROCABA,6,Fabio Nunes,Consultoria Especializada,Participante,0,0,,,0,0,0,
440,Transportes Silva Ltda,10000440000180,EPP,SOROCABA,2,Bruno Lima,Tecnologia e Inovacao,Participante,0,0,,,0,0,1,27.63
441,Comercial Central EIRELI,10000441000187,EPP,SAO CARLOS,2,Bruno Lima,Tecnologia e Inovacao,Participante,0,0,,,0,0,1,67.37
442,Industria Silva EIRELI,10000442000194,ME,CAMPINAS,3,Carla Dias,Turismo e Agronegocio,Participante,0,0,,,0,0,0,
443,Papelaria Litoral e Cia,10000443000101,EPP,ARACATUBA,2,Bruno Lima,Tecnologia e Inovacao,Concluinte,1,0,Plano D - Sustentabilidade,,1,1,0,
444,Comercial Silva e Cia,10000444000108,ME,MARILIA,16,Paulo Cezar,Tecnologia e Inovacao,Participante,0,0,,,0,0,0,
445,Transportes Litoral ME,10000445000115,ME,PRESIDENTE PRUDENTE,1,Ana Souza,Comercio e Servicos,Sem atendimento,0,0,,,0,0,1,11.45
446,Transportes Litoral S.A.,10000446000122,EPP,SAO CARLOS,1,Ana Souza,Comercio e Servicos,Participante,0,0,,,0,0,0,
447,Distribuidora Silva e Cia,10000447000129,MEI,ARACATUBA,6,Fabio Nunes,Consultoria Especializada,Participante,0,0,,,0,0,0,
448,Alimentos Oeste S.A.,10000448000136,MEI,BAURU,9,Iara Costa,Tecnologia e Inovacao,Participante,0,0,,,0,0,1,8.86
449,Construtora Norte EIRELI,10000449000143,GRANDE,RIBEIRAO PRETO,13,Mariana Teles,Consultoria Especializada,Sem atendimento,0,0,,,0,0,0,
450,Distribuidora Litoral Ltda,10000450000150,MEI,SOROCABA,10,Joao Pedro,Turismo e Agronegocio,Participante,0,0,,,0,0,1,10.42
451,Transportes Central Ltda,10000451000157,ME,ARACATUBA,13,Mariana Teles,Consultoria Especializada,Participante,0,0,,,0,0,0,
452,Distribuidora Central S.A.,10000452000164,ME,PRESIDENTE PRUDENTE,6,Fabio Nunes,Consultoria Especializada,Participante,0,0,,,0,0,0,
453,Transportes Silva EIRELI,10000453000171,MEI,MARILIA,4,Diego Alves,Atendimento ao Cliente,Participante,0,1,,Plano B - Projetos Especiais,0,1,0,
454,Confeccoes Silva Ltda,10000454000178,ME,BAURU,16,Paulo Cezar,Tecnologia e Inovacao,Participante,0,0,,,0,0,1,20.2
455,Industria Oeste Ltda,10000455000185,MEDIA,PRESIDENTE PRUDENTE,2,Bruno Lima,Tecnologia e Inovacao,Sem atendimento,0,0,,,0,0,0,
456,Tecnologia Silva ME,10000456000192,MEI,ARACATUBA,5,Elisa Rocha,Empreendedorismo Cultural,Participante,0,0,,,0,0,0,
457,Transportes Oeste S.A.,10000457000199,ME,SAO CARLOS,13,Mariana Teles,Consultoria Especializada,Concluinte,1,0,Plano D - Sustentabilidade,,1,1,0,
458,Transportes Litoral ME,10000458000106,MEI,CAMPINAS,3,Carla Dias,Turismo e Agronegocio,Participante,0,0,,,0,0,1,20.46
459,Distribuidora Oeste e Cia,10000459000113,ME,FRANCA,8,Hugo Ramos,Comercio e Servicos,Sem atendimento,0,0,,,0,0,0,
460,Alimentos Silva ME,10000460000120,ME,FRANCA,13,Mariana Teles,Consultoria Especializada,Participante,0,0,,,0,0,1,25.31
461,Servicos Oeste e Cia,10000461000127,EPP,FRANCA,16,Paulo Cezar,Tecnologia e Inovacao,Sem atendimento,0,0,,,0,0,0,
462,Papelaria Litoral S.A.,10000462000134,MEI,MARILIA,6,Fabio Nunes,Consultoria Especializada,Participante,0,0,,,0,0,0,
463,Servicos Litoral Ltda,10000463000141,MEI,SAO CARLOS,10,Joao Pedro,Turismo e Agronegocio,Participante,0,0,,,0,0,1,-7.52
464,Industria Litoral S.A.,10000464000148,MEI,FRANCA,13,Mariana Teles,Consultoria Especializada,Participante,0,0,,,0,0,0,
465,Comercial Oeste S.A.,10000465000155,MEI,PRESIDENTE PRUDENTE,3,Carla Dias,Turismo e Agronegocio,Participante,0,0,,,0,0,0,
466,Industria Silva EIRELI,10000466000162,MEI,CAMPINAS,4,Diego Alves,Atendimento ao Cliente,Participante,0,0,,,0,0,0,
467,Distribuidora Silva Ltda,10000467000169,MEI,SAO JOSE DO RIO PRETO,14,Nicolas Vieira,Sustentabilidade,Participante,0,0,,,0,0,1,4.65
468,Tecnologia Silva ME,10000468000176,MEI,PRESIDENTE PRUDENTE,11,Karina Reis,Atendimento ao Cliente,Participante,0,0,,,0,0,0,
469,Transportes Souza e Cia,10000469000183,ME,SAO CARLOS,3,Carla Dias,Turismo e Agronegocio,Participante,0,0,,,0,0,0,
470,Industria Souza ME,10000470000190,MEI,BAURU,13,Mariana Teles,Consultoria Especializada,Participante,0,0,,,0,0,1,-5.11
471,Distribuidora Souza S.A.,10000471000197,MEI,SOROCABA,5,Elisa Rocha,Empreendedorismo Cultural,Participante,0,0,,,0,0,1,27.08
472,Distribuidora Oeste ME,10000472000104,EPP,MARILIA,16,Paulo Cezar,Tecnologia e Inovacao,Participante,0,0,,,0,0,0,
473,Papelaria Norte EIRELI,10000473000111,ME,CAMPINAS,16,Paulo Cezar,Tecnologia e Inovacao,Participante,0,0,,,0,0,0,
474,Comercial Central ME,10000474000118,EPP,RIBEIRAO PRETO,10,Joao Pedro,Turismo e Agronegocio,Participante,0,0,,,0,0,1,21.02
475,Construtora Oeste S.A.,10000475000125,EPP,FRANCA,11,Karina Reis,Atendimento ao Cliente,Concluinte,1,0,Plano D - Sustentabilidade,,1,1,1,17.7
476,Confeccoes Oeste e Cia,10000476000132,EPP,ARACATUBA,5,Elisa Rocha,Empreendedorismo Cultural,Participante,0,0,,,0,0,0,
477,Alimentos Souza S.A.,10000477000139,MEDIA,CAMPINAS,16,Paulo Cezar,Tecnologia e Inovacao,Sem atendimento,0,0,,,0,0,0,
478,Papelaria Souza ME,10000478000146,MEI,FRANCA,16,Paulo Cezar,Tecnologia e Inovacao,Participante,0,0,,,0,0,0,
479,Alimentos Silva e Cia,10000479000153,MEI,SOROCABA,13,Mariana Teles,Consultoria Especializada,Participante,0,0,,,0,0,0,
480,Transportes Silva S.A.,10000480000160,EPP,FRANCA,6,Fabio Nunes,Consultoria Especializada,Participante,0,0,,,0,0,0,
481,Confeccoes Litoral Ltda,10000481000167,EPP,MARILIA,15,Olivia Prado,Comercio e Servicos,Participante,0,0,,,0,0,1,49.56
482,Construtora Souza ME,10000482000174,MEI,PRESIDENTE PRUDENTE,14,Nicolas Vieira,Sustentabilidade,Participante,0,0,,,0,0,1,9.75
483,Tecnologia Central Ltda,10000483000181,MEI,FRANCA,5,Elisa Rocha,Empreendedorismo Cultural,Participante,0,0,,,0,0,0,
484,Papelaria Central e Cia,10000484000188,ME,CAMPINAS,16,Paulo Cezar,Tecnologia e Inovacao,Sem atendimento,0,0,,,0,0,0,
485,Transportes Silva ME,10000485000195,ME,SAO JOSE DO RIO PRETO,14,Nicolas Vieira,Sustentabilidade,Participante,0,0,,,0,0,0,
486,Distribuidora Souza ME,10000486000102,MEI,MARILIA,3,Carla Dias,Turismo e Agronegocio,Participante,0,0,,,0,0,0,
487,Papelaria Litoral S.A.,10000487000109,MEDIA,PRESIDENTE PRUDENTE,2,Bruno Lima,Tecnologia e Inovacao,Sem atendimento,0,0,,,0,0,1,17.5
488,Distribuidora Silva Ltda,10000488000116,MEI,MARILIA,14,Nicolas Vieira,Sustentabilidade,Participante,0,0,,,0,0,0,
489,Construtora Oeste S.A.,10000489000123,ME,PRESIDENTE PRUDENTE,8,Hugo Ramos,Comercio e Servicos,Participante,0,0,,,0,0,0,
490,Alimentos Silva S.A.,10000490000130,MEI,MARILIA,5,Elisa Rocha,Empreendedorismo Cultural,Participante,0,0,,,0,0,1,26.31
491,Distribuidora Litoral EIRELI,10000491000137,MEI,SAO JOSE DO RIO PRETO,3,Carla Dias,Turismo e Agronegocio,Participante,0,0,,,0,0,1,22.8
492,Servicos Norte S.A.,10000492000144,MEI,PRESIDENTE PRUDENTE,15,Olivia Prado,Comercio e Servicos,Participante,0,1,,Plano C - Parcerias Corporativas,0,1,0,
493,Construtora Oeste Ltda,10000493000151,MEI,RIBEIRAO PRETO,15,Olivia Prado,Comercio e Servicos,Participante,0,0,,,0,0,1,22.62
494,Comercial Oeste Ltda,10000494000158,ME,ARACATUBA,4,Diego Alves,Atendimento ao Cliente,Participante,0,0,,,0,0,1,27.16
495,Transportes Souza e Cia,10000495000165,MEI,CAMPINAS,8,Hugo Ramos,Comercio e Servicos,Participante,0,0,,,0,0,0,
496,Construtora Souza S.A.,10000496000172,ME,RIBEIRAO PRETO,14,Nicolas Vieira,Sustentabilidade,Participante,0,0,,,0,0,0,
497,Tecnologia Silva e Cia,10000497000179,EPP,SOROCABA,14,Nicolas Vieira,Sustentabilidade,Concluinte,1,0,Plano D - Sustentabilidade,,1,1,1,13.89
498,Tecnologia Silva EIRELI,10000498000186,MEI,FRANCA,14,Nicolas Vieira,Sustentabilidade,Sem atendimento,0,0,,,0,0,1,22.32
499,Papelaria Silva e Cia,10000499000193,MEI,FRANCA,3,Carla Dias,Turismo e Agronegocio,Sem atendimento,0,0,,,0,0,1,39.15
500,Construtora Silva ME,10000500000100,ME,RIBEIRAO PRETO,7,Giovana Melo,Sustentabilidade,Participante,0,0,,,0,0,0,
501,Papelaria Central e Cia,10000501000107,MEI,SOROCABA,11,Karina Reis,Atendimento ao Cliente,Participante,0,0,,,0,0,0,
502,Alimentos Central e Cia,10000502000114,MEI,SAO JOSE DO RIO PRETO,12,Lucas Barros,Empreendedorismo Cultural,Participante,0,0,,,0,0,0,
503,Papelaria Norte Ltda,10000503000121,ME,PRESIDENTE PRUDENTE,10,Joao Pedro,Turismo e Agronegocio,Participante,0,0,,,0,0,0,
504,Servicos Oeste Ltda,10000504000128,MEI,MARILIA,4,Diego Alves,Atendimento ao Cliente,Participante,0,0,,,0,0,1,38.32
505,Transportes Central S.A.,10000505000135,ME,CAMPINAS,5,Elisa Rocha,Empreendedorismo Cultural,Concluinte,1,0,Plano D - Sustentabilidade,,1,1,0,
506,Tecnologia Souza S.A.,10000506000142,ME,PRESIDENTE PRUDENTE,13,Mariana Teles,Consultoria Especializada,Concluinte,1,0,Plano B - Projetos Especiais,,1,1,0,
507,Transportes Souza S.A.,10000507000149,MEI,MARILIA,6,Fabio Nunes,Consultoria Especializada,Participante,0,0,,,0,0,1,12.76
508,Construtora Norte Ltda,10000508000156,EPP,PRESIDENTE PRUDENTE,11,Karina Reis,Atendimento ao Cliente,Concluinte,1,0,Plano D - Sustentabilidade,,1,1,1,28.71
509,Construtora Souza EIRELI,10000509000163,EPP,RIBEIRAO PRETO,1,Ana Souza,Comercio e Servicos,Participante,0,0,,,0,0,0,
510,Tecnologia Litoral S.A.,10000510000170,MEI,BAURU,16,Paulo Cezar,Tecnologia e Inovacao,Participante,0,0,,,0,0,1,41.14
511,Construtora Souza Ltda,10000511000177,ME,BAURU,15,Olivia Prado,Comercio e Servicos,Concluinte,1,0,Plano A - Crescimento,,1,1,0,
512,Confeccoes Silva ME,10000512000184,MEI,FRANCA,8,Hugo Ramos,Comercio e Servicos,Participante,0,0,,,0,0,1,11.04
513,Construtora Norte S.A.,10000513000191,ME,SOROCABA,6,Fabio Nunes,Consultoria Especializada,Participante,0,0,,,0,0,1,39.69
514,Confeccoes Norte ME,10000514000198,ME,SOROCABA,4,Diego Alves,Atendimento ao Cliente,Concluinte,1,0,Plano D - Sustentabilidade,,1,1,0,
515,Construtora Norte EIRELI,10000515000105,MEDIA,SOROCABA,2,Bruno Lima,Tecnologia e Inovacao,Sem atendimento,0,0,,,0,0,0,
516,Confeccoes Silva S.A.,10000516000112,MEI,MARILIA,8,Hugo Ramos,Comercio e Servicos,Participante,0,0,,,0,0,1,19.93
517,Construtora Silva EIRELI,10000517000119,MEI,MARILIA,3,Carla Dias,Turismo e Agronegocio,Participante,0,0,,,0,0,0,
518,Papelaria Litoral S.A.,10000518000126,MEI,ARACATUBA,12,Lucas Barros,Empreendedorismo Cultural,Participante,0,0,,,0,0,1,20.22
519,Servicos Silva e Cia,10000519000133,MEI,RIBEIRAO PRETO,7,Giovana Melo,Sustentabilidade,Participante,0,0,,,0,0,1,19.78
520,Alimentos Litoral ME,10000520000140,MEI,SAO CARLOS,6,Fabio Nunes,Consultoria Especializada,Sem atendimento,0,0,,,0,0,1,-15.0
521,Industria Central Ltda,10000521000147,GRANDE,SAO CARLOS,4,Diego Alves,Atendimento ao Cliente,Sem atendimento,0,0,,,0,0,0,
522,Industria Souza EIRELI,10000522000154,ME,PRESIDENTE PRUDENTE,5,Elisa Rocha,Empreendedorismo Cultural,Concluinte,1,0,Plano D - Sustentabilidade,,1,1,1,35.72
523,Tecnologia Central EIRELI,10000523000161,ME,FRANCA,8,Hugo Ramos,Comercio e Servicos,Sem atendimento,0,0,,,0,0,0,
524,Tecnologia Central Ltda,10000524000168,ME,MARILIA,14,Nicolas Vieira,Sustentabilidade,Participante,0,0,,,0,0,1,51.56
525,Tecnologia Norte ME,10000525000175,ME,CAMPINAS,3,Carla Dias,Turismo e Agronegocio,Participante,0,0,,,0,0,0,
526,Construtora Central ME,10000526000182,ME,MARILIA,12,Lucas Barros,Empreendedorismo Cultural,Participante,0,0,,,0,0,1,21.18
527,Construtora Litoral ME,10000527000189,EPP,CAMPINAS,3,Carla Dias,Turismo e Agronegocio,Participante,0,0,,,0,0,0,
528,Servicos Central EIRELI,10000528000196,ME,SAO CARLOS,13,Mariana Teles,Consultoria Especializada,Participante,0,0,,,0,0,1,54.78
529,Alimentos Norte e Cia,10000529000103,MEI,CAMPINAS,10,Joao Pedro,Turismo e Agronegocio,Participante,0,0,,,0,0,1,-4.82
530,Alimentos Litoral Ltda,10000530000110,MEI,SAO CARLOS,16,Paulo Cezar,Tecnologia e Inovacao,Participante,0,0,,,0,0,0,
531,Comercial Silva EIRELI,10000531000117,MEI,CAMPINAS,15,Olivia Prado,Comercio e Servicos,Participante,0,0,,,0,0,0,
532,Servicos Litoral EIRELI,10000532000124,EPP,BAURU,14,Nicolas Vieira,Sustentabilidade,Participante,0,0,,,0,0,1,23.78
533,Confeccoes Silva ME,10000533000131,MEI,MARILIA,6,Fabio Nunes,Consultoria Especializada,Participante,0,0,,,0,0,0,
534,Comercial Central ME,10000534000138,ME,ARACATUBA,6,Fabio Nunes,Consultoria Especializada,Concluinte,1,0,Plano D - Sustentabilidade,,1,1,1,41.83
535,Tecnologia Litoral Ltda,10000535000145,ME,ARACATUBA,8,Hugo Ramos,Comercio e Servicos,Participante,0,0,,,0,0,0,
536,Construtora Silva EIRELI,10000536000152,ME,MARILIA,7,Giovana Melo,Sustentabilidade,Concluinte,1,0,Plano D - Sustentabilidade,,1,1,1,19.86
537,Comercial Silva ME,10000537000159,EPP,RIBEIRAO PRETO,15,Olivia Prado,Comercio e Servicos,Participante,0,0,,,0,0,0,
538,Industria Central Ltda,10000538000166,MEI,FRANCA,14,Nicolas Vieira,Sustentabilidade,Participante,0,0,,,0,0,0,
539,Distribuidora Oeste ME,10000539000173,EPP,SAO CARLOS,4,Diego Alves,Atendimento ao Cliente,Participante,0,0,,,0,0,0,
540,Industria Litoral EIRELI,10000540000180,MEI,BAURU,13,Mariana Teles,Consultoria Especializada,Participante,0,0,,,0,0,0,
541,Papelaria Litoral EIRELI,10000541000187,MEI,ARACATUBA,1,Ana Souza,Comercio e Servicos,Participante,0,0,,,0,0,1,-1.48
542,Industria Central e Cia,10000542000194,ME,SOROCABA,7,Giovana Melo,Sustentabilidade,Participante,0,0,,,0,0,0,
543,Distribuidora Silva EIRELI,10000543000101,ME,SAO CARLOS,7,Giovana Melo,Sustentabilidade,Participante,0,0,,,0,0,0,
544,Alimentos Central ME,10000544000108,ME,RIBEIRAO PRETO,13,Mariana Teles,Consultoria Especializada,Participante,0,0,,,0,0,1,42.72
545,Distribuidora Souza e Cia,10000545000115,ME,SAO CARLOS,9,Iara Costa,Tecnologia e Inovacao,Participante,0,0,,,0,0,0,
546,Comercial Litoral ME,10000546000122,MEI,MARILIA,10,Joao Pedro,Turismo e Agronegocio,Sem atendimento,0,0,,,0,0,0,
547,Tecnologia Oeste Ltda,10000547000129,ME,SAO JOSE DO RIO PRETO,7,Giovana Melo,Sustentabilidade,Participante,0,0,,,0,0,0,
548,Construtora Central Ltda,10000548000136,MEI,SOROCABA,8,Hugo Ramos,Comercio e Servicos,Participante,0,0,,,0,0,0,
549,Transportes Silva ME,10000549000143,EPP,FRANCA,3,Carla Dias,Turismo e Agronegocio,Participante,0,0,,,0,0,0,
550,Papelaria Central ME,10000550000150,ME,RIBEIRAO PRETO,13,Mariana Teles,Consultoria Especializada,Participante,0,0,,,0,0,1,56.19
551,Distribuidora Silva e Cia,10000551000157,MEI,SAO JOSE DO RIO PRETO,16,Paulo Cezar,Tecnologia e Inovacao,Participante,0,0,,,0,0,1,33.39
552,Comercial Silva S.A.,10000552000164,ME,MARILIA,7,Giovana Melo,Sustentabilidade,Concluinte,1,0,Plano C - Parcerias Corporativas,,1,1,0,
553,Tecnologia Litoral S.A.,10000553000171,MEI,CAMPINAS,14,Nicolas Vieira,Sustentabilidade,Concluinte,1,0,Plano B - Projetos Especiais,,1,1,0,
554,Confeccoes Silva ME,10000554000178,MEI,SAO JOSE DO RIO PRETO,5,Elisa Rocha,Empreendedorismo Cultural,Participante,0,0,,,0,0,0,
555,Industria Norte ME,10000555000185,MEI,PRESIDENTE PRUDENTE,7,Giovana Melo,Sustentabilidade,Participante,0,0,,,0,0,0,
556,Confeccoes Litoral S.A.,10000556000192,ME,CAMPINAS,3,Carla Dias,Turismo e Agronegocio,Participante,0,0,,,0,0,0,
557,Comercial Souza Ltda,10000557000199,EPP,ARACATUBA,8,Hugo Ramos,Comercio e Servicos,Concluinte,1,0,Plano D - Sustentabilidade,,1,1,0,
558,Papelaria Norte Ltda,10000558000106,MEI,SOROCABA,15,Olivia Prado,Comercio e Servicos,Participante,0,0,,,0,0,1,46.41
559,Distribuidora Silva EIRELI,10000559000113,ME,FRANCA,6,Fabio Nunes,Consultoria Especializada,Participante,0,0,,,0,0,1,-9.28
560,Alimentos Norte e Cia,10000560000120,ME,FRANCA,16,Paulo Cezar,Tecnologia e Inovacao,Concluinte,1,0,Plano D - Sustentabilidade,,1,1,0,
561,Industria Oeste EIRELI,10000561000127,ME,SAO JOSE DO RIO PRETO,9,Iara Costa,Tecnologia e Inovacao,Participante,0,0,,,0,0,0,
562,Distribuidora Silva ME,10000562000134,EPP,SAO CARLOS,9,Iara Costa,Tecnologia e Inovacao,Participante,0,0,,,0,0,0,
563,Confeccoes Litoral e Cia,10000563000141,ME,PRESIDENTE PRUDENTE,3,Carla Dias,Turismo e Agronegocio,Participante,0,0,,,0,0,0,
564,Transportes Oeste Ltda,10000564000148,ME,FRANCA,15,Olivia Prado,Comercio e Servicos,Participante,0,0,,,0,0,1,13.36
565,Alimentos Souza ME,10000565000155,ME,MARILIA,6,Fabio Nunes,Consultoria Especializada,Concluinte,1,0,Plano D - Sustentabilidade,,1,1,0,
566,Servicos Litoral e Cia,10000566000162,MEI,RIBEIRAO PRETO,4,Diego Alves,Atendimento ao Cliente,Participante,0,0,,,0,0,0,
567,Servicos Silva S.A.,10000567000169,MEI,MARILIA,1,Ana Souza,Comercio e Servicos,Concluinte,1,0,Plano B - Projetos Especiais,,1,1,0,
568,Industria Silva e Cia,10000568000176,EPP,PRESIDENTE PRUDENTE,5,Elisa Rocha,Empreendedorismo Cultural,Participante,0,0,,,0,0,1,-15.0
569,Servicos Oeste EIRELI,10000569000183,MEI,PRESIDENTE PRUDENTE,14,Nicolas Vieira,Sustentabilidade,Sem atendimento,0,0,,,0,0,1,22.75
570,Confeccoes Silva e Cia,10000570000190,MEI,SAO CARLOS,11,Karina Reis,Atendimento ao Cliente,Participante,0,0,,,0,0,0,
571,Industria Souza e Cia,10000571000197,MEDIA,PRESIDENTE PRUDENTE,2,Bruno Lima,Tecnologia e Inovacao,Sem atendimento,0,0,,,0,0,1,12.98
572,Distribuidora Central ME,10000572000104,ME,PRESIDENTE PRUDENTE,13,Mariana Teles,Consultoria Especializada,Participante,0,0,,,0,0,0,
573,Distribuidora Norte S.A.,10000573000111,MEI,CAMPINAS,11,Karina Reis,Atendimento ao Cliente,Participante,0,0,,,0,0,0,
574,Papelaria Oeste e Cia,10000574000118,MEI,BAURU,10,Joao Pedro,Turismo e Agronegocio,Participante,0,0,,,0,0,0,
575,Servicos Litoral e Cia,10000575000125,ME,MARILIA,16,Paulo Cezar,Tecnologia e Inovacao,Concluinte,1,0,Plano D - Sustentabilidade,,1,1,1,31.8
576,Comercial Central Ltda,10000576000132,MEI,RIBEIRAO PRETO,5,Elisa Rocha,Empreendedorismo Cultural,Participante,0,0,,,0,0,0,
577,Alimentos Silva S.A.,10000577000139,EPP,MARILIA,1,Ana Souza,Comercio e Servicos,Participante,0,0,,,0,0,0,
578,Distribuidora Souza e Cia,10000578000146,MEDIA,CAMPINAS,10,Joao Pedro,Turismo e Agronegocio,Sem atendimento,0,0,,,0,0,1,34.7
579,Comercial Souza ME,10000579000153,MEI,RIBEIRAO PRETO,16,Paulo Cezar,Tecnologia e Inovacao,Participante,0,0,,,0,0,0,
580,Transportes Central ME,10000580000160,ME,PRESIDENTE PRUDENTE,8,Hugo Ramos,Comercio e Servicos,Participante,0,0,,,0,0,0,
581,Papelaria Silva e Cia,10000581000167,MEI,SAO CARLOS,3,Carla Dias,Turismo e Agronegocio,Participante,0,0,,,0,0,1,39.75
582,Distribuidora Norte e Cia,10000582000174,MEI,SAO JOSE DO RIO PRETO,13,Mariana Teles,Consultoria Especializada,Participante,0,0,,,0,0,0,
583,Servicos Oeste ME,10000583000181,EPP,BAURU,5,Elisa Rocha,Empreendedorismo Cultural,Sem atendimento,0,0,,,0,0,0,
584,Alimentos Oeste S.A.,10000584000188,MEI,PRESIDENTE PRUDENTE,13,Mariana Teles,Consultoria Especializada,Sem atendimento,0,0,,,0,0,1,-2.59
585,Industria Norte Ltda,10000585000195,MEI,SOROCABA,7,Giovana Melo,Sustentabilidade,Participante,0,0,,,0,0,1,-1.81
586,Construtora Oeste S.A.,10000586000102,MEI,BAURU,15,Olivia Prado,Comercio e Servicos,Participante,0,0,,,0,0,0,
587,Construtora Oeste S.A.,10000587000109,MEI,CAMPINAS,7,Giovana Melo,Sustentabilidade,Sem atendimento,0,0,,,0,0,0,
588,Industria Litoral ME,10000588000116,EPP,PRESIDENTE PRUDENTE,3,Carla Dias,Turismo e Agronegocio,Participante,0,0,,,0,0,0,
589,Servicos Oeste EIRELI,10000589000123,MEI,SAO CARLOS,2,Bruno Lima,Tecnologia e Inovacao,Participante,0,0,,,0,0,1,9.4
590,Tecnologia Norte Ltda,10000590000130,ME,MARILIA,12,Lucas Barros,Empreendedorismo Cultural,Participante,0,0,,,0,0,0,
591,Comercial Central S.A.,10000591000137,ME,BAURU,6,Fabio Nunes,Consultoria Especializada,Participante,0,0,,,0,0,0,
592,Distribuidora Central Ltda,10000592000144,EPP,ARACATUBA,8,Hugo Ramos,Comercio e Servicos,Participante,0,0,,,0,0,0,
593,Comercial Silva EIRELI,10000593000151,MEI,PRESIDENTE PRUDENTE,4,Diego Alves,Atendimento ao Cliente,Participante,0,0,,,0,0,1,8.41
594,Alimentos Litoral Ltda,10000594000158,ME,ARACATUBA,13,Mariana Teles,Consultoria Especializada,Participante,0,0,,,0,0,1,36.86
595,Comercial Silva EIRELI,10000595000165,EPP,SOROCABA,3,Carla Dias,Turismo e Agronegocio,Participante,0,0,,,0,0,1,4.04
596,Distribuidora Oeste Ltda,10000596000172,MEI,FRANCA,5,Elisa Rocha,Empreendedorismo Cultural,Participante,0,0,,,0,0,0,
597,Industria Norte S.A.,10000597000179,EPP,SAO CARLOS,2,Bruno Lima,Tecnologia e Inovacao,Concluinte,1,0,Plano D - Sustentabilidade,,1,1,1,27.13
598,Comercial Central S.A.,10000598000186,MEI,CAMPINAS,16,Paulo Cezar,Tecnologia e Inovacao,Participante,0,0,,,0,0,0,
599,Confeccoes Oeste S.A.,10000599000193,EPP,BAURU,6,Fabio Nunes,Consultoria Especializada,Participante,0,0,,,0,0,1,30.36
600,Confeccoes Central S.A.,10000600000100,EPP,CAMPINAS,8,Hugo Ramos,Comercio e Servicos,Sem atendimento,0,0,,,0,0,0,
601,Distribuidora Oeste S.A.,10000601000107,MEI,BAURU,2,Bruno Lima,Tecnologia e Inovacao,Participante,0,0,,,0,0,1,4.67
602,Transportes Silva S.A.,10000602000114,ME,SAO JOSE DO RIO PRETO,8,Hugo Ramos,Comercio e Servicos,Concluinte,1,0,Plano D - Sustentabilidade,,1,1,0,
603,Transportes Central ME,10000603000121,EPP,PRESIDENTE PRUDENTE,16,Paulo Cezar,Tecnologia e Inovacao,Participante,0,0,,,0,0,1,22.0
604,Tecnologia Oeste EIRELI,10000604000128,MEI,CAMPINAS,11,Karina Reis,Atendimento ao Cliente,Participante,0,0,,,0,0,0,
605,Comercial Oeste Ltda,10000605000135,EPP,FRANCA,8,Hugo Ramos,Comercio e Servicos,Participante,0,0,,,0,0,1,20.79
606,Papelaria Souza EIRELI,10000606000142,MEI,SAO JOSE DO RIO PRETO,12,Lucas Barros,Empreendedorismo Cultural,Participante,0,0,,,0,0,0,
607,Confeccoes Norte Ltda,10000607000149,ME,MARILIA,8,Hugo Ramos,Comercio e Servicos,Sem atendimento,0,0,,,0,0,0,
608,Papelaria Central ME,10000608000156,EPP,MARILIA,8,Hugo Ramos,Comercio e Servicos,Participante,0,0,,,0,0,1,30.86
609,Industria Souza e Cia,10000609000163,MEI,RIBEIRAO PRETO,6,Fabio Nunes,Consultoria Especializada,Participante,0,0,,,0,0,0,
610,Papelaria Silva ME,10000610000170,EPP,SOROCABA,12,Lucas Barros,Empreendedorismo Cultural,Participante,0,0,,,0,0,1,-15.0
611,Papelaria Souza S.A.,10000611000177,ME,BAURU,5,Elisa Rocha,Empreendedorismo Cultural,Participante,0,0,,,0,0,1,24.89
612,Comercial Silva Ltda,10000612000184,MEI,RIBEIRAO PRETO,16,Paulo Cezar,Tecnologia e Inovacao,Participante,0,0,,,0,0,0,
613,Transportes Central Ltda,10000613000191,MEI,SOROCABA,1,Ana Souza,Comercio e Servicos,Participante,0,0,,,0,0,0,
614,Industria Oeste EIRELI,10000614000198,EPP,MARILIA,7,Giovana Melo,Sustentabilidade,Participante,0,0,,,0,0,1,-2.44
615,Comercial Silva EIRELI,10000615000105,ME,CAMPINAS,11,Karina Reis,Atendimento ao Cliente,Participante,0,0,,,0,0,0,
616,Distribuidora Norte ME,10000616000112,MEDIA,SOROCABA,5,Elisa Rocha,Empreendedorismo Cultural,Sem atendimento,0,0,,,0,0,0,
617,Papelaria Silva ME,10000617000119,MEI,BAURU,13,Mariana Teles,Consultoria Especializada,Participante,0,0,,,0,0,1,24.72
618,Tecnologia Litoral S.A.,10000618000126,ME,ARACATUBA,6,Fabio Nunes,Consultoria Especializada,Participante,0,0,,,0,0,1,11.96
619,Servicos Litoral e Cia,10000619000133,EPP,SAO CARLOS,12,Lucas Barros,Empreendedorismo Cultural,Participante,0,0,,,0,0,1,4.39
620,Confeccoes Souza EIRELI,10000620000140,ME,SOROCABA,10,Joao Pedro,Turismo e Agronegocio,Concluinte,1,0,Plano D - Sustentabilidade,,1,1,0,
621,Papelaria Silva EIRELI,10000621000147,ME,SOROCABA,13,Mariana Teles,Consultoria Especializada,Participante,0,0,,,0,0,1,11.03
622,Papelaria Silva S.A.,10000622000154,MEI,FRANCA,8,Hugo Ramos,Comercio e Servicos,Participante,0,0,,,0,0,1,29.5
623,Servicos Oeste ME,10000623000161,MEI,RIBEIRAO PRETO,3,Carla Dias,Turismo e Agronegocio,Participante,0,0,,,0,0,0,
624,Alimentos Central Ltda,10000624000168,MEI,SAO CARLOS,3,Carla Dias,Turismo e Agronegocio,Participante,0,0,,,0,0,1,-2.69
625,Alimentos Oeste Ltda,10000625000175,ME,SOROCABA,3,Carla Dias,Turismo e Agronegocio,Participante,0,0,,,0,0,0,
626,Construtora Litoral S.A.,10000626000182,MEDIA,ARACATUBA,13,Mariana Teles,Consultoria Especializada,Sem atendimento,0,0,,,0,0,0,
627,Construtora Central ME,10000627000189,ME,CAMPINAS,14,Nicolas Vieira,Sustentabilidade,Participante,0,0,,,0,0,1,17.27
628,Papelaria Litoral EIRELI,10000628000196,MEI,CAMPINAS,16,Paulo Cezar,Tecnologia e Inovacao,Participante,0,0,,,0,0,0,
629,Confeccoes Silva ME,10000629000103,MEI,FRANCA,2,Bruno Lima,Tecnologia e Inovacao,Participante,0,0,,,0,0,0,
630,Alimentos Souza S.A.,10000630000110,MEI,BAURU,3,Carla Dias,Turismo e Agronegocio,Participante,0,0,,,0,0,0,
631,Alimentos Norte e Cia,10000631000117,EPP,SAO JOSE DO RIO PRETO,3,Carla Dias,Turismo e Agronegocio,Participante,0,0,,,0,0,0,
632,Tecnologia Litoral EIRELI,10000632000124,ME,ARACATUBA,1,Ana Souza,Comercio e Servicos,Participante,0,0,,,0,0,0,
633,Comercial Silva ME,10000633000131,MEI,SAO CARLOS,6,Fabio Nunes,Consultoria Especializada,Participante,0,0,,,0,0,0,
634,Transportes Litoral e Cia,10000634000138,MEI,MARILIA,14,Nicolas Vieira,Sustentabilidade,Participante,0,0,,,0,0,1,50.86
635,Servicos Silva Ltda,10000635000145,MEI,BAURU,10,Joao Pedro,Turismo e Agronegocio,Participante,0,0,,,0,0,0,
636,Industria Silva ME,10000636000152,MEI,FRANCA,16,Paulo Cezar,Tecnologia e Inovacao,Participante,0,0,,,0,0,1,48.01
637,Papelaria Central EIRELI,10000637000159,MEI,MARILIA,10,Joao Pedro,Turismo e Agronegocio,Participante,0,0,,,0,0,0,
638,Confeccoes Silva S.A.,10000638000166,EPP,BAURU,6,Fabio Nunes,Consultoria Especializada,Concluinte,1,0,Plano D - Sustentabilidade,,1,1,0,
639,Construtora Central ME,10000639000173,MEI,BAURU,13,Mariana Teles,Consultoria Especializada,Participante,0,0,,,0,0,1,32.27
640,Industria Oeste S.A.,10000640000180,MEI,SAO JOSE DO RIO PRETO,13,Mariana Teles,Consultoria Especializada,Concluinte,1,0,Plano B - Projetos Especiais,,1,1,0,
641,Confeccoes Central S.A.,10000641000187,MEI,PRESIDENTE PRUDENTE,2,Bruno Lima,Tecnologia e Inovacao,Participante,0,0,,,0,0,1,-7.54
642,Papelaria Silva EIRELI,10000642000194,ME,SOROCABA,9,Iara Costa,Tecnologia e Inovacao,Participante,0,0,,,0,0,1,35.86
643,Distribuidora Litoral ME,10000643000101,EPP,FRANCA,4,Diego Alves,Atendimento ao Cliente,Concluinte,1,0,Plano D - Sustentabilidade,,1,1,1,-3.03
644,Transportes Silva S.A.,10000644000108,EPP,CAMPINAS,8,Hugo Ramos,Comercio e Servicos,Participante,0,0,,,0,0,0,
645,Papelaria Souza S.A.,10000645000115,MEI,RIBEIRAO PRETO,16,Paulo Cezar,Tecnologia e Inovacao,Participante,0,0,,,0,0,0,
646,Transportes Norte e Cia,10000646000122,EPP,CAMPINAS,2,Bruno Lima,Tecnologia e Inovacao,Concluinte,1,0,Plano C - Parcerias Corporativas,,1,1,0,
647,Distribuidora Central EIRELI,10000647000129,EPP,SAO JOSE DO RIO PRETO,5,Elisa Rocha,Empreendedorismo Cultural,Participante,0,0,,,0,0,1,39.88
648,Servicos Souza Ltda,10000648000136,MEI,SOROCABA,7,Giovana Melo,Sustentabilidade,Participante,0,0,,,0,0,1,-0.88
649,Servicos Litoral EIRELI,10000649000143,EPP,FRANCA,14,Nicolas Vieira,Sustentabilidade,Participante,0,0,,,0,0,1,44.31
650,Distribuidora Silva S.A.,10000650000150,ME,BAURU,11,Karina Reis,Atendimento ao Cliente,Concluinte,1,0,Plano D - Sustentabilidade,,1,1,0,
651,Confeccoes Norte S.A.,10000651000157,EPP,FRANCA,11,Karina Reis,Atendimento ao Cliente,Participante,0,0,,,0,0,0,
652,Distribuidora Central EIRELI,10000652000164,MEI,RIBEIRAO PRETO,14,Nicolas Vieira,Sustentabilidade,Sem atendimento,0,0,,,0,0,0,
653,Distribuidora Norte Ltda,10000653000171,ME,MARILIA,4,Diego Alves,Atendimento ao Cliente,Participante,0,0,,,0,0,0,
654,Tecnologia Oeste S.A.,10000654000178,ME,SOROCABA,12,Lucas Barros,Empreendedorismo Cultural,Participante,0,0,,,0,0,1,-15.0
655,Comercial Souza ME,10000655000185,MEI,RIBEIRAO PRETO,16,Paulo Cezar,Tecnologia e Inovacao,Participante,0,0,,,0,0,1,30.89
656,Comercial Central ME,10000656000192,ME,BAURU,13,Mariana Teles,Consultoria Especializada,Participante,0,0,,,0,0,0,
657,Confeccoes Oeste Ltda,10000657000199,MEI,SAO JOSE DO RIO PRETO,16,Paulo Cezar,Tecnologia e Inovacao,Participante,0,0,,,0,0,0,
658,Confeccoes Oeste S.A.,10000658000106,EPP,SAO JOSE DO RIO PRETO,10,Joao Pedro,Turismo e Agronegocio,Participante,0,0,,,0,0,0,
659,Servicos Souza ME,10000659000113,MEDIA,CAMPINAS,4,Diego Alves,Atendimento ao Cliente,Sem atendimento,0,0,,,0,0,0,
660,Confeccoes Litoral S.A.,10000660000120,ME,PRESIDENTE PRUDENTE,11,Karina Reis,Atendimento ao Cliente,Participante,0,0,,,0,0,1,-4.78
661,Construtora Souza S.A.,10000661000127,ME,BAURU,7,Giovana Melo,Sustentabilidade,Participante,0,0,,,0,0,1,34.61
662,Comercial Norte EIRELI,10000662000134,MEI,SAO JOSE DO RIO PRETO,12,Lucas Barros,Empreendedorismo Cultural,Participante,0,0,,,0,0,0,
663,Industria Norte e Cia,10000663000141,MEI,BAURU,13,Mariana Teles,Consultoria Especializada,Participante,0,0,,,0,0,1,41.94
664,Comercial Souza Ltda,10000664000148,ME,RIBEIRAO PRETO,7,Giovana Melo,Sustentabilidade,Concluinte,1,0,Plano D - Sustentabilidade,,1,1,0,
665,Servicos Oeste ME,10000665000155,EPP,CAMPINAS,12,Lucas Barros,Empreendedorismo Cultural,Participante,0,0,,,0,0,0,
666,Distribuidora Litoral Ltda,10000666000162,MEI,MARILIA,13,Mariana Teles,Consultoria Especializada,Participante,0,0,,,0,0,0,
667,Industria Central e Cia,10000667000169,ME,BAURU,15,Olivia Prado,Comercio e Servicos,Participante,0,0,,,0,0,1,21.95
668,Confeccoes Litoral Ltda,10000668000176,MEI,CAMPINAS,6,Fabio Nunes,Consultoria Especializada,Participante,0,0,,,0,0,0,
669,Industria Norte EIRELI,10000669000183,EPP,ARACATUBA,2,Bruno Lima,Tecnologia e Inovacao,Concluinte,1,0,Plano D - Sustentabilidade,,1,1,0,
670,Servicos Oeste S.A.,10000670000190,ME,FRANCA,8,Hugo Ramos,Comercio e Servicos,Concluinte,1,0,Plano B - Projetos Especiais,,1,1,0,
671,Construtora Souza EIRELI,10000671000197,ME,ARACATUBA,1,Ana Souza,Comercio e Servicos,Participante,0,0,,,0,0,0,
672,Confeccoes Norte ME,10000672000104,ME,ARACATUBA,8,Hugo Ramos,Comercio e Servicos,Participante,0,0,,,0,0,1,45.05
673,Tecnologia Central ME,10000673000111,ME,MARILIA,9,Iara Costa,Tecnologia e Inovacao,Participante,0,0,,,0,0,1,-4.27
674,Confeccoes Litoral e Cia,10000674000118,EPP,ARACATUBA,15,Olivia Prado,Comercio e Servicos,Concluinte,1,0,Plano D - Sustentabilidade,,1,1,1,22.15
675,Comercial Norte ME,10000675000125,ME,SAO CARLOS,4,Diego Alves,Atendimento ao Cliente,Concluinte,1,0,Plano D - Sustentabilidade,,1,1,0,
676,Confeccoes Litoral Ltda,10000676000132,ME,CAMPINAS,10,Joao Pedro,Turismo e Agronegocio,Participante,0,0,,,0,0,1,28.95
677,Alimentos Oeste ME,10000677000139,ME,BAURU,9,Iara Costa,Tecnologia e Inovacao,Participante,0,0,,,0,0,1,15.18
678,Servicos Souza e Cia,10000678000146,ME,RIBEIRAO PRETO,10,Joao Pedro,Turismo e Agronegocio,Participante,0,0,,,0,0,0,
679,Papelaria Central ME,10000679000153,ME,PRESIDENTE PRUDENTE,2,Bruno Lima,Tecnologia e Inovacao,Sem atendimento,0,0,,,0,0,1,39.54
680,Construtora Oeste ME,10000680000160,EPP,CAMPINAS,1,Ana Souza,Comercio e Servicos,Concluinte,1,0,Plano D - Sustentabilidade,,1,1,0,
681,Comercial Norte e Cia,10000681000167,EPP,FRANCA,13,Mariana Teles,Consultoria Especializada,Participante,0,0,,,0,0,0,
682,Transportes Litoral S.A.,10000682000174,EPP,ARACATUBA,8,Hugo Ramos,Comercio e Servicos,Sem atendimento,0,0,,,0,0,0,
683,Transportes Oeste EIRELI,10000683000181,EPP,FRANCA,12,Lucas Barros,Empreendedorismo Cultural,Participante,0,0,,,0,0,0,
684,Confeccoes Silva S.A.,10000684000188,MEI,CAMPINAS,6,Fabio Nunes,Consultoria Especializada,Participante,0,0,,,0,0,1,6.45
685,Alimentos Litoral Ltda,10000685000195,MEI,MARILIA,6,Fabio Nunes,Consultoria Especializada,Sem atendimento,0,0,,,0,0,0,
686,Tecnologia Oeste ME,10000686000102,MEI,SAO JOSE DO RIO PRETO,10,Joao Pedro,Turismo e Agronegocio,Participante,0,0,,,0,0,0,
687,Distribuidora Central Ltda,10000687000109,EPP,SAO JOSE DO RIO PRETO,15,Olivia Prado,Comercio e Servicos,Participante,0,0,,,0,0,0,
688,Construtora Souza e Cia,10000688000116,MEI,ARACATUBA,3,Carla Dias,Turismo e Agronegocio,Concluinte,1,0,Plano A - Crescimento,,1,1,1,-0.38
689,Transportes Oeste S.A.,10000689000123,MEI,BAURU,13,Mariana Teles,Consultoria Especializada,Participante,0,0,,,0,0,0,
690,Industria Souza ME,10000690000130,MEI,FRANCA,5,Elisa Rocha,Empreendedorismo Cultural,Participante,0,0,,,0,0,1,28.95
691,Industria Oeste EIRELI,10000691000137,ME,MARILIA,15,Olivia Prado,Comercio e Servicos,Concluinte,1,0,Plano D - Sustentabilidade,,1,1,1,5.41
692,Industria Oeste Ltda,10000692000144,MEI,CAMPINAS,11,Karina Reis,Atendimento ao Cliente,Participante,0,0,,,0,0,0,
693,Industria Norte EIRELI,10000693000151,ME,PRESIDENTE PRUDENTE,7,Giovana Melo,Sustentabilidade,Participante,0,0,,,0,0,0,
694,Industria Norte S.A.,10000694000158,ME,ARACATUBA,3,Carla Dias,Turismo e Agronegocio,Participante,0,0,,,0,0,0,
695,Construtora Central Ltda,10000695000165,MEI,SAO JOSE DO RIO PRETO,14,Nicolas Vieira,Sustentabilidade,Participante,0,0,,,0,0,1,43.12
696,Comercial Oeste e Cia,10000696000172,MEI,SOROCABA,12,Lucas Barros,Empreendedorismo Cultural,Participante,0,0,,,0,0,1,45.97
697,Servicos Souza ME,10000697000179,MEI,MARILIA,1,Ana Souza,Comercio e Servicos,Participante,0,0,,,0,0,0,
698,Transportes Norte ME,10000698000186,MEI,RIBEIRAO PRETO,13,Mariana Teles,Consultoria Especializada,Participante,0,0,,,0,0,0,
699,Confeccoes Oeste S.A.,10000699000193,ME,SAO JOSE DO RIO PRETO,2,Bruno Lima,Tecnologia e Inovacao,Sem atendimento,0,0,,,0,0,0,
700,Tecnologia Litoral EIRELI,10000700000100,MEI,PRESIDENTE PRUDENTE,11,Karina Reis,Atendimento ao Cliente,Participante,0,0,,,0,0,0,
701,Alimentos Souza EIRELI,10000701000107,EPP,SAO CARLOS,16,Paulo Cezar,Tecnologia e Inovacao,Participante,0,0,,,0,0,1,35.15
702,Comercial Souza EIRELI,10000702000114,ME,MARILIA,13,Mariana Teles,Consultoria Especializada,Participante,0,0,,,0,0,1,22.35
703,Comercial Norte e Cia,10000703000121,MEI,ARACATUBA,7,Giovana Melo,Sustentabilidade,Participante,0,0,,,0,0,0,
704,Tecnologia Litoral ME,10000704000128,ME,RIBEIRAO PRETO,2,Bruno Lima,Tecnologia e Inovacao,Participante,0,0,,,0,0,0,
705,Papelaria Silva Ltda,10000705000135,ME,PRESIDENTE PRUDENTE,2,Bruno Lima,Tecnologia e Inovacao,Concluinte,1,0,Plano D - Sustentabilidade,,1,1,0,
706,Distribuidora Central S.A.,10000706000142,MEI,ARACATUBA,2,Bruno Lima,Tecnologia e Inovacao,Participante,0,0,,,0,0,0,
707,Construtora Litoral EIRELI,10000707000149,MEI,SOROCABA,9,Iara Costa,Tecnologia e Inovacao,Participante,0,0,,,0,0,0,
708,Confeccoes Central Ltda,10000708000156,ME,SAO JOSE DO RIO PRETO,1,Ana Souza,Comercio e Servicos,Concluinte,1,0,Plano D - Sustentabilidade,,1,1,1,23.79
709,Tecnologia Silva e Cia,10000709000163,ME,SAO CARLOS,5,Elisa Rocha,Empreendedorismo Cultural,Participante,0,0,,,0,0,0,
710,Distribuidora Silva S.A.,10000710000170,MEI,FRANCA,10,Joao Pedro,Turismo e Agronegocio,Participante,0,0,,,0,0,0,
711,Transportes Souza ME,10000711000177,ME,SOROCABA,9,Iara Costa,Tecnologia e Inovacao,Participante,0,0,,,0,0,0,
712,Comercial Norte S.A.,10000712000184,EPP,SOROCABA,6,Fabio Nunes,Consultoria Especializada,Participante,0,0,,,0,0,0,
713,Alimentos Souza Ltda,10000713000191,MEI,ARACATUBA,16,Paulo Cezar,Tecnologia e Inovacao,Participante,0,0,,,0,0,1,32.72
714,Papelaria Litoral S.A.,10000714000198,MEI,FRANCA,4,Diego Alves,Atendimento ao Cliente,Participante,0,0,,,0,0,1,43.54
715,Distribuidora Oeste EIRELI,10000715000105,ME,FRANCA,3,Carla Dias,Turismo e Agronegocio,Sem atendimento,0,0,,,0,0,0,
716,Confeccoes Central Ltda,10000716000112,MEI,PRESIDENTE PRUDENTE,10,Joao Pedro,Turismo e Agronegocio,Sem atendimento,0,0,,,0,0,1,18.73
717,Confeccoes Oeste ME,10000717000119,MEI,SAO CARLOS,2,Bruno Lima,Tecnologia e Inovacao,Participante,0,0,,,0,0,1,34.34
718,Comercial Silva EIRELI,10000718000126,ME,BAURU,4,Diego Alves,Atendimento ao Cliente,Participante,0,0,,,0,0,0,
719,Alimentos Central e Cia,10000719000133,MEI,SAO JOSE DO RIO PRETO,11,Karina Reis,Atendimento ao Cliente,Participante,0,0,,,0,0,0,
720,Alimentos Oeste EIRELI,10000720000140,MEI,RIBEIRAO PRETO,3,Carla Dias,Turismo e Agronegocio,Participante,0,0,,,0,0,0,
721,Confeccoes Central S.A.,10000721000147,ME,MARILIA,15,Olivia Prado,Comercio e Servicos,Participante,0,0,,,0,0,1,-11.31
722,Distribuidora Souza Ltda,10000722000154,MEDIA,SOROCABA,6,Fabio Nunes,Consultoria Especializada,Sem atendimento,0,0,,,0,0,1,8.84
723,Distribuidora Central e Cia,10000723000161,ME,BAURU,6,Fabio Nunes,Consultoria Especializada,Participante,0,0,,,0,0,0,
724,Industria Norte S.A.,10000724000168,ME,SAO JOSE DO RIO PRETO,15,Olivia Prado,Comercio e Servicos,Participante,0,0,,,0,0,0,
725,Industria Central S.A.,10000725000175,MEI,ARACATUBA,1,Ana Souza,Comercio e Servicos,Participante,0,0,,,0,0,1,30.5
726,Comercial Silva ME,10000726000182,ME,SOROCABA,15,Olivia Prado,Comercio e Servicos,Participante,0,0,,,0,0,0,
727,Alimentos Norte e Cia,10000727000189,ME,ARACATUBA,8,Hugo Ramos,Comercio e Servicos,Concluinte,1,0,Plano D - Sustentabilidade,,1,1,1,32.23
728,Tecnologia Litoral EIRELI,10000728000196,ME,RIBEIRAO PRETO,4,Diego Alves,Atendimento ao Cliente,Participante,0,0,,,0,0,1,19.65
729,Industria Norte e Cia,10000729000103,MEI,SAO JOSE DO RIO PRETO,13,Mariana Teles,Consultoria Especializada,Participante,0,0,,,0,0,0,
730,Transportes Central S.A.,10000730000110,EPP,FRANCA,6,Fabio Nunes,Consultoria Especializada,Concluinte,1,0,Plano A - Crescimento,,1,1,0,
731,Alimentos Souza ME,10000731000117,MEDIA,RIBEIRAO PRETO,16,Paulo Cezar,Tecnologia e Inovacao,Sem atendimento,0,0,,,0,0,1,47.87
732,Transportes Litoral S.A.,10000732000124,MEI,SOROCABA,8,Hugo Ramos,Comercio e Servicos,Participante,0,0,,,0,0,0,
733,Construtora Central e Cia,10000733000131,MEI,ARACATUBA,3,Carla Dias,Turismo e Agronegocio,Concluinte,1,0,Plano C - Parcerias Corporativas,,1,1,0,
734,Construtora Oeste Ltda,10000734000138,MEDIA,MARILIA,16,Paulo Cezar,Tecnologia e Inovacao,Sem atendimento,0,0,,,0,0,0,
735,Distribuidora Central S.A.,10000735000145,MEI,CAMPINAS,1,Ana Souza,Comercio e Servicos,Participante,0,0,,,0,0,0,
736,Distribuidora Norte e Cia,10000736000152,ME,FRANCA,1,Ana Souza,Comercio e Servicos,Participante,0,0,,,0,0,0,
737,Construtora Oeste ME,10000737000159,EPP,SAO JOSE DO RIO PRETO,7,Giovana Melo,Sustentabilidade,Participante,0,0,,,0,0,0,
738,Construtora Oeste e Cia,10000738000166,ME,RIBEIRAO PRETO,8,Hugo Ramos,Comercio e Servicos,Concluinte,1,0,Plano D - Sustentabilidade,,1,1,1,39.02
739,Alimentos Litoral S.A.,10000739000173,MEI,MARILIA,16,Paulo Cezar,Tecnologia e Inovacao,Participante,0,0,,,0,0,1,13.79
740,Comercial Oeste ME,10000740000180,EPP,RIBEIRAO PRETO,8,Hugo Ramos,Comercio e Servicos,Participante,0,0,,,0,0,1,28.19
741,Transportes Norte ME,10000741000187,ME,SAO JOSE DO RIO PRETO,10,Joao Pedro,Turismo e Agronegocio,Concluinte,1,0,Plano D - Sustentabilidade,,1,1,1,13.41
742,Construtora Souza S.A.,10000742000194,MEI,ARACATUBA,6,Fabio Nunes,Consultoria Especializada,Participante,0,0,,,0,0,1,29.78
743,Servicos Silva S.A.,10000743000101,MEI,ARACATUBA,7,Giovana Melo,Sustentabilidade,Participante,0,0,,,0,0,1,35.77
744,Alimentos Silva S.A.,10000744000108,MEI,CAMPINAS,7,Giovana Melo,Sustentabilidade,Participante,0,0,,,0,0,0,
745,Construtora Central e Cia,10000745000115,MEDIA,MARILIA,4,Diego Alves,Atendimento ao Cliente,Sem atendimento,0,0,,,0,0,0,
746,Comercial Norte Ltda,10000746000122,ME,RIBEIRAO PRETO,16,Paulo Cezar,Tecnologia e Inovacao,Participante,0,0,,,0,0,1,-15.0
747,Transportes Souza e Cia,10000747000129,MEI,FRANCA,16,Paulo Cezar,Tecnologia e Inovacao,Participante,0,0,,,0,0,0,
748,Distribuidora Central e Cia,10000748000136,ME,ARACATUBA,5,Elisa Rocha,Empreendedorismo Cultural,Participante,0,0,,,0,0,0,
749,Tecnologia Norte EIRELI,10000749000143,MEI,CAMPINAS,13,Mariana Teles,Consultoria Especializada,Participante,0,0,,,0,0,0,
750,Confeccoes Central EIRELI,10000750000150,MEI,SOROCABA,11,Karina Reis,Atendimento ao Cliente,Participante,0,0,,,0,0,0,
751,Transportes Oeste e Cia,10000751000157,ME,SOROCABA,10,Joao Pedro,Turismo e Agronegocio,Participante,0,0,,,0,0,1,27.65
752,Papelaria Litoral ME,10000752000164,ME,SOROCABA,7,Giovana Melo,Sustentabilidade,Participante,0,0,,,0,0,1,12.46
753,Industria Norte e Cia,10000753000171,ME,SOROCABA,5,Elisa Rocha,Empreendedorismo Cultural,Concluinte,1,0,Plano C - Parcerias Corporativas,,1,1,0,
754,Alimentos Norte S.A.,10000754000178,ME,ARACATUBA,4,Diego Alves,Atendimento ao Cliente,Concluinte,1,0,Plano D - Sustentabilidade,,1,1,0,
755,Transportes Oeste S.A.,10000755000185,EPP,BAURU,14,Nicolas Vieira,Sustentabilidade,Participante,0,0,,,0,0,1,5.78
756,Comercial Central EIRELI,10000756000192,MEI,CAMPINAS,4,Diego Alves,Atendimento ao Cliente,Participante,0,0,,,0,0,0,
757,Confeccoes Souza ME,10000757000199,ME,PRESIDENTE PRUDENTE,7,Giovana Melo,Sustentabilidade,Concluinte,1,0,Plano D - Sustentabilidade,,1,1,0,
758,Confeccoes Souza e Cia,10000758000106,MEI,PRESIDENTE PRUDENTE,2,Bruno Lima,Tecnologia e Inovacao,Participante,0,0,,,0,0,1,0.71
759,Distribuidora Norte e Cia,10000759000113,EPP,MARILIA,15,Olivia Prado,Comercio e Servicos,Participante,0,0,,,0,0,0,
760,Servicos Norte ME,10000760000120,ME,RIBEIRAO PRETO,13,Mariana Teles,Consultoria Especializada,Concluinte,1,0,Plano D - Sustentabilidade,,1,1,0,
761,Tecnologia Central ME,10000761000127,MEDIA,MARILIA,13,Mariana Teles,Consultoria Especializada,Sem atendimento,0,0,,,0,0,1,19.02
762,Confeccoes Souza e Cia,10000762000134,EPP,SAO CARLOS,1,Ana Souza,Comercio e Servicos,Concluinte,1,0,Plano D - Sustentabilidade,,1,1,1,39.25
763,Servicos Litoral ME,10000763000141,ME,MARILIA,15,Olivia Prado,Comercio e Servicos,Sem atendimento,0,0,,,0,0,0,
764,Servicos Oeste S.A.,10000764000148,MEI,CAMPINAS,7,Giovana Melo,Sustentabilidade,Participante,0,0,,,0,0,0,
765,Industria Souza e Cia,10000765000155,MEI,PRESIDENTE PRUDENTE,3,Carla Dias,Turismo e Agronegocio,Participante,0,0,,,0,0,1,27.78
766,Confeccoes Norte ME,10000766000162,MEI,PRESIDENTE PRUDENTE,14,Nicolas Vieira,Sustentabilidade,Participante,0,0,,,0,0,0,
767,Comercial Oeste S.A.,10000767000169,ME,SOROCABA,9,Iara Costa,Tecnologia e Inovacao,Participante,0,0,,,0,0,1,30.08
768,Industria Oeste e Cia,10000768000176,MEI,MARILIA,2,Bruno Lima,Tecnologia e Inovacao,Participante,0,0,,,0,0,0,
769,Construtora Norte e Cia,10000769000183,MEI,SAO CARLOS,10,Joao Pedro,Turismo e Agronegocio,Sem atendimento,0,0,,,0,0,1,18.42
770,Transportes Souza EIRELI,10000770000190,ME,BAURU,11,Karina Reis,Atendimento ao Cliente,Concluinte,1,0,Plano D - Sustentabilidade,,1,1,1,14.81
771,Tecnologia Norte e Cia,10000771000197,MEI,SAO JOSE DO RIO PRETO,6,Fabio Nunes,Consultoria Especializada,Participante,0,0,,,0,0,0,
772,Servicos Litoral ME,10000772000104,MEI,PRESIDENTE PRUDENTE,8,Hugo Ramos,Comercio e Servicos,Participante,0,0,,,0,0,1,20.72
773,Papelaria Norte S.A.,10000773000111,GRANDE,BAURU,7,Giovana Melo,Sustentabilidade,Sem atendimento,0,0,,,0,0,0,
774,Distribuidora Litoral ME,10000774000118,MEI,PRESIDENTE PRUDENTE,1,Ana Souza,Comercio e Servicos,Participante,0,0,,,0,0,1,15.15
775,Comercial Litoral ME,10000775000125,MEI,PRESIDENTE PRUDENTE,8,Hugo Ramos,Comercio e Servicos,Participante,0,0,,,0,0,0,
776,Tecnologia Oeste e Cia,10000776000132,ME,SAO JOSE DO RIO PRETO,4,Diego Alves,Atendimento ao Cliente,Participante,0,0,,,0,0,0,
777,Transportes Norte S.A.,10000777000139,ME,RIBEIRAO PRETO,12,Lucas Barros,Empreendedorismo Cultural,Concluinte,1,0,Plano D - Sustentabilidade,,1,1,0,
778,Alimentos Norte Ltda,10000778000146,EPP,SAO JOSE DO RIO PRETO,7,Giovana Melo,Sustentabilidade,Participante,0,0,,,0,0,1,26.96
779,Distribuidora Souza EIRELI,10000779000153,EPP,RIBEIRAO PRETO,1,Ana Souza,Comercio e Servicos,Concluinte,1,0,Plano A - Crescimento,,1,1,0,
780,Servicos Norte S.A.,10000780000160,ME,SAO JOSE DO RIO PRETO,4,Diego Alves,Atendimento ao Cliente,Participante,0,0,,,0,0,0,
781,Industria Silva S.A.,10000781000167,ME,SAO JOSE DO RIO PRETO,3,Carla Dias,Turismo e Agronegocio,Participante,0,0,,,0,0,0,
782,Distribuidora Silva EIRELI,10000782000174,ME,SOROCABA,3,Carla Dias,Turismo e Agronegocio,Participante,0,0,,,0,0,0,
783,Papelaria Souza ME,10000783000181,MEI,BAURU,3,Carla Dias,Turismo e Agronegocio,Participante,0,0,,,0,0,0,
784,Tecnologia Oeste Ltda,10000784000188,MEI,CAMPINAS,13,Mariana Teles,Consultoria Especializada,Participante,0,0,,,0,0,0,
785,Papelaria Silva e Cia,10000785000195,MEI,ARACATUBA,1,Ana Souza,Comercio e Servicos,Participante,0,0,,,0,0,0,
786,Alimentos Norte Ltda,10000786000102,MEI,CAMPINAS,3,Carla Dias,Turismo e Agronegocio,Participante,0,0,,,0,0,0,
787,Papelaria Silva ME,10000787000109,ME,ARACATUBA,10,Joao Pedro,Turismo e Agronegocio,Participante,0,0,,,0,0,0,
788,Tecnologia Litoral Ltda,10000788000116,ME,MARILIA,13,Mariana Teles,Consultoria Especializada,Concluinte,1,0,Plano B - Projetos Especiais,,1,1,0,
789,Industria Litoral S.A.,10000789000123,ME,FRANCA,8,Hugo Ramos,Comercio e Servicos,Concluinte,1,0,Plano D - Sustentabilidade,,1,1,1,-15.0
790,Industria Oeste ME,10000790000130,MEDIA,FRANCA,10,Joao Pedro,Turismo e Agronegocio,Sem atendimento,0,0,,,0,0,1,31.49
791,Distribuidora Silva Ltda,10000791000137,ME,MARILIA,5,Elisa Rocha,Empreendedorismo Cultural,Participante,0,0,,,0,0,0,
792,Confeccoes Souza ME,10000792000144,MEI,FRANCA,3,Carla Dias,Turismo e Agronegocio,Participante,0,0,,,0,0,0,
793,Industria Souza EIRELI,10000793000151,ME,MARILIA,5,Elisa Rocha,Empreendedorismo Cultural,Participante,0,0,,,0,0,1,9.22
794,Distribuidora Souza e Cia,10000794000158,EPP,MARILIA,7,Giovana Melo,Sustentabilidade,Participante,0,0,,,0,0,0,
795,Transportes Silva ME,10000795000165,ME,SAO JOSE DO RIO PRETO,15,Olivia Prado,Comercio e Servicos,Participante,0,0,,,0,0,0,
796,Servicos Litoral e Cia,10000796000172,ME,BAURU,4,Diego Alves,Atendimento ao Cliente,Sem atendimento,0,0,,,0,0,1,24.35
797,Industria Litoral EIRELI,10000797000179,MEI,MARILIA,12,Lucas Barros,Empreendedorismo Cultural,Participante,0,0,,,0,0,1,24.23
798,Servicos Oeste S.A.,10000798000186,ME,CAMPINAS,3,Carla Dias,Turismo e Agronegocio,Concluinte,1,0,Plano D - Sustentabilidade,,1,1,1,44.82
799,Papelaria Souza e Cia,10000799000193,ME,PRESIDENTE PRUDENTE,10,Joao Pedro,Turismo e Agronegocio,Participante,0,0,,,0,0,1,21.13
800,Tecnologia Souza Ltda,10000800000100,MEI,PRESIDENTE PRUDENTE,11,Karina Reis,Atendimento ao Cliente,Sem atendimento,0,0,,,0,0,0,
801,Tecnologia Oeste ME,10000801000107,MEI,SAO JOSE DO RIO PRETO,8,Hugo Ramos,Comercio e Servicos,Participante,0,0,,,0,0,1,50.13
802,Construtora Central S.A.,10000802000114,MEI,SAO JOSE DO RIO PRETO,11,Karina Reis,Atendimento ao Cliente,Participante,0,0,,,0,0,0,
803,Transportes Silva EIRELI,10000803000121,ME,BAURU,16,Paulo Cezar,Tecnologia e Inovacao,Participante,0,0,,,0,0,0,
804,Industria Norte EIRELI,10000804000128,MEI,BAURU,9,Iara Costa,Tecnologia e Inovacao,Participante,0,0,,,0,0,0,
805,Distribuidora Silva e Cia,10000805000135,ME,SAO JOSE DO RIO PRETO,3,Carla Dias,Turismo e Agronegocio,Participante,0,0,,,0,0,0,
806,Papelaria Souza Ltda,10000806000142,ME,CAMPINAS,13,Mariana Teles,Consultoria Especializada,Concluinte,1,0,Plano D - Sustentabilidade,,1,1,0,
807,Industria Oeste S.A.,10000807000149,MEI,SAO CARLOS,16,Paulo Cezar,Tecnologia e Inovacao,Participante,0,0,,,0,0,0,
808,Industria Central e Cia,10000808000156,ME,ARACATUBA,10,Joao Pedro,Turismo e Agronegocio,Concluinte,1,0,Plano D - Sustentabilidade,,1,1,0,
809,Transportes Silva EIRELI,10000809000163,EPP,FRANCA,12,Lucas Barros,Empreendedorismo Cultural,Participante,0,0,,,0,0,0,
810,Transportes Souza S.A.,10000810000170,MEI,BAURU,6,Fabio Nunes,Consultoria Especializada,Participante,0,0,,,0,0,0,
811,Construtora Oeste Ltda,10000811000177,MEI,SOROCABA,5,Elisa Rocha,Empreendedorismo Cultural,Participante,0,0,,,0,0,0,
812,Distribuidora Oeste ME,10000812000184,MEI,CAMPINAS,8,Hugo Ramos,Comercio e Servicos,Participante,0,0,,,0,0,1,18.61
813,Transportes Oeste S.A.,10000813000191,ME,PRESIDENTE PRUDENTE,7,Giovana Melo,Sustentabilidade,Participante,0,0,,,0,0,0,
814,Comercial Litoral ME,10000814000198,MEI,RIBEIRAO PRETO,2,Bruno Lima,Tecnologia e Inovacao,Participante,0,0,,,0,0,1,31.68
815,Confeccoes Norte e Cia,10000815000105,ME,ARACATUBA,9,Iara Costa,Tecnologia e Inovacao,Concluinte,1,0,Plano D - Sustentabilidade,,1,1,1,23.35
816,Alimentos Norte Ltda,10000816000112,ME,BAURU,13,Mariana Teles,Consultoria Especializada,Participante,0,0,,,0,0,0,
817,Transportes Central ME,10000817000119,EPP,CAMPINAS,8,Hugo Ramos,Comercio e Servicos,Concluinte,1,0,Plano D - Sustentabilidade,,1,1,1,4.24
818,Construtora Norte Ltda,10000818000126,ME,SAO CARLOS,16,Paulo Cezar,Tecnologia e Inovacao,Participante,0,0,,,0,0,0,
819,Industria Souza Ltda,10000819000133,ME,ARACATUBA,15,Olivia Prado,Comercio e Servicos,Participante,0,0,,,0,0,1,30.34
820,Industria Souza EIRELI,10000820000140,MEI,CAMPINAS,7,Giovana Melo,Sustentabilidade,Participante,0,0,,,0,0,1,10.55
821,Servicos Central ME,10000821000147,ME,SOROCABA,4,Diego Alves,Atendimento ao Cliente,Participante,0,0,,,0,0,0,
822,Construtora Souza e Cia,10000822000154,MEI,SOROCABA,16,Paulo Cezar,Tecnologia e Inovacao,Participante,0,0,,,0,0,1,-4.66
823,Comercial Souza Ltda,10000823000161,MEI,FRANCA,14,Nicolas Vieira,Sustentabilidade,Participante,0,0,,,0,0,1,-9.55
824,Industria Litoral e Cia,10000824000168,MEI,ARACATUBA,6,Fabio Nunes,Consultoria Especializada,Participante,0,0,,,0,0,0,
825,Comercial Souza ME,10000825000175,EPP,BAURU,5,Elisa Rocha,Empreendedorismo Cultural,Sem atendimento,0,0,,,0,0,0,
826,Papelaria Norte Ltda,10000826000182,EPP,SAO CARLOS,13,Mariana Teles,Consultoria Especializada,Participante,0,0,,,0,0,0,
827,Distribuidora Souza S.A.,10000827000189,ME,CAMPINAS,10,Joao Pedro,Turismo e Agronegocio,Participante,0,0,,,0,0,0,
828,Industria Souza S.A.,10000828000196,ME,SAO CARLOS,16,Paulo Cezar,Tecnologia e Inovacao,Participante,0,0,,,0,0,0,
829,Papelaria Litoral e Cia,10000829000103,MEI,FRANCA,6,Fabio Nunes,Consultoria Especializada,Sem atendimento,0,0,,,0,0,1,30.73
830,Construtora Norte e Cia,10000830000110,MEI,BAURU,11,Karina Reis,Atendimento ao Cliente,Participante,0,0,,,0,0,0,
831,Industria Silva Ltda,10000831000117,MEI,SAO JOSE DO RIO PRETO,13,Mariana Teles,Consultoria Especializada,Participante,0,0,,,0,0,0,
832,Industria Norte Ltda,10000832000124,MEI,ARACATUBA,14,Nicolas Vieira,Sustentabilidade,Participante,0,0,,,0,0,0,
833,Transportes Norte Ltda,10000833000131,MEI,PRESIDENTE PRUDENTE,2,Bruno Lima,Tecnologia e Inovacao,Concluinte,1,0,Plano C - Parcerias Corporativas,,1,1,1,22.24
834,Papelaria Norte Ltda,10000834000138,EPP,SAO JOSE DO RIO PRETO,5,Elisa Rocha,Empreendedorismo Cultural,Participante,0,0,,,0,0,1,29.3
835,Transportes Central ME,10000835000145,EPP,MARILIA,14,Nicolas Vieira,Sustentabilidade,Sem atendimento,0,0,,,0,0,1,38.5
836,Servicos Central S.A.,10000836000152,MEI,SAO CARLOS,14,Nicolas Vieira,Sustentabilidade,Participante,0,0,,,0,0,0,
837,Tecnologia Souza ME,10000837000159,ME,BAURU,4,Diego Alves,Atendimento ao Cliente,Concluinte,1,0,Plano A - Crescimento,,1,1,1,18.7
838,Confeccoes Norte e Cia,10000838000166,MEI,SAO CARLOS,3,Carla Dias,Turismo e Agronegocio,Sem atendimento,0,0,,,0,0,0,
839,Comercial Norte e Cia,10000839000173,MEI,SAO JOSE DO RIO PRETO,1,Ana Souza,Comercio e Servicos,Participante,0,0,,,0,0,0,
840,Servicos Litoral ME,10000840000180,MEI,BAURU,13,Mariana Teles,Consultoria Especializada,Sem atendimento,0,0,,,0,0,0,
841,Tecnologia Litoral e Cia,10000841000187,MEI,PRESIDENTE PRUDENTE,5,Elisa Rocha,Empreendedorismo Cultural,Participante,0,0,,,0,0,0,
842,Papelaria Oeste e Cia,10000842000194,MEI,BAURU,14,Nicolas Vieira,Sustentabilidade,Participante,0,0,,,0,0,1,71.83
843,Servicos Central e Cia,10000843000101,ME,SAO JOSE DO RIO PRETO,13,Mariana Teles,Consultoria Especializada,Participante,0,0,,,0,0,1,29.16
844,Alimentos Norte e Cia,10000844000108,ME,SOROCABA,6,Fabio Nunes,Consultoria Especializada,Participante,0,0,,,0,0,1,42.97
845,Tecnologia Litoral EIRELI,10000845000115,EPP,SAO CARLOS,12,Lucas Barros,Empreendedorismo Cultural,Concluinte,1,0,Plano D - Sustentabilidade,,1,1,0,
846,Servicos Central EIRELI,10000846000122,MEI,SAO JOSE DO RIO PRETO,4,Diego Alves,Atendimento ao Cliente,Participante,0,0,,,0,0,0,
847,Alimentos Norte e Cia,10000847000129,ME,MARILIA,13,Mariana Teles,Consultoria Especializada,Participante,0,0,,,0,0,0,
848,Industria Central Ltda,10000848000136,EPP,ARACATUBA,2,Bruno Lima,Tecnologia e Inovacao,Participante,0,0,,,0,0,1,11.66
849,Construtora Norte S.A.,10000849000143,MEI,RIBEIRAO PRETO,5,Elisa Rocha,Empreendedorismo Cultural,Participante,0,0,,,0,0,0,
850,Alimentos Silva e Cia,10000850000150,MEI,CAMPINAS,8,Hugo Ramos,Comercio e Servicos,Participante,0,0,,,0,0,0,
851,Papelaria Litoral e Cia,10000851000157,MEI,SAO CARLOS,13,Mariana Teles,Consultoria Especializada,Participante,0,0,,,0,0,0,
852,Industria Litoral S.A.,10000852000164,MEI,SOROCABA,2,Bruno Lima,Tecnologia e Inovacao,Participante,0,0,,,0,0,0,
853,Servicos Silva e Cia,10000853000171,ME,RIBEIRAO PRETO,10,Joao Pedro,Turismo e Agronegocio,Participante,0,0,,,0,0,1,24.61
854,Papelaria Souza Ltda,10000854000178,MEI,BAURU,8,Hugo Ramos,Comercio e Servicos,Participante,0,0,,,0,0,0,
855,Industria Silva ME,10000855000185,ME,CAMPINAS,1,Ana Souza,Comercio e Servicos,Participante,0,0,,,0,0,1,12.86
856,Tecnologia Norte EIRELI,10000856000192,ME,ARACATUBA,13,Mariana Teles,Consultoria Especializada,Concluinte,1,0,Plano D - Sustentabilidade,,1,1,0,
857,Distribuidora Norte ME,10000857000199,ME,RIBEIRAO PRETO,3,Carla Dias,Turismo e Agronegocio,Concluinte,1,0,Plano D - Sustentabilidade,,1,1,0,
858,Alimentos Oeste EIRELI,10000858000106,ME,RIBEIRAO PRETO,12,Lucas Barros,Empreendedorismo Cultural,Concluinte,1,0,Plano D - Sustentabilidade,,1,1,0,
859,Tecnologia Norte Ltda,10000859000113,MEI,SAO JOSE DO RIO PRETO,15,Olivia Prado,Comercio e Servicos,Participante,0,0,,,0,0,0,
860,Transportes Silva e Cia,10000860000120,MEI,SAO JOSE DO RIO PRETO,4,Diego Alves,Atendimento ao Cliente,Participante,0,0,,,0,0,0,
861,Transportes Oeste e Cia,10000861000127,EPP,SOROCABA,4,Diego Alves,Atendimento ao Cliente,Participante,0,0,,,0,0,1,38.11
862,Construtora Central e Cia,10000862000134,ME,SOROCABA,9,Iara Costa,Tecnologia e Inovacao,Participante,0,0,,,0,0,1,12.73
863,Construtora Litoral S.A.,10000863000141,EPP,ARACATUBA,11,Karina Reis,Atendimento ao Cliente,Concluinte,1,0,Plano D - Sustentabilidade,,1,1,0,
864,Construtora Silva ME,10000864000148,MEI,SAO JOSE DO RIO PRETO,1,Ana Souza,Comercio e Servicos,Participante,0,0,,,0,0,0,
865,Servicos Oeste S.A.,10000865000155,MEDIA,SOROCABA,8,Hugo Ramos,Comercio e Servicos,Sem atendimento,0,0,,,0,0,0,
866,Confeccoes Souza ME,10000866000162,MEI,FRANCA,1,Ana Souza,Comercio e Servicos,Participante,0,0,,,0,0,1,21.82
867,Distribuidora Norte EIRELI,10000867000169,ME,CAMPINAS,11,Karina Reis,Atendimento ao Cliente,Concluinte,1,0,Plano D - Sustentabilidade,,1,1,0,
868,Papelaria Oeste EIRELI,10000868000176,EPP,PRESIDENTE PRUDENTE,7,Giovana Melo,Sustentabilidade,Participante,0,0,,,0,0,1,44.56
869,Construtora Litoral EIRELI,10000869000183,MEI,SAO JOSE DO RIO PRETO,7,Giovana Melo,Sustentabilidade,Participante,0,0,,,0,0,0,
870,Servicos Souza EIRELI,10000870000190,EPP,ARACATUBA,9,Iara Costa,Tecnologia e Inovacao,Participante,0,0,,,0,0,1,23.08
871,Industria Silva Ltda,10000871000197,EPP,MARILIA,12,Lucas Barros,Empreendedorismo Cultural,Participante,0,0,,,0,0,0,
872,Papelaria Silva e Cia,10000872000104,MEDIA,BAURU,16,Paulo Cezar,Tecnologia e Inovacao,Sem atendimento,0,0,,,0,0,1,59.38
873,Alimentos Norte ME,10000873000111,ME,CAMPINAS,16,Paulo Cezar,Tecnologia e Inovacao,Concluinte,1,0,Plano B - Projetos Especiais,,1,1,0,
874,Construtora Souza e Cia,10000874000118,MEI,ARACATUBA,9,Iara Costa,Tecnologia e Inovacao,Participante,0,0,,,0,0,1,38.29
875,Comercial Norte S.A.,10000875000125,ME,ARACATUBA,5,Elisa Rocha,Empreendedorismo Cultural,Participante,0,0,,,0,0,0,
876,Transportes Oeste S.A.,10000876000132,EPP,SAO JOSE DO RIO PRETO,2,Bruno Lima,Tecnologia e Inovacao,Sem atendimento,0,0,,,0,0,0,
877,Construtora Silva e Cia,10000877000139,ME,BAURU,6,Fabio Nunes,Consultoria Especializada,Concluinte,1,0,Plano D - Sustentabilidade,,1,1,0,
878,Comercial Litoral EIRELI,10000878000146,MEI,ARACATUBA,1,Ana Souza,Comercio e Servicos,Participante,0,0,,,0,0,1,41.88
879,Alimentos Norte ME,10000879000153,MEI,SAO JOSE DO RIO PRETO,11,Karina Reis,Atendimento ao Cliente,Participante,0,0,,,0,0,1,8.74
880,Confeccoes Central e Cia,10000880000160,MEI,BAURU,8,Hugo Ramos,Comercio e Servicos,Sem atendimento,0,0,,,0,0,1,10.76
881,Tecnologia Souza S.A.,10000881000167,ME,SOROCABA,16,Paulo Cezar,Tecnologia e Inovacao,Concluinte,1,0,Plano D - Sustentabilidade,,1,1,0,
882,Tecnologia Oeste S.A.,10000882000174,MEI,MARILIA,12,Lucas Barros,Empreendedorismo Cultural,Participante,0,0,,,0,0,0,
883,Distribuidora Litoral ME,10000883000181,EPP,FRANCA,8,Hugo Ramos,Comercio e Servicos,Concluinte,1,0,Plano C - Parcerias Corporativas,,1,1,0,
884,Tecnologia Souza EIRELI,10000884000188,EPP,MARILIA,14,Nicolas Vieira,Sustentabilidade,Concluinte,1,0,Plano D - Sustentabilidade,,1,1,0,
885,Construtora Silva EIRELI,10000885000195,MEI,PRESIDENTE PRUDENTE,5,Elisa Rocha,Empreendedorismo Cultural,Participante,0,0,,,0,0,0,
886,Construtora Oeste ME,10000886000102,ME,CAMPINAS,11,Karina Reis,Atendimento ao Cliente,Concluinte,1,0,Plano D - Sustentabilidade,,1,1,1,23.41
887,Tecnologia Silva EIRELI,10000887000109,MEI,PRESIDENTE PRUDENTE,2,Bruno Lima,Tecnologia e Inovacao,Participante,0,0,,,0,0,0,
888,Construtora Litoral Ltda,10000888000116,MEI,BAURU,9,Iara Costa,Tecnologia e Inovacao,Concluinte,1,0,Plano B - Projetos Especiais,,1,1,0,
889,Alimentos Oeste e Cia,10000889000123,ME,SAO CARLOS,9,Iara Costa,Tecnologia e Inovacao,Concluinte,1,0,Plano D - Sustentabilidade,,1,1,1,44.35
890,Alimentos Silva S.A.,10000890000130,MEI,PRESIDENTE PRUDENTE,9,Iara Costa,Tecnologia e Inovacao,Participante,0,0,,,0,0,1,30.08
891,Papelaria Norte e Cia,10000891000137,MEI,SAO CARLOS,7,Giovana Melo,Sustentabilidade,Participante,0,0,,,0,0,0,
892,Alimentos Oeste e Cia,10000892000144,ME,MARILIA,10,Joao Pedro,Turismo e Agronegocio,Sem atendimento,0,0,,,0,0,1,50.4
893,Distribuidora Central e Cia,10000893000151,MEI,SAO JOSE DO RIO PRETO,15,Olivia Prado,Comercio e Servicos,Participante,0,0,,,0,0,0,
894,Industria Litoral ME,10000894000158,MEI,CAMPINAS,5,Elisa Rocha,Empreendedorismo Cultural,Sem atendimento,0,0,,,0,0,0,
895,Distribuidora Silva EIRELI,10000895000165,MEI,RIBEIRAO PRETO,13,Mariana Teles,Consultoria Especializada,Participante,0,0,,,0,0,0,
896,Confeccoes Litoral ME,10000896000172,ME,CAMPINAS,11,Karina Reis,Atendimento ao Cliente,Participante,0,0,,,0,0,0,
897,Construtora Oeste e Cia,10000897000179,ME,CAMPINAS,9,Iara Costa,Tecnologia e Inovacao,Participante,0,0,,,0,0,0,
898,Industria Souza Ltda,10000898000186,MEI,CAMPINAS,14,Nicolas Vieira,Sustentabilidade,Participante,0,0,,,0,0,1,62.15
899,Distribuidora Souza EIRELI,10000899000193,MEI,PRESIDENTE PRUDENTE,9,Iara Costa,Tecnologia e Inovacao,Participante,0,0,,,0,0,0,
900,Construtora Norte Ltda,10000900000100,MEI,BAURU,3,Carla Dias,Turismo e Agronegocio,Participante,0,0,,,0,0,0,
901,Distribuidora Oeste e Cia,10000901000107,MEI,BAURU,3,Carla Dias,Turismo e Agronegocio,Participante,0,0,,,0,0,1,12.2
902,Confeccoes Souza EIRELI,10000902000114,ME,BAURU,13,Mariana Teles,Consultoria Especializada,Participante,0,0,,,0,0,0,
903,Industria Norte EIRELI,10000903000121,MEI,SOROCABA,5,Elisa Rocha,Empreendedorismo Cultural,Participante,0,0,,,0,0,1,40.54
904,Alimentos Central S.A.,10000904000128,MEDIA,ARACATUBA,12,Lucas Barros,Empreendedorismo Cultural,Sem atendimento,0,0,,,0,0,1,18.84
905,Transportes Central EIRELI,10000905000135,MEDIA,RIBEIRAO PRETO,9,Iara Costa,Tecnologia e Inovacao,Sem atendimento,0,0,,,0,0,0,
906,Papelaria Norte S.A.,10000906000142,ME,MARILIA,6,Fabio Nunes,Consultoria Especializada,Participante,0,0,,,0,0,1,-0.96
907,Transportes Litoral e Cia,10000907000149,MEI,PRESIDENTE PRUDENTE,14,Nicolas Vieira,Sustentabilidade,Participante,0,0,,,0,0,1,41.84
908,Transportes Souza Ltda,10000908000156,MEI,ARACATUBA,16,Paulo Cezar,Tecnologia e Inovacao,Participante,0,0,,,0,0,0,
909,Confeccoes Souza ME,10000909000163,MEI,FRANCA,14,Nicolas Vieira,Sustentabilidade,Participante,0,0,,,0,0,0,
910,Alimentos Oeste S.A.,10000910000170,ME,MARILIA,5,Elisa Rocha,Empreendedorismo Cultural,Participante,0,0,,,0,0,1,56.37
911,Construtora Oeste Ltda,10000911000177,ME,SOROCABA,16,Paulo Cezar,Tecnologia e Inovacao,Participante,0,0,,,0,0,0,
912,Papelaria Souza Ltda,10000912000184,ME,BAURU,10,Joao Pedro,Turismo e Agronegocio,Participante,0,0,,,0,0,0,
913,Transportes Central S.A.,10000913000191,MEI,SAO JOSE DO RIO PRETO,14,Nicolas Vieira,Sustentabilidade,Participante,0,0,,,0,0,1,20.7
914,Tecnologia Souza ME,10000914000198,MEI,BAURU,13,Mariana Teles,Consultoria Especializada,Participante,0,0,,,0,0,1,24.05
915,Transportes Norte ME,10000915000105,MEI,RIBEIRAO PRETO,8,Hugo Ramos,Comercio e Servicos,Sem atendimento,0,0,,,0,0,0,
916,Tecnologia Souza Ltda,10000916000112,MEI,FRANCA,9,Iara Costa,Tecnologia e Inovacao,Participante,0,0,,,0,0,0,
917,Construtora Norte S.A.,10000917000119,MEI,RIBEIRAO PRETO,4,Diego Alves,Atendimento ao Cliente,Participante,0,0,,,0,0,0,
918,Servicos Oeste Ltda,10000918000126,MEI,SAO JOSE DO RIO PRETO,16,Paulo Cezar,Tecnologia e Inovacao,Participante,0,0,,,0,0,0,
919,Industria Silva ME,10000919000133,MEI,SAO CARLOS,1,Ana Souza,Comercio e Servicos,Participante,0,0,,,0,0,0,
920,Comercial Souza Ltda,10000920000140,MEI,ARACATUBA,15,Olivia Prado,Comercio e Servicos,Participante,0,0,,,0,0,0,
921,Alimentos Central ME,10000921000147,ME,CAMPINAS,7,Giovana Melo,Sustentabilidade,Participante,0,0,,,0,0,0,
922,Construtora Litoral Ltda,10000922000154,MEI,BAURU,12,Lucas Barros,Empreendedorismo Cultural,Participante,0,0,,,0,0,0,
923,Comercial Oeste S.A.,10000923000161,MEI,PRESIDENTE PRUDENTE,5,Elisa Rocha,Empreendedorismo Cultural,Participante,0,0,,,0,0,0,
924,Servicos Oeste S.A.,10000924000168,EPP,ARACATUBA,6,Fabio Nunes,Consultoria Especializada,Concluinte,1,0,Plano D - Sustentabilidade,,1,1,0,
925,Tecnologia Central EIRELI,10000925000175,ME,SAO JOSE DO RIO PRETO,8,Hugo Ramos,Comercio e Servicos,Participante,0,0,,,0,0,0,
926,Construtora Litoral Ltda,10000926000182,ME,CAMPINAS,7,Giovana Melo,Sustentabilidade,Concluinte,1,0,Plano D - Sustentabilidade,,1,1,0,
927,Tecnologia Litoral ME,10000927000189,EPP,PRESIDENTE PRUDENTE,16,Paulo Cezar,Tecnologia e Inovacao,Participante,0,0,,,0,0,1,49.87
928,Transportes Norte Ltda,10000928000196,MEI,BAURU,2,Bruno Lima,Tecnologia e Inovacao,Sem atendimento,0,0,,,0,0,0,
929,Servicos Oeste Ltda,10000929000103,EPP,SAO CARLOS,10,Joao Pedro,Turismo e Agronegocio,Concluinte,1,0,Plano D - Sustentabilidade,,1,1,1,18.63
930,Servicos Litoral S.A.,10000930000110,MEI,MARILIA,4,Diego Alves,Atendimento ao Cliente,Participante,0,0,,,0,0,0,
931,Papelaria Silva S.A.,10000931000117,ME,SAO CARLOS,9,Iara Costa,Tecnologia e Inovacao,Concluinte,1,0,Plano D - Sustentabilidade,,1,1,0,
932,Papelaria Litoral S.A.,10000932000124,ME,BAURU,2,Bruno Lima,Tecnologia e Inovacao,Participante,0,0,,,0,0,1,16.54
933,Distribuidora Souza EIRELI,10000933000131,ME,RIBEIRAO PRETO,12,Lucas Barros,Empreendedorismo Cultural,Concluinte,1,0,Plano D - Sustentabilidade,,1,1,0,
934,Comercial Silva ME,10000934000138,ME,MARILIA,11,Karina Reis,Atendimento ao Cliente,Participante,0,0,,,0,0,1,29.54
935,Industria Central EIRELI,10000935000145,MEI,BAURU,4,Diego Alves,Atendimento ao Cliente,Participante,0,0,,,0,0,0,
936,Construtora Litoral EIRELI,10000936000152,MEI,CAMPINAS,12,Lucas Barros,Empreendedorismo Cultural,Participante,0,0,,,0,0,0,
937,Industria Oeste Ltda,10000937000159,ME,SOROCABA,12,Lucas Barros,Empreendedorismo Cultural,Concluinte,1,0,Plano D - Sustentabilidade,,1,1,0,
938,Transportes Litoral S.A.,10000938000166,MEI,RIBEIRAO PRETO,10,Joao Pedro,Turismo e Agronegocio,Participante,0,0,,,0,0,0,
939,Alimentos Litoral S.A.,10000939000173,MEI,RIBEIRAO PRETO,12,Lucas Barros,Empreendedorismo Cultural,Participante,0,1,,Plano B - Projetos Especiais,0,1,0,
940,Distribuidora Norte EIRELI,10000940000180,MEI,CAMPINAS,6,Fabio Nunes,Consultoria Especializada,Participante,0,0,,,0,0,1,22.85
941,Transportes Oeste S.A.,10000941000187,MEI,PRESIDENTE PRUDENTE,9,Iara Costa,Tecnologia e Inovacao,Participante,0,0,,,0,0,0,
942,Industria Silva e Cia,10000942000194,EPP,ARACATUBA,13,Mariana Teles,Consultoria Especializada,Participante,0,0,,,0,0,1,30.31
943,Alimentos Litoral Ltda,10000943000101,ME,RIBEIRAO PRETO,8,Hugo Ramos,Comercio e Servicos,Participante,0,0,,,0,0,0,
944,Servicos Norte S.A.,10000944000108,ME,BAURU,13,Mariana Teles,Consultoria Especializada,Concluinte,1,0,Plano D - Sustentabilidade,,1,1,1,31.22
945,Alimentos Central ME,10000945000115,MEI,CAMPINAS,10,Joao Pedro,Turismo e Agronegocio,Participante,0,0,,,0,0,1,37.73
946,Comercial Souza EIRELI,10000946000122,EPP,FRANCA,3,Carla Dias,Turismo e Agronegocio,Participante,0,0,,,0,0,0,
947,Construtora Souza Ltda,10000947000129,MEI,SAO JOSE DO RIO PRETO,4,Diego Alves,Atendimento ao Cliente,Participante,0,0,,,0,0,0,
948,Construtora Norte e Cia,10000948000136,ME,RIBEIRAO PRETO,13,Mariana Teles,Consultoria Especializada,Participante,0,0,,,0,0,1,8.14
949,Alimentos Souza e Cia,10000949000143,ME,MARILIA,2,Bruno Lima,Tecnologia e Inovacao,Sem atendimento,0,0,,,0,0,0,
950,Construtora Silva S.A.,10000950000150,EPP,CAMPINAS,7,Giovana Melo,Sustentabilidade,Sem atendimento,0,0,,,0,0,1,48.37
951,Transportes Litoral S.A.,10000951000157,EPP,FRANCA,12,Lucas Barros,Empreendedorismo Cultural,Concluinte,1,0,Plano C - Parcerias Corporativas,,1,1,0,
952,Papelaria Oeste e Cia,10000952000164,MEI,BAURU,2,Bruno Lima,Tecnologia e Inovacao,Participante,0,0,,,0,0,1,21.19
953,Distribuidora Souza e Cia,10000953000171,MEI,PRESIDENTE PRUDENTE,10,Joao Pedro,Turismo e Agronegocio,Participante,0,0,,,0,0,1,41.64
954,Transportes Central EIRELI,10000954000178,MEI,SAO CARLOS,8,Hugo Ramos,Comercio e Servicos,Participante,0,0,,,0,0,0,
955,Papelaria Litoral EIRELI,10000955000185,ME,FRANCA,8,Hugo Ramos,Comercio e Servicos,Participante,0,0,,,0,0,1,12.08
956,Distribuidora Litoral e Cia,10000956000192,MEI,SAO JOSE DO RIO PRETO,14,Nicolas Vieira,Sustentabilidade,Participante,0,0,,,0,0,1,26.17
957,Distribuidora Souza EIRELI,10000957000199,ME,SOROCABA,14,Nicolas Vieira,Sustentabilidade,Participante,0,0,,,0,0,0,
958,Industria Norte e Cia,10000958000106,MEI,CAMPINAS,11,Karina Reis,Atendimento ao Cliente,Participante,0,0,,,0,0,0,
959,Transportes Oeste ME,10000959000113,MEI,CAMPINAS,11,Karina Reis,Atendimento ao Cliente,Participante,0,0,,,0,0,0,
960,Alimentos Norte EIRELI,10000960000120,ME,SAO CARLOS,14,Nicolas Vieira,Sustentabilidade,Concluinte,1,0,Plano D - Sustentabilidade,,1,1,0,
961,Transportes Litoral ME,10000961000127,MEI,ARACATUBA,13,Mariana Teles,Consultoria Especializada,Participante,0,0,,,0,0,1,55.47
962,Tecnologia Silva Ltda,10000962000134,MEDIA,SOROCABA,15,Olivia Prado,Comercio e Servicos,Sem atendimento,0,0,,,0,0,1,21.68
963,Transportes Souza ME,10000963000141,MEI,SAO CARLOS,1,Ana Souza,Comercio e Servicos,Participante,0,0,,,0,0,1,-4.7
964,Alimentos Silva ME,10000964000148,EPP,PRESIDENTE PRUDENTE,7,Giovana Melo,Sustentabilidade,Concluinte,1,0,Plano D - Sustentabilidade,,1,1,0,
965,Distribuidora Silva S.A.,10000965000155,MEI,MARILIA,5,Elisa Rocha,Empreendedorismo Cultural,Participante,0,0,,,0,0,0,
966,Alimentos Norte EIRELI,10000966000162,MEI,CAMPINAS,9,Iara Costa,Tecnologia e Inovacao,Participante,0,0,,,0,0,0,
967,Distribuidora Norte S.A.,10000967000169,ME,MARILIA,10,Joao Pedro,Turismo e Agronegocio,Participante,0,0,,,0,0,1,5.5
968,Alimentos Central EIRELI,10000968000176,ME,SAO CARLOS,3,Carla Dias,Turismo e Agronegocio,Participante,0,0,,,0,0,0,
969,Papelaria Litoral ME,10000969000183,MEI,FRANCA,4,Diego Alves,Atendimento ao Cliente,Participante,0,0,,,0,0,0,
970,Distribuidora Silva ME,10000970000190,MEI,RIBEIRAO PRETO,13,Mariana Teles,Consultoria Especializada,Participante,0,0,,,0,0,0,
971,Tecnologia Silva EIRELI,10000971000197,ME,SAO CARLOS,14,Nicolas Vieira,Sustentabilidade,Participante,0,0,,,0,0,0,
972,Tecnologia Silva ME,10000972000104,ME,SAO CARLOS,1,Ana Souza,Comercio e Servicos,Concluinte,1,0,Plano D - Sustentabilidade,,1,1,0,
973,Alimentos Norte EIRELI,10000973000111,MEI,RIBEIRAO PRETO,5,Elisa Rocha,Empreendedorismo Cultural,Participante,0,0,,,0,0,0,
974,Construtora Norte e Cia,10000974000118,ME,MARILIA,13,Mariana Teles,Consultoria Especializada,Participante,0,0,,,0,0,0,
975,Confeccoes Central EIRELI,10000975000125,MEI,BAURU,14,Nicolas Vieira,Sustentabilidade,Sem atendimento,0,0,,,0,0,1,-5.27
976,Papelaria Litoral Ltda,10000976000132,ME,SAO CARLOS,16,Paulo Cezar,Tecnologia e Inovacao,Participante,0,0,,,0,0,1,18.31
977,Tecnologia Norte S.A.,10000977000139,ME,SAO CARLOS,3,Carla Dias,Turismo e Agronegocio,Concluinte,1,0,Plano A - Crescimento,,1,1,1,17.23
978,Construtora Norte EIRELI,10000978000146,ME,ARACATUBA,5,Elisa Rocha,Empreendedorismo Cultural,Participante,0,0,,,0,0,1,-1.31
979,Transportes Norte e Cia,10000979000153,MEI,CAMPINAS,7,Giovana Melo,Sustentabilidade,Participante,0,0,,,0,0,0,
980,Tecnologia Oeste e Cia,10000980000160,MEI,CAMPINAS,9,Iara Costa,Tecnologia e Inovacao,Participante,0,0,,,0,0,0,
981,Tecnologia Oeste ME,10000981000167,MEI,MARILIA,14,Nicolas Vieira,Sustentabilidade,Participante,0,0,,,0,0,0,
982,Confeccoes Souza ME,10000982000174,ME,SAO CARLOS,1,Ana Souza,Comercio e Servicos,Participante,0,0,,,0,0,0,
983,Papelaria Souza S.A.,10000983000181,MEI,PRESIDENTE PRUDENTE,15,Olivia Prado,Comercio e Servicos,Participante,0,0,,,0,0,0,
984,Servicos Litoral ME,10000984000188,MEI,FRANCA,8,Hugo Ramos,Comercio e Servicos,Participante,0,0,,,0,0,0,
985,Distribuidora Litoral Ltda,10000985000195,MEI,ARACATUBA,3,Carla Dias,Turismo e Agronegocio,Sem atendimento,0,0,,,0,0,0,
986,Confeccoes Silva ME,10000986000102,ME,ARACATUBA,5,Elisa Rocha,Empreendedorismo Cultural,Concluinte,1,0,Plano D - Sustentabilidade,,1,1,0,
987,Construtora Central Ltda,10000987000109,MEI,SOROCABA,10,Joao Pedro,Turismo e Agronegocio,Participante,0,0,,,0,0,0,
988,Servicos Norte e Cia,10000988000116,ME,RIBEIRAO PRETO,7,Giovana Melo,Sustentabilidade,Concluinte,1,0,Plano D - Sustentabilidade,,1,1,0,
989,Papelaria Litoral EIRELI,10000989000123,ME,CAMPINAS,16,Paulo Cezar,Tecnologia e Inovacao,Concluinte,1,0,Plano D - Sustentabilidade,,1,1,0,
990,Tecnologia Norte e Cia,10000990000130,MEI,SAO CARLOS,1,Ana Souza,Comercio e Servicos,Participante,0,0,,,0,0,0,
991,Confeccoes Souza e Cia,10000991000137,MEI,CAMPINAS,2,Bruno Lima,Tecnologia e Inovacao,Participante,0,0,,,0,0,0,
992,Distribuidora Central ME,10000992000144,ME,SOROCABA,1,Ana Souza,Comercio e Servicos,Participante,0,0,,,0,0,1,34.87
993,Distribuidora Silva ME,10000993000151,EPP,FRANCA,12,Lucas Barros,Empreendedorismo Cultural,Participante,0,0,,,0,0,0,
994,Servicos Central e Cia,10000994000158,MEDIA,FRANCA,13,Mariana Teles,Consultoria Especializada,Sem atendimento,0,0,,,0,0,1,15.87
995,Construtora Norte e Cia,10000995000165,MEI,SOROCABA,11,Karina Reis,Atendimento ao Cliente,Participante,0,0,,,0,0,0,
996,Transportes Litoral Ltda,10000996000172,MEI,CAMPINAS,15,Olivia Prado,Comercio e Servicos,Participante,0,0,,,0,0,0,
997,Alimentos Central S.A.,10000997000179,ME,ARACATUBA,10,Joao Pedro,Turismo e Agronegocio,Participante,0,0,,,0,0,0,
998,Alimentos Oeste ME,10000998000186,MEI,SOROCABA,12,Lucas Barros,Empreendedorismo Cultural,Concluinte,1,0,Plano C - Parcerias Corporativas,,1,1,1,-8.73
999,Comercial Litoral ME,10000999000193,EPP,BAURU,9,Iara Costa,Tecnologia e Inovacao,Participante,0,0,,,0,0,0,
1000,Transportes Oeste EIRELI,10001000000100,MEI,ARACATUBA,1,Ana Souza,Comercio e Servicos,Participante,0,0,,,0,0,0,
1001,Industria Silva S.A.,10001001000107,ME,BAURU,13,Mariana Teles,Consultoria Especializada,Participante,0,0,,,0,0,1,37.47
1002,Tecnologia Souza e Cia,10001002000114,MEI,RIBEIRAO PRETO,8,Hugo Ramos,Comercio e Servicos,Participante,0,0,,,0,0,1,17.28
1003,Papelaria Oeste S.A.,10001003000121,ME,CAMPINAS,10,Joao Pedro,Turismo e Agronegocio,Participante,0,0,,,0,0,1,26.7
1004,Papelaria Norte EIRELI,10001004000128,EPP,SAO JOSE DO RIO PRETO,5,Elisa Rocha,Empreendedorismo Cultural,Concluinte,1,0,Plano B - Projetos Especiais,,1,1,1,42.27
1005,Tecnologia Souza e Cia,10001005000135,EPP,CAMPINAS,5,Elisa Rocha,Empreendedorismo Cultural,Concluinte,1,0,Plano D - Sustentabilidade,,1,1,1,42.52
1006,Transportes Norte Ltda,10001006000142,MEI,SOROCABA,3,Carla Dias,Turismo e Agronegocio,Participante,0,0,,,0,0,0,
1007,Comercial Oeste S.A.,10001007000149,MEDIA,SAO CARLOS,5,Elisa Rocha,Empreendedorismo Cultural,Sem atendimento,0,0,,,0,0,1,9.91
1008,Confeccoes Souza EIRELI,10001008000156,MEI,SAO JOSE DO RIO PRETO,15,Olivia Prado,Comercio e Servicos,Participante,0,0,,,0,0,0,
1009,Papelaria Norte ME,10001009000163,ME,RIBEIRAO PRETO,1,Ana Souza,Comercio e Servicos,Sem atendimento,0,0,,,0,0,0,
1010,Papelaria Souza EIRELI,10001010000170,ME,FRANCA,8,Hugo Ramos,Comercio e Servicos,Participante,0,0,,,0,0,0,
1011,Construtora Souza e Cia,10001011000177,EPP,SOROCABA,3,Carla Dias,Turismo e Agronegocio,Participante,0,0,,,0,0,0,
1012,Industria Central S.A.,10001012000184,ME,PRESIDENTE PRUDENTE,12,Lucas Barros,Empreendedorismo Cultural,Sem atendimento,0,0,,,0,0,0,
1013,Servicos Silva S.A.,10001013000191,ME,SAO JOSE DO RIO PRETO,7,Giovana Melo,Sustentabilidade,Participante,0,0,,,0,0,0,
1014,Tecnologia Souza EIRELI,10001014000198,ME,SAO CARLOS,9,Iara Costa,Tecnologia e Inovacao,Participante,0,0,,,0,0,0,
1015,Construtora Norte S.A.,10001015000105,ME,SOROCABA,6,Fabio Nunes,Consultoria Especializada,Participante,0,0,,,0,0,0,
1016,Servicos Central S.A.,10001016000112,ME,MARILIA,15,Olivia Prado,Comercio e Servicos,Participante,0,0,,,0,0,0,
1017,Alimentos Central e Cia,10001017000119,EPP,ARACATUBA,13,Mariana Teles,Consultoria Especializada,Concluinte,1,0,Plano D - Sustentabilidade,,1,1,1,-2.62
1018,Transportes Silva S.A.,10001018000126,ME,BAURU,2,Bruno Lima,Tecnologia e Inovacao,Participante,0,0,,,0,0,0,
1019,Servicos Norte e Cia,10001019000133,MEI,BAURU,2,Bruno Lima,Tecnologia e Inovacao,Participante,0,0,,,0,0,1,13.98
1020,Transportes Central e Cia,10001020000140,ME,ARACATUBA,2,Bruno Lima,Tecnologia e Inovacao,Participante,0,0,,,0,0,1,32.92
1021,Servicos Oeste S.A.,10001021000147,MEI,MARILIA,2,Bruno Lima,Tecnologia e Inovacao,Concluinte,1,0,Plano B - Projetos Especiais,,1,1,1,-2.39
1022,Construtora Souza S.A.,10001022000154,MEI,PRESIDENTE PRUDENTE,10,Joao Pedro,Turismo e Agronegocio,Sem atendimento,0,0,,,0,0,1,15.06
1023,Transportes Souza S.A.,10001023000161,EPP,PRESIDENTE PRUDENTE,2,Bruno Lima,Tecnologia e Inovacao,Concluinte,1,0,Plano C - Parcerias Corporativas,,1,1,1,36.32
1024,Transportes Silva EIRELI,10001024000168,ME,SAO JOSE DO RIO PRETO,3,Carla Dias,Turismo e Agronegocio,Participante,0,1,,Plano B - Projetos Especiais,0,1,0,
1025,Tecnologia Central ME,10001025000175,ME,SOROCABA,5,Elisa Rocha,Empreendedorismo Cultural,Concluinte,1,0,Plano D - Sustentabilidade,,1,1,0,
1026,Papelaria Litoral EIRELI,10001026000182,EPP,MARILIA,15,Olivia Prado,Comercio e Servicos,Concluinte,1,0,Plano D - Sustentabilidade,,1,1,1,15.88
1027,Alimentos Litoral EIRELI,10001027000189,ME,PRESIDENTE PRUDENTE,9,Iara Costa,Tecnologia e Inovacao,Participante,0,0,,,0,0,0,
1028,Distribuidora Litoral S.A.,10001028000196,ME,SAO JOSE DO RIO PRETO,3,Carla Dias,Turismo e Agronegocio,Sem atendimento,0,0,,,0,0,0,
1029,Transportes Norte EIRELI,10001029000103,MEI,SAO JOSE DO RIO PRETO,13,Mariana Teles,Consultoria Especializada,Participante,0,0,,,0,0,0,
1030,Industria Oeste e Cia,10001030000110,EPP,SAO CARLOS,2,Bruno Lima,Tecnologia e Inovacao,Participante,0,0,,,0,0,0,
1031,Industria Souza EIRELI,10001031000117,ME,SAO CARLOS,5,Elisa Rocha,Empreendedorismo Cultural,Concluinte,1,0,Plano D - Sustentabilidade,,1,1,1,3.44
1032,Confeccoes Oeste S.A.,10001032000124,MEI,PRESIDENTE PRUDENTE,14,Nicolas Vieira,Sustentabilidade,Participante,0,0,,,0,0,1,42.13
1033,Industria Souza Ltda,10001033000131,ME,SAO JOSE DO RIO PRETO,4,Diego Alves,Atendimento ao Cliente,Participante,0,0,,,0,0,0,
1034,Construtora Central S.A.,10001034000138,ME,ARACATUBA,1,Ana Souza,Comercio e Servicos,Sem atendimento,0,0,,,0,0,1,14.04
1035,Servicos Souza e Cia,10001035000145,ME,MARILIA,16,Paulo Cezar,Tecnologia e Inovacao,Sem atendimento,0,0,,,0,0,1,46.2
1036,Construtora Silva e Cia,10001036000152,ME,FRANCA,14,Nicolas Vieira,Sustentabilidade,Participante,0,0,,,0,0,0,
1037,Papelaria Litoral e Cia,10001037000159,EPP,CAMPINAS,9,Iara Costa,Tecnologia e Inovacao,Sem atendimento,0,0,,,0,0,0,
1038,Industria Souza Ltda,10001038000166,ME,CAMPINAS,2,Bruno Lima,Tecnologia e Inovacao,Concluinte,1,0,Plano A - Crescimento,,1,1,0,
1039,Comercial Litoral e Cia,10001039000173,EPP,FRANCA,5,Elisa Rocha,Empreendedorismo Cultural,Participante,0,0,,,0,0,0,
1040,Distribuidora Silva Ltda,10001040000180,MEI,RIBEIRAO PRETO,11,Karina Reis,Atendimento ao Cliente,Participante,0,0,,,0,0,1,-8.09
1041,Confeccoes Norte e Cia,10001041000187,ME,FRANCA,6,Fabio Nunes,Consultoria Especializada,Participante,0,0,,,0,0,1,15.63
1042,Construtora Litoral e Cia,10001042000194,MEI,CAMPINAS,6,Fabio Nunes,Consultoria Especializada,Sem atendimento,0,0,,,0,0,1,42.74
1043,Confeccoes Oeste ME,10001043000101,EPP,CAMPINAS,3,Carla Dias,Turismo e Agronegocio,Participante,0,0,,,0,0,1,36.29
1044,Tecnologia Norte Ltda,10001044000108,MEI,SAO CARLOS,3,Carla Dias,Turismo e Agronegocio,Participante,0,0,,,0,0,1,36.17
1045,Confeccoes Oeste e Cia,10001045000115,MEI,FRANCA,4,Diego Alves,Atendimento ao Cliente,Participante,0,0,,,0,0,0,
1046,Papelaria Silva Ltda,10001046000122,ME,SAO JOSE DO RIO PRETO,7,Giovana Melo,Sustentabilidade,Participante,0,0,,,0,0,0,
1047,Construtora Litoral e Cia,10001047000129,EPP,PRESIDENTE PRUDENTE,3,Carla Dias,Turismo e Agronegocio,Concluinte,1,0,Plano D - Sustentabilidade,,1,1,1,22.73
1048,Tecnologia Norte ME,10001048000136,MEI,SOROCABA,10,Joao Pedro,Turismo e Agronegocio,Sem atendimento,0,0,,,0,0,0,
1049,Industria Norte e Cia,10001049000143,ME,BAURU,12,Lucas Barros,Empreendedorismo Cultural,Participante,0,0,,,0,0,0,
1050,Construtora Souza e Cia,10001050000150,MEI,MARILIA,16,Paulo Cezar,Tecnologia e Inovacao,Participante,0,0,,,0,0,0,
1051,Comercial Silva Ltda,10001051000157,ME,SAO CARLOS,7,Giovana Melo,Sustentabilidade,Participante,0,0,,,0,0,0,
1052,Servicos Norte S.A.,10001052000164,MEI,SAO JOSE DO RIO PRETO,4,Diego Alves,Atendimento ao Cliente,Sem atendimento,0,0,,,0,0,0,
1053,Transportes Litoral EIRELI,10001053000171,MEI,SOROCABA,12,Lucas Barros,Empreendedorismo Cultural,Participante,0,0,,,0,0,1,8.84
1054,Confeccoes Silva ME,10001054000178,MEI,PRESIDENTE PRUDENTE,10,Joao Pedro,Turismo e Agronegocio,Participante,0,0,,,0,0,0,
1055,Comercial Silva ME,10001055000185,MEI,MARILIA,11,Karina Reis,Atendimento ao Cliente,Participante,0,0,,,0,0,0,
1056,Industria Souza ME,10001056000192,EPP,CAMPINAS,1,Ana Souza,Comercio e Servicos,Participante,0,0,,,0,0,0,
1057,Construtora Silva EIRELI,10001057000199,ME,CAMPINAS,16,Paulo Cezar,Tecnologia e Inovacao,Participante,0,0,,,0,0,0,
1058,Transportes Oeste S.A.,10001058000106,ME,MARILIA,15,Olivia Prado,Comercio e Servicos,Concluinte,1,0,Plano C - Parcerias Corporativas,,1,1,1,31.68
1059,Transportes Oeste e Cia,10001059000113,ME,SAO JOSE DO RIO PRETO,2,Bruno Lima,Tecnologia e Inovacao,Concluinte,1,0,Plano D - Sustentabilidade,,1,1,0,
1060,Servicos Norte ME,10001060000120,ME,PRESIDENTE PRUDENTE,1,Ana Souza,Comercio e Servicos,Concluinte,1,0,Plano D - Sustentabilidade,,1,1,1,9.4
1061,Distribuidora Souza ME,10001061000127,EPP,PRESIDENTE PRUDENTE,12,Lucas Barros,Empreendedorismo Cultural,Concluinte,1,0,Plano A - Crescimento,,1,1,0,
1062,Transportes Souza e Cia,10001062000134,ME,SAO CARLOS,13,Mariana Teles,Consultoria Especializada,Participante,0,0,,,0,0,0,
1063,Confeccoes Litoral ME,10001063000141,ME,PRESIDENTE PRUDENTE,4,Diego Alves,Atendimento ao Cliente,Participante,0,0,,,0,0,1,61.73
1064,Distribuidora Central EIRELI,10001064000148,MEI,MARILIA,14,Nicolas Vieira,Sustentabilidade,Participante,0,0,,,0,0,0,
1065,Servicos Norte ME,10001065000155,MEI,RIBEIRAO PRETO,10,Joao Pedro,Turismo e Agronegocio,Participante,0,0,,,0,0,0,
1066,Servicos Silva S.A.,10001066000162,ME,PRESIDENTE PRUDENTE,2,Bruno Lima,Tecnologia e Inovacao,Concluinte,1,0,Plano D - Sustentabilidade,,1,1,1,22.25
1067,Transportes Souza EIRELI,10001067000169,MEI,ARACATUBA,16,Paulo Cezar,Tecnologia e Inovacao,Participante,0,0,,,0,0,1,23.82
1068,Alimentos Souza Ltda,10001068000176,EPP,PRESIDENTE PRUDENTE,10,Joao Pedro,Turismo e Agronegocio,Concluinte,1,0,Plano D - Sustentabilidade,,1,1,0,
1069,Servicos Litoral Ltda,10001069000183,ME,ARACATUBA,5,Elisa Rocha,Empreendedorismo Cultural,Participante,0,0,,,0,0,0,
1070,Comercial Oeste Ltda,10001070000190,ME,RIBEIRAO PRETO,4,Diego Alves,Atendimento ao Cliente,Sem atendimento,0,0,,,0,0,0,
1071,Alimentos Central Ltda,10001071000197,MEI,FRANCA,3,Carla Dias,Turismo e Agronegocio,Participante,0,0,,,0,0,1,14.62
1072,Comercial Norte ME,10001072000104,ME,MARILIA,10,Joao Pedro,Turismo e Agronegocio,Concluinte,1,0,Plano C - Parcerias Corporativas,,1,1,0,
1073,Servicos Souza ME,10001073000111,MEI,FRANCA,11,Karina Reis,Atendimento ao Cliente,Participante,0,0,,,0,0,0,
1074,Distribuidora Oeste EIRELI,10001074000118,MEI,SAO JOSE DO RIO PRETO,15,Olivia Prado,Comercio e Servicos,Participante,0,0,,,0,0,0,
1075,Papelaria Norte e Cia,10001075000125,MEI,SAO CARLOS,1,Ana Souza,Comercio e Servicos,Participante,0,0,,,0,0,0,
1076,Transportes Oeste ME,10001076000132,MEI,PRESIDENTE PRUDENTE,12,Lucas Barros,Empreendedorismo Cultural,Participante,0,0,,,0,0,0,
1077,Papelaria Souza EIRELI,10001077000139,MEI,ARACATUBA,10,Joao Pedro,Turismo e Agronegocio,Sem atendimento,0,0,,,0,0,1,42.14
1078,Transportes Central Ltda,10001078000146,MEI,SAO JOSE DO RIO PRETO,11,Karina Reis,Atendimento ao Cliente,Participante,0,0,,,0,0,0,
1079,Distribuidora Central Ltda,10001079000153,MEI,SOROCABA,2,Bruno Lima,Tecnologia e Inovacao,Participante,0,0,,,0,0,0,
1080,Papelaria Norte S.A.,10001080000160,ME,SAO JOSE DO RIO PRETO,6,Fabio Nunes,Consultoria Especializada,Participante,0,0,,,0,0,0,
1081,Servicos Litoral e Cia,10001081000167,MEI,SOROCABA,11,Karina Reis,Atendimento ao Cliente,Participante,0,0,,,0,0,1,50.3
1082,Papelaria Souza Ltda,10001082000174,EPP,BAURU,15,Olivia Prado,Comercio e Servicos,Participante,0,0,,,0,0,1,5.66
1083,Distribuidora Central ME,10001083000181,ME,SAO CARLOS,15,Olivia Prado,Comercio e Servicos,Participante,0,0,,,0,0,1,35.51
1084,Construtora Souza EIRELI,10001084000188,MEI,SOROCABA,15,Olivia Prado,Comercio e Servicos,Participante,0,0,,,0,0,1,39.24
1085,Alimentos Central EIRELI,10001085000195,ME,ARACATUBA,9,Iara Costa,Tecnologia e Inovacao,Participante,0,0,,,0,0,0,
1086,Alimentos Central S.A.,10001086000102,MEI,ARACATUBA,11,Karina Reis,Atendimento ao Cliente,Participante,0,0,,,0,0,0,
1087,Alimentos Central S.A.,10001087000109,EPP,RIBEIRAO PRETO,4,Diego Alves,Atendimento ao Cliente,Concluinte,1,0,Plano D - Sustentabilidade,,1,1,0,
1088,Papelaria Norte EIRELI,10001088000116,ME,CAMPINAS,12,Lucas Barros,Empreendedorismo Cultural,Participante,0,0,,,0,0,0,
1089,Alimentos Norte Ltda,10001089000123,ME,FRANCA,4,Diego Alves,Atendimento ao Cliente,Participante,0,0,,,0,0,0,
1090,Tecnologia Norte S.A.,10001090000130,MEI,BAURU,15,Olivia Prado,Comercio e Servicos,Participante,0,0,,,0,0,1,46.9
1091,Construtora Central Ltda,10001091000137,MEI,PRESIDENTE PRUDENTE,6,Fabio Nunes,Consultoria Especializada,Participante,0,0,,,0,0,0,
1092,Tecnologia Norte ME,10001092000144,ME,PRESIDENTE PRUDENTE,14,Nicolas Vieira,Sustentabilidade,Sem atendimento,0,0,,,0,0,0,
1093,Distribuidora Litoral e Cia,10001093000151,EPP,SAO JOSE DO RIO PRETO,6,Fabio Nunes,Consultoria Especializada,Participante,0,0,,,0,0,0,
1094,Alimentos Norte Ltda,10001094000158,EPP,SAO JOSE DO RIO PRETO,15,Olivia Prado,Comercio e Servicos,Sem atendimento,0,0,,,0,0,1,69.47
1095,Tecnologia Silva e Cia,10001095000165,MEI,MARILIA,10,Joao Pedro,Turismo e Agronegocio,Concluinte,1,0,Plano B - Projetos Especiais,,1,1,1,25.14
1096,Alimentos Central Ltda,10001096000172,MEI,PRESIDENTE PRUDENTE,13,Mariana Teles,Consultoria Especializada,Participante,0,0,,,0,0,0,
1097,Papelaria Litoral Ltda,10001097000179,ME,SOROCABA,5,Elisa Rocha,Empreendedorismo Cultural,Participante,0,0,,,0,0,1,12.15
1098,Construtora Norte ME,10001098000186,MEI,PRESIDENTE PRUDENTE,5,Elisa Rocha,Empreendedorismo Cultural,Participante,0,0,,,0,0,0,
1099,Servicos Souza ME,10001099000193,MEI,BAURU,15,Olivia Prado,Comercio e Servicos,Participante,0,0,,,0,0,0,
1100,Tecnologia Litoral ME,10001100000100,GRANDE,RIBEIRAO PRETO,10,Joao Pedro,Turismo e Agronegocio,Sem atendimento,0,0,,,0,0,1,-2.24
1101,Papelaria Norte S.A.,10001101000107,EPP,PRESIDENTE PRUDENTE,1,Ana Souza,Comercio e Servicos,Participante,0,0,,,0,0,0,
1102,Comercial Oeste e Cia,10001102000114,MEDIA,MARILIA,10,Joao Pedro,Turismo e Agronegocio,Sem atendimento,0,0,,,0,0,0,
1103,Distribuidora Oeste Ltda,10001103000121,MEI,PRESIDENTE PRUDENTE,12,Lucas Barros,Empreendedorismo Cultural,Participante,0,0,,,0,0,0,
1104,Alimentos Litoral S.A.,10001104000128,MEI,SAO JOSE DO RIO PRETO,13,Mariana Teles,Consultoria Especializada,Participante,0,0,,,0,0,1,11.88
1105,Industria Central EIRELI,10001105000135,MEI,BAURU,7,Giovana Melo,Sustentabilidade,Participante,0,0,,,0,0,0,
1106,Tecnologia Souza ME,10001106000142,GRANDE,BAURU,12,Lucas Barros,Empreendedorismo Cultural,Sem atendimento,0,0,,,0,0,0,
1107,Industria Silva Ltda,10001107000149,ME,CAMPINAS,5,Elisa Rocha,Empreendedorismo Cultural,Participante,0,0,,,0,0,0,
1108,Tecnologia Souza Ltda,10001108000156,MEI,BAURU,16,Paulo Cezar,Tecnologia e Inovacao,Participante,0,0,,,0,0,0,
1109,Construtora Litoral e Cia,10001109000163,EPP,PRESIDENTE PRUDENTE,14,Nicolas Vieira,Sustentabilidade,Concluinte,1,0,Plano B - Projetos Especiais,,1,1,1,31.64
1110,Construtora Norte S.A.,10001110000170,ME,SAO JOSE DO RIO PRETO,6,Fabio Nunes,Consultoria Especializada,Participante,0,1,,Plano B - Projetos Especiais,0,1,0,
1111,Alimentos Souza EIRELI,10001111000177,MEI,FRANCA,13,Mariana Teles,Consultoria Especializada,Participante,0,0,,,0,0,1,40.88
1112,Servicos Litoral e Cia,10001112000184,MEI,SAO CARLOS,16,Paulo Cezar,Tecnologia e Inovacao,Participante,0,0,,,0,0,0,
1113,Comercial Silva e Cia,10001113000191,ME,MARILIA,12,Lucas Barros,Empreendedorismo Cultural,Participante,0,0,,,0,0,1,17.41
1114,Papelaria Central Ltda,10001114000198,MEI,RIBEIRAO PRETO,4,Diego Alves,Atendimento ao Cliente,Participante,0,0,,,0,0,0,
1115,Construtora Norte Ltda,10001115000105,ME,CAMPINAS,9,Iara Costa,Tecnologia e Inovacao,Concluinte,1,0,Plano D - Sustentabilidade,,1,1,1,11.44
1116,Servicos Central Ltda,10001116000112,ME,SOROCABA,3,Carla Dias,Turismo e Agronegocio,Concluinte,1,0,Plano B - Projetos Especiais,,1,1,1,45.06
1117,Papelaria Silva ME,10001117000119,ME,RIBEIRAO PRETO,10,Joao Pedro,Turismo e Agronegocio,Participante,0,0,,,0,0,0,
1118,Construtora Norte S.A.,10001118000126,ME,SOROCABA,16,Paulo Cezar,Tecnologia e Inovacao,Concluinte,1,0,Plano D - Sustentabilidade,,1,1,1,48.01
1119,Alimentos Oeste ME,10001119000133,MEI,SAO JOSE DO RIO PRETO,14,Nicolas Vieira,Sustentabilidade,Participante,0,0,,,0,0,0,
1120,Papelaria Oeste Ltda,10001120000140,ME,SAO JOSE DO RIO PRETO,10,Joao Pedro,Turismo e Agronegocio,Concluinte,1,0,Plano D - Sustentabilidade,,1,1,0,
1121,Papelaria Silva ME,10001121000147,EPP,MARILIA,6,Fabio Nunes,Consultoria Especializada,Participante,0,1,,Plano A - Crescimento,0,1,1,24.71
1122,Confeccoes Central Ltda,10001122000154,MEI,SAO JOSE DO RIO PRETO,1,Ana Souza,Comercio e Servicos,Participante,0,0,,,0,0,1,34.33
1123,Confeccoes Souza e Cia,10001123000161,MEI,FRANCA,9,Iara Costa,Tecnologia e Inovacao,Participante,0,0,,,0,0,0,
1124,Comercial Litoral Ltda,10001124000168,ME,MARILIA,9,Iara Costa,Tecnologia e Inovacao,Sem atendimento,0,0,,,0,0,0,
1125,Construtora Oeste EIRELI,10001125000175,MEI,RIBEIRAO PRETO,5,Elisa Rocha,Empreendedorismo Cultural,Participante,0,0,,,0,0,0,
1126,Construtora Souza e Cia,10001126000182,EPP,CAMPINAS,8,Hugo Ramos,Comercio e Servicos,Concluinte,1,0,Plano D - Sustentabilidade,,1,1,0,
1127,Industria Norte EIRELI,10001127000189,EPP,ARACATUBA,3,Carla Dias,Turismo e Agronegocio,Concluinte,1,0,Plano D - Sustentabilidade,,1,1,0,
1128,Tecnologia Souza S.A.,10001128000196,ME,MARILIA,14,Nicolas Vieira,Sustentabilidade,Concluinte,1,0,Plano D - Sustentabilidade,,1,1,1,28.5
1129,Papelaria Litoral ME,10001129000103,MEI,SOROCABA,7,Giovana Melo,Sustentabilidade,Participante,0,0,,,0,0,0,
1130,Comercial Souza S.A.,10001130000110,MEI,BAURU,4,Diego Alves,Atendimento ao Cliente,Participante,0,0,,,0,0,0,
1131,Transportes Souza S.A.,10001131000117,ME,SAO CARLOS,16,Paulo Cezar,Tecnologia e Inovacao,Concluinte,1,0,Plano D - Sustentabilidade,,1,1,1,21.02
1132,Confeccoes Souza e Cia,10001132000124,EPP,BAURU,16,Paulo Cezar,Tecnologia e Inovacao,Participante,0,0,,,0,0,0,
1133,Construtora Central ME,10001133000131,MEDIA,SOROCABA,10,Joao Pedro,Turismo e Agronegocio,Sem atendimento,0,0,,,0,0,1,4.9
1134,Distribuidora Norte ME,10001134000138,MEDIA,RIBEIRAO PRETO,2,Bruno Lima,Tecnologia e Inovacao,Sem atendimento,0,0,,,0,0,0,
1135,Alimentos Oeste ME,10001135000145,EPP,RIBEIRAO PRETO,9,Iara Costa,Tecnologia e Inovacao,Participante,0,0,,,0,0,0,
1136,Construtora Litoral EIRELI,10001136000152,ME,RIBEIRAO PRETO,13,Mariana Teles,Consultoria Especializada,Participante,0,0,,,0,0,0,
1137,Transportes Oeste EIRELI,10001137000159,MEI,PRESIDENTE PRUDENTE,7,Giovana Melo,Sustentabilidade,Participante,0,0,,,0,0,0,
1138,Distribuidora Silva S.A.,10001138000166,MEI,SAO CARLOS,1,Ana Souza,Comercio e Servicos,Participante,0,0,,,0,0,1,-13.91
1139,Alimentos Souza ME,10001139000173,MEI,SAO JOSE DO RIO PRETO,15,Olivia Prado,Comercio e Servicos,Participante,0,0,,,0,0,0,
1140,Papelaria Silva Ltda,10001140000180,EPP,RIBEIRAO PRETO,1,Ana Souza,Comercio e Servicos,Participante,0,0,,,0,0,0,
1141,Papelaria Litoral Ltda,10001141000187,ME,FRANCA,7,Giovana Melo,Sustentabilidade,Concluinte,1,0,Plano D - Sustentabilidade,,1,1,0,
1142,Papelaria Souza S.A.,10001142000194,ME,SAO JOSE DO RIO PRETO,3,Carla Dias,Turismo e Agronegocio,Participante,0,0,,,0,0,0,
1143,Distribuidora Litoral EIRELI,10001143000101,MEI,PRESIDENTE PRUDENTE,6,Fabio Nunes,Consultoria Especializada,Participante,0,0,,,0,0,0,
1144,Construtora Oeste S.A.,10001144000108,ME,SAO JOSE DO RIO PRETO,3,Carla Dias,Turismo e Agronegocio,Participante,0,0,,,0,0,0,
1145,Confeccoes Souza Ltda,10001145000115,MEI,PRESIDENTE PRUDENTE,11,Karina Reis,Atendimento ao Cliente,Participante,0,0,,,0,0,0,
1146,Tecnologia Oeste Ltda,10001146000122,MEI,SOROCABA,13,Mariana Teles,Consultoria Especializada,Participante,0,0,,,0,0,0,
1147,Industria Central Ltda,10001147000129,ME,PRESIDENTE PRUDENTE,9,Iara Costa,Tecnologia e Inovacao,Participante,0,0,,,0,0,1,43.05
1148,Papelaria Central EIRELI,10001148000136,ME,CAMPINAS,7,Giovana Melo,Sustentabilidade,Sem atendimento,0,0,,,0,0,1,-1.79
1149,Transportes Central EIRELI,10001149000143,ME,SAO CARLOS,5,Elisa Rocha,Empreendedorismo Cultural,Participante,0,0,,,0,0,0,
1150,Confeccoes Silva Ltda,10001150000150,MEI,ARACATUBA,15,Olivia Prado,Comercio e Servicos,Participante,0,0,,,0,0,0,
1151,Construtora Silva S.A.,10001151000157,MEI,RIBEIRAO PRETO,9,Iara Costa,Tecnologia e Inovacao,Participante,0,0,,,0,0,0,
1152,Comercial Litoral S.A.,10001152000164,MEI,FRANCA,1,Ana Souza,Comercio e Servicos,Participante,0,0,,,0,0,0,
1153,Tecnologia Norte Ltda,10001153000171,ME,CAMPINAS,11,Karina Reis,Atendimento ao Cliente,Participante,0,0,,,0,0,0,
1154,Construtora Central S.A.,10001154000178,EPP,BAURU,16,Paulo Cezar,Tecnologia e Inovacao,Participante,0,0,,,0,0,0,
1155,Transportes Souza Ltda,10001155000185,MEI,FRANCA,3,Carla Dias,Turismo e Agronegocio,Participante,0,0,,,0,0,0,
1156,Distribuidora Norte e Cia,10001156000192,EPP,RIBEIRAO PRETO,16,Paulo Cezar,Tecnologia e Inovacao,Concluinte,1,0,Plano D - Sustentabilidade,,1,1,1,6.33
1157,Confeccoes Central Ltda,10001157000199,ME,SAO CARLOS,11,Karina Reis,Atendimento ao Cliente,Concluinte,1,0,Plano D - Sustentabilidade,,1,1,0,
1158,Alimentos Norte ME,10001158000106,MEI,SAO JOSE DO RIO PRETO,3,Carla Dias,Turismo e Agronegocio,Participante,0,0,,,0,0,0,
1159,Servicos Souza e Cia,10001159000113,MEI,SAO CARLOS,10,Joao Pedro,Turismo e Agronegocio,Participante,0,0,,,0,0,0,
1160,Confeccoes Litoral S.A.,10001160000120,EPP,ARACATUBA,7,Giovana Melo,Sustentabilidade,Concluinte,1,0,Plano D - Sustentabilidade,,1,1,1,9.01
1161,Construtora Silva S.A.,10001161000127,ME,MARILIA,12,Lucas Barros,Empreendedorismo Cultural,Participante,0,0,,,0,0,0,
1162,Servicos Silva e Cia,10001162000134,MEI,SAO CARLOS,2,Bruno Lima,Tecnologia e Inovacao,Participante,0,0,,,0,0,0,
1163,Transportes Litoral ME,10001163000141,ME,FRANCA,3,Carla Dias,Turismo e Agronegocio,Participante,0,0,,,0,0,1,2.4
1164,Comercial Silva ME,10001164000148,MEI,FRANCA,15,Olivia Prado,Comercio e Servicos,Concluinte,1,0,Plano B - Projetos Especiais,,1,1,0,
1165,Tecnologia Silva EIRELI,10001165000155,EPP,BAURU,2,Bruno Lima,Tecnologia e Inovacao,Participante,0,0,,,0,0,0,
1166,Transportes Souza e Cia,10001166000162,MEI,RIBEIRAO PRETO,15,Olivia Prado,Comercio e Servicos,Participante,0,0,,,0,0,0,
1167,Industria Central Ltda,10001167000169,ME,SOROCABA,2,Bruno Lima,Tecnologia e Inovacao,Concluinte,1,0,Plano D - Sustentabilidade,,1,1,1,28.51
1168,Servicos Litoral EIRELI,10001168000176,MEI,PRESIDENTE PRUDENTE,2,Bruno Lima,Tecnologia e Inovacao,Participante,0,0,,,0,0,0,
1169,Confeccoes Silva S.A.,10001169000183,ME,MARILIA,2,Bruno Lima,Tecnologia e Inovacao,Participante,0,0,,,0,0,0,
1170,Distribuidora Silva S.A.,10001170000190,ME,SAO CARLOS,3,Carla Dias,Turismo e Agronegocio,Participante,0,0,,,0,0,1,22.81
1171,Distribuidora Souza S.A.,10001171000197,MEI,SAO CARLOS,8,Hugo Ramos,Comercio e Servicos,Sem atendimento,0,0,,,0,0,0,
1172,Alimentos Silva e Cia,10001172000104,ME,FRANCA,13,Mariana Teles,Consultoria Especializada,Participante,0,0,,,0,0,1,38.23
1173,Comercial Norte EIRELI,10001173000111,MEI,SAO JOSE DO RIO PRETO,7,Giovana Melo,Sustentabilidade,Participante,0,0,,,0,0,0,
1174,Industria Central EIRELI,10001174000118,ME,FRANCA,9,Iara Costa,Tecnologia e Inovacao,Concluinte,1,0,Plano A - Crescimento,,1,1,1,40.51
1175,Construtora Souza e Cia,10001175000125,MEI,RIBEIRAO PRETO,6,Fabio Nunes,Consultoria Especializada,Participante,0,0,,,0,0,0,
1176,Industria Silva S.A.,10001176000132,MEI,SOROCABA,13,Mariana Teles,Consultoria Especializada,Participante,0,0,,,0,0,1,-5.07
1177,Distribuidora Litoral e Cia,10001177000139,EPP,CAMPINAS,6,Fabio Nunes,Consultoria Especializada,Participante,0,0,,,0,0,1,4.72
1178,Industria Souza EIRELI,10001178000146,ME,BAURU,16,Paulo Cezar,Tecnologia e Inovacao,Participante,0,0,,,0,0,0,
1179,Tecnologia Souza EIRELI,10001179000153,ME,SAO CARLOS,15,Olivia Prado,Comercio e Servicos,Participante,0,0,,,0,0,0,
1180,Construtora Norte Ltda,10001180000160,ME,CAMPINAS,6,Fabio Nunes,Consultoria Especializada,Participante,0,0,,,0,0,1,13.55
1181,Alimentos Central Ltda,10001181000167,ME,PRESIDENTE PRUDENTE,10,Joao Pedro,Turismo e Agronegocio,Participante,0,0,,,0,0,1,15.85
1182,Transportes Silva e Cia,10001182000174,MEI,PRESIDENTE PRUDENTE,4,Diego Alves,Atendimento ao Cliente,Participante,0,0,,,0,0,1,0.04
1183,Construtora Litoral EIRELI,10001183000181,MEI,BAURU,8,Hugo Ramos,Comercio e Servicos,Participante,0,0,,,0,0,1,15.35
1184,Industria Litoral S.A.,10001184000188,ME,FRANCA,4,Diego Alves,Atendimento ao Cliente,Concluinte,1,0,Plano D - Sustentabilidade,,1,1,0,
1185,Comercial Litoral ME,10001185000195,MEI,MARILIA,2,Bruno Lima,Tecnologia e Inovacao,Participante,0,0,,,0,0,1,6.66
1186,Alimentos Norte S.A.,10001186000102,MEI,RIBEIRAO PRETO,9,Iara Costa,Tecnologia e Inovacao,Participante,0,0,,,0,0,0,
1187,Transportes Souza EIRELI,10001187000109,ME,BAURU,2,Bruno Lima,Tecnologia e Inovacao,Participante,0,0,,,0,0,0,
1188,Distribuidora Souza S.A.,10001188000116,ME,CAMPINAS,4,Diego Alves,Atendimento ao Cliente,Participante,0,0,,,0,0,0,
1189,Servicos Litoral ME,10001189000123,MEI,SAO JOSE DO RIO PRETO,14,Nicolas Vieira,Sustentabilidade,Participante,0,0,,,0,0,1,-4.66
1190,Servicos Silva EIRELI,10001190000130,ME,RIBEIRAO PRETO,11,Karina Reis,Atendimento ao Cliente,Concluinte,1,0,Plano D - Sustentabilidade,,1,1,1,43.86
1191,Tecnologia Souza Ltda,10001191000137,ME,MARILIA,7,Giovana Melo,Sustentabilidade,Participante,0,0,,,0,0,0,
1192,Tecnologia Souza EIRELI,10001192000144,EPP,CAMPINAS,2,Bruno Lima,Tecnologia e Inovacao,Concluinte,1,0,Plano C - Parcerias Corporativas,,1,1,1,49.72
1193,Tecnologia Oeste EIRELI,10001193000151,ME,BAURU,6,Fabio Nunes,Consultoria Especializada,Participante,0,0,,,0,0,0,
1194,Confeccoes Souza ME,10001194000158,MEI,CAMPINAS,12,Lucas Barros,Empreendedorismo Cultural,Participante,0,0,,,0,0,1,43.58
1195,Confeccoes Souza Ltda,10001195000165,EPP,SOROCABA,2,Bruno Lima,Tecnologia e Inovacao,Participante,0,0,,,0,0,0,
1196,Industria Oeste EIRELI,10001196000172,EPP,SAO CARLOS,14,Nicolas Vieira,Sustentabilidade,Participante,0,0,,,0,0,1,7.42
1197,Papelaria Souza e Cia,10001197000179,MEDIA,FRANCA,6,Fabio Nunes,Consultoria Especializada,Sem atendimento,0,0,,,0,0,0,
1198,Distribuidora Central e Cia,10001198000186,ME,CAMPINAS,8,Hugo Ramos,Comercio e Servicos,Participante,0,0,,,0,0,0,
1199,Construtora Oeste Ltda,10001199000193,ME,PRESIDENTE PRUDENTE,16,Paulo Cezar,Tecnologia e Inovacao,Concluinte,1,0,Plano D - Sustentabilidade,,1,1,0,
1200,Servicos Oeste S.A.,10001200000100,ME,SAO JOSE DO RIO PRETO,8,Hugo Ramos,Comercio e Servicos,Participante,0,0,,,0,0,0,
1201,Papelaria Silva S.A.,10001201000107,MEDIA,SAO CARLOS,5,Elisa Rocha,Empreendedorismo Cultural,Sem atendimento,0,0,,,0,0,0,
1202,Transportes Silva S.A.,10001202000114,ME,CAMPINAS,16,Paulo Cezar,Tecnologia e Inovacao,Participante,0,0,,,0,0,1,12.12
1203,Construtora Central EIRELI,10001203000121,MEI,RIBEIRAO PRETO,4,Diego Alves,Atendimento ao Cliente,Participante,0,0,,,0,0,1,24.88
1204,Tecnologia Souza EIRELI,10001204000128,MEI,SOROCABA,1,Ana Souza,Comercio e Servicos,Sem atendimento,0,0,,,0,0,1,86.07
1205,Comercial Central ME,10001205000135,MEI,FRANCA,3,Carla Dias,Turismo e Agronegocio,Participante,0,0,,,0,0,0,
1206,Construtora Central EIRELI,10001206000142,EPP,FRANCA,1,Ana Souza,Comercio e Servicos,Concluinte,1,0,Plano D - Sustentabilidade,,1,1,1,7.64
1207,Alimentos Litoral S.A.,10001207000149,ME,FRANCA,6,Fabio Nunes,Consultoria Especializada,Participante,0,0,,,0,0,1,6.8
1208,Tecnologia Litoral ME,10001208000156,ME,CAMPINAS,3,Carla Dias,Turismo e Agronegocio,Participante,0,0,,,0,0,1,18.11
1209,Confeccoes Litoral e Cia,10001209000163,ME,SAO CARLOS,14,Nicolas Vieira,Sustentabilidade,Concluinte,1,0,Plano D - Sustentabilidade,,1,1,0,
1210,Distribuidora Norte ME,10001210000170,ME,BAURU,7,Giovana Melo,Sustentabilidade,Participante,0,0,,,0,0,0,
1211,Comercial Silva S.A.,10001211000177,MEI,RIBEIRAO PRETO,12,Lucas Barros,Empreendedorismo Cultural,Participante,0,0,,,0,0,0,
1212,Alimentos Oeste EIRELI,10001212000184,ME,MARILIA,2,Bruno Lima,Tecnologia e Inovacao,Participante,0,0,,,0,0,1,24.14
1213,Transportes Litoral EIRELI,10001213000191,MEI,SAO CARLOS,3,Carla Dias,Turismo e Agronegocio,Participante,0,0,,,0,0,1,23.8
1214,Transportes Silva S.A.,10001214000198,ME,CAMPINAS,8,Hugo Ramos,Comercio e Servicos,Sem atendimento,0,0,,,0,0,0,
1215,Servicos Oeste ME,10001215000105,EPP,FRANCA,7,Giovana Melo,Sustentabilidade,Concluinte,1,0,Plano D - Sustentabilidade,,1,1,0,
1216,Confeccoes Silva Ltda,10001216000112,MEI,SAO JOSE DO RIO PRETO,14,Nicolas Vieira,Sustentabilidade,Participante,0,0,,,0,0,0,
1217,Transportes Norte Ltda,10001217000119,ME,SOROCABA,16,Paulo Cezar,Tecnologia e Inovacao,Participante,0,0,,,0,0,0,
1218,Construtora Norte ME,10001218000126,ME,MARILIA,10,Joao Pedro,Turismo e Agronegocio,Participante,0,0,,,0,0,0,
1219,Servicos Central Ltda,10001219000133,MEI,CAMPINAS,3,Carla Dias,Turismo e Agronegocio,Participante,0,0,,,0,0,0,
1220,Confeccoes Silva Ltda,10001220000140,MEI,BAURU,6,Fabio Nunes,Consultoria Especializada,Sem atendimento,0,0,,,0,0,0,
1221,Construtora Souza EIRELI,10001221000147,ME,PRESIDENTE PRUDENTE,5,Elisa Rocha,Empreendedorismo Cultural,Sem atendimento,0,0,,,0,0,1,-0.02
1222,Confeccoes Central e Cia,10001222000154,EPP,MARILIA,1,Ana Souza,Comercio e Servicos,Concluinte,1,0,Plano C - Parcerias Corporativas,,1,1,0,
1223,Tecnologia Central Ltda,10001223000161,MEI,CAMPINAS,12,Lucas Barros,Empreendedorismo Cultural,Participante,0,0,,,0,0,0,
1224,Servicos Norte ME,10001224000168,MEI,SAO JOSE DO RIO PRETO,1,Ana Souza,Comercio e Servicos,Participante,0,0,,,0,0,0,
1225,Construtora Norte e Cia,10001225000175,EPP,RIBEIRAO PRETO,11,Karina Reis,Atendimento ao Cliente,Participante,0,0,,,0,0,0,
1226,Confeccoes Norte EIRELI,10001226000182,EPP,CAMPINAS,15,Olivia Prado,Comercio e Servicos,Sem atendimento,0,0,,,0,0,1,31.49
1227,Confeccoes Souza S.A.,10001227000189,MEI,SAO CARLOS,6,Fabio Nunes,Consultoria Especializada,Participante,0,0,,,0,0,0,
1228,Industria Oeste ME,10001228000196,ME,CAMPINAS,2,Bruno Lima,Tecnologia e Inovacao,Participante,0,0,,,0,0,1,23.08
1229,Transportes Oeste EIRELI,10001229000103,MEDIA,SAO CARLOS,6,Fabio Nunes,Consultoria Especializada,Sem atendimento,0,0,,,0,0,1,8.64
1230,Industria Souza Ltda,10001230000110,MEI,BAURU,5,Elisa Rocha,Empreendedorismo Cultural,Participante,0,0,,,0,0,0,
1231,Construtora Oeste ME,10001231000117,MEI,SOROCABA,5,Elisa Rocha,Empreendedorismo Cultural,Participante,0,0,,,0,0,1,-15.0
1232,Alimentos Oeste EIRELI,10001232000124,MEI,FRANCA,2,Bruno Lima,Tecnologia e Inovacao,Participante,0,0,,,0,0,0,
1233,Transportes Oeste Ltda,10001233000131,EPP,CAMPINAS,6,Fabio Nunes,Consultoria Especializada,Sem atendimento,0,0,,,0,0,0,
1234,Industria Central ME,10001234000138,MEI,CAMPINAS,16,Paulo Cezar,Tecnologia e Inovacao,Participante,0,0,,,0,0,0,
1235,Confeccoes Central ME,10001235000145,MEDIA,SAO CARLOS,11,Karina Reis,Atendimento ao Cliente,Sem atendimento,0,0,,,0,0,1,0.17
1236,Papelaria Litoral S.A.,10001236000152,MEI,PRESIDENTE PRUDENTE,5,Elisa Rocha,Empreendedorismo Cultural,Participante,0,0,,,0,0,0,
1237,Comercial Souza e Cia,10001237000159,MEI,SOROCABA,16,Paulo Cezar,Tecnologia e Inovacao,Participante,0,0,,,0,0,0,
1238,Papelaria Souza S.A.,10001238000166,MEI,ARACATUBA,13,Mariana Teles,Consultoria Especializada,Participante,0,0,,,0,0,0,
1239,Papelaria Litoral EIRELI,10001239000173,ME,SAO CARLOS,2,Bruno Lima,Tecnologia e Inovacao,Concluinte,1,0,Plano D - Sustentabilidade,,1,1,0,
1240,Servicos Silva Ltda,10001240000180,ME,SAO JOSE DO RIO PRETO,9,Iara Costa,Tecnologia e Inovacao,Sem atendimento,0,0,,,0,0,0,
1241,Transportes Central EIRELI,10001241000187,ME,RIBEIRAO PRETO,3,Carla Dias,Turismo e Agronegocio,Participante,0,0,,,0,0,1,34.64
1242,Alimentos Central EIRELI,10001242000194,ME,SAO CARLOS,2,Bruno Lima,Tecnologia e Inovacao,Participante,0,0,,,0,0,1,22.04
1243,Tecnologia Oeste Ltda,10001243000101,MEI,PRESIDENTE PRUDENTE,12,Lucas Barros,Empreendedorismo Cultural,Participante,0,0,,,0,0,0,
1244,Construtora Norte Ltda,10001244000108,MEI,RIBEIRAO PRETO,10,Joao Pedro,Turismo e Agronegocio,Participante,0,0,,,0,0,1,27.76
1245,Tecnologia Central ME,10001245000115,MEI,BAURU,15,Olivia Prado,Comercio e Servicos,Participante,0,0,,,0,0,1,21.53
1246,Tecnologia Souza e Cia,10001246000122,ME,RIBEIRAO PRETO,14,Nicolas Vieira,Sustentabilidade,Participante,0,0,,,0,0,1,23.34
1247,Confeccoes Central e Cia,10001247000129,MEDIA,FRANCA,7,Giovana Melo,Sustentabilidade,Sem atendimento,0,0,,,0,0,1,21.13
1248,Distribuidora Silva S.A.,10001248000136,ME,RIBEIRAO PRETO,13,Mariana Teles,Consultoria Especializada,Participante,0,0,,,0,0,1,-15.0
1249,Industria Norte S.A.,10001249000143,ME,SAO JOSE DO RIO PRETO,14,Nicolas Vieira,Sustentabilidade,Participante,0,0,,,0,0,0,
1250,Servicos Souza S.A.,10001250000150,MEI,SOROCABA,5,Elisa Rocha,Empreendedorismo Cultural,Participante,0,0,,,0,0,0,
1251,Confeccoes Norte ME,10001251000157,ME,RIBEIRAO PRETO,2,Bruno Lima,Tecnologia e Inovacao,Participante,0,0,,,0,0,1,27.38
1252,Servicos Silva Ltda,10001252000164,MEI,MARILIA,15,Olivia Prado,Comercio e Servicos,Participante,0,0,,,0,0,0,
1253,Distribuidora Litoral ME,10001253000171,MEI,SOROCABA,16,Paulo Cezar,Tecnologia e Inovacao,Participante,0,0,,,0,0,1,39.22
1254,Comercial Silva ME,10001254000178,ME,SOROCABA,8,Hugo Ramos,Comercio e Servicos,Participante,0,0,,,0,0,0,
1255,Papelaria Litoral ME,10001255000185,ME,MARILIA,3,Carla Dias,Turismo e Agronegocio,Participante,0,0,,,0,0,0,
1256,Confeccoes Litoral S.A.,10001256000192,MEDIA,MARILIA,14,Nicolas Vieira,Sustentabilidade,Sem atendimento,0,0,,,0,0,1,18.74
1257,Alimentos Norte e Cia,10001257000199,MEI,FRANCA,4,Diego Alves,Atendimento ao Cliente,Sem atendimento,0,0,,,0,0,0,
1258,Papelaria Silva EIRELI,10001258000106,MEI,ARACATUBA,6,Fabio Nunes,Consultoria Especializada,Participante,0,0,,,0,0,1,22.18
1259,Alimentos Souza Ltda,10001259000113,MEI,RIBEIRAO PRETO,5,Elisa Rocha,Empreendedorismo Cultural,Participante,0,0,,,0,0,1,1.27
1260,Comercial Oeste ME,10001260000120,ME,PRESIDENTE PRUDENTE,12,Lucas Barros,Empreendedorismo Cultural,Participante,0,0,,,0,0,1,2.45
1261,Transportes Souza EIRELI,10001261000127,ME,RIBEIRAO PRETO,3,Carla Dias,Turismo e Agronegocio,Concluinte,1,0,Plano D - Sustentabilidade,,1,1,1,4.98
1262,Transportes Oeste ME,10001262000134,EPP,PRESIDENTE PRUDENTE,6,Fabio Nunes,Consultoria Especializada,Participante,0,0,,,0,0,0,
1263,Confeccoes Litoral ME,10001263000141,MEI,MARILIA,10,Joao Pedro,Turismo e Agronegocio,Participante,0,0,,,0,0,0,
1264,Industria Silva EIRELI,10001264000148,ME,PRESIDENTE PRUDENTE,12,Lucas Barros,Empreendedorismo Cultural,Participante,0,0,,,0,0,0,
1265,Tecnologia Oeste EIRELI,10001265000155,MEI,SAO CARLOS,16,Paulo Cezar,Tecnologia e Inovacao,Participante,0,0,,,0,0,0,
1266,Servicos Norte e Cia,10001266000162,ME,FRANCA,8,Hugo Ramos,Comercio e Servicos,Participante,0,0,,,0,0,0,
1267,Tecnologia Central Ltda,10001267000169,MEI,ARACATUBA,4,Diego Alves,Atendimento ao Cliente,Sem atendimento,0,0,,,0,0,0,
1268,Construtora Oeste ME,10001268000176,ME,FRANCA,1,Ana Souza,Comercio e Servicos,Participante,0,0,,,0,0,0,
1269,Papelaria Norte ME,10001269000183,MEI,BAURU,15,Olivia Prado,Comercio e Servicos,Participante,0,0,,,0,0,1,29.62
1270,Distribuidora Souza EIRELI,10001270000190,EPP,SOROCABA,1,Ana Souza,Comercio e Servicos,Concluinte,1,0,Plano D - Sustentabilidade,,1,1,0,
1271,Confeccoes Souza EIRELI,10001271000197,MEI,MARILIA,8,Hugo Ramos,Comercio e Servicos,Participante,0,0,,,0,0,1,-1.57
1272,Distribuidora Silva Ltda,10001272000104,ME,MARILIA,14,Nicolas Vieira,Sustentabilidade,Concluinte,1,0,Plano D - Sustentabilidade,,1,1,0,
1273,Comercial Souza Ltda,10001273000111,MEI,BAURU,14,Nicolas Vieira,Sustentabilidade,Participante,0,0,,,0,0,0,
1274,Construtora Silva ME,10001274000118,MEI,SAO JOSE DO RIO PRETO,2,Bruno Lima,Tecnologia e Inovacao,Sem atendimento,0,0,,,0,0,1,-9.87
1275,Distribuidora Silva e Cia,10001275000125,MEI,FRANCA,1,Ana Souza,Comercio e Servicos,Participante,0,0,,,0,0,1,35.76
1276,Industria Litoral ME,10001276000132,MEI,SAO JOSE DO RIO PRETO,7,Giovana Melo,Sustentabilidade,Participante,0,0,,,0,0,1,7.64
1277,Papelaria Oeste ME,10001277000139,MEI,PRESIDENTE PRUDENTE,9,Iara Costa,Tecnologia e Inovacao,Participante,0,0,,,0,0,0,
1278,Transportes Norte Ltda,10001278000146,MEI,FRANCA,8,Hugo Ramos,Comercio e Servicos,Participante,0,0,,,0,0,1,24.12
1279,Transportes Souza EIRELI,10001279000153,MEDIA,CAMPINAS,1,Ana Souza,Comercio e Servicos,Sem atendimento,0,0,,,0,0,0,
1280,Distribuidora Souza e Cia,10001280000160,EPP,BAURU,1,Ana Souza,Comercio e Servicos,Participante,0,0,,,0,0,0,
1281,Papelaria Souza S.A.,10001281000167,ME,BAURU,12,Lucas Barros,Empreendedorismo Cultural,Participante,0,0,,,0,0,0,
1282,Alimentos Central S.A.,10001282000174,MEI,SAO JOSE DO RIO PRETO,6,Fabio Nunes,Consultoria Especializada,Participante,0,0,,,0,0,0,
1283,Distribuidora Oeste Ltda,10001283000181,ME,SAO JOSE DO RIO PRETO,14,Nicolas Vieira,Sustentabilidade,Sem atendimento,0,0,,,0,0,0,
1284,Construtora Oeste ME,10001284000188,ME,ARACATUBA,5,Elisa Rocha,Empreendedorismo Cultural,Participante,0,0,,,0,0,0,
1285,Alimentos Central Ltda,10001285000195,MEI,RIBEIRAO PRETO,3,Carla Dias,Turismo e Agronegocio,Participante,0,0,,,0,0,0,
1286,Construtora Souza e Cia,10001286000102,MEI,FRANCA,10,Joao Pedro,Turismo e Agronegocio,Participante,0,0,,,0,0,1,-0.1
1287,Servicos Silva S.A.,10001287000109,EPP,SAO CARLOS,14,Nicolas Vieira,Sustentabilidade,Concluinte,1,0,Plano D - Sustentabilidade,,1,1,0,
1288,Comercial Litoral S.A.,10001288000116,ME,SAO CARLOS,6,Fabio Nunes,Consultoria Especializada,Concluinte,1,0,Plano D - Sustentabilidade,,1,1,1,15.08
1289,Transportes Litoral Ltda,10001289000123,MEI,MARILIA,15,Olivia Prado,Comercio e Servicos,Participante,0,0,,,0,0,0,
1290,Papelaria Silva EIRELI,10001290000130,MEI,FRANCA,13,Mariana Teles,Consultoria Especializada,Participante,0,0,,,0,0,0,
1291,Alimentos Souza e Cia,10001291000137,EPP,ARACATUBA,7,Giovana Melo,Sustentabilidade,Participante,0,0,,,0,0,0,
1292,Servicos Central S.A.,10001292000144,MEI,BAURU,4,Diego Alves,Atendimento ao Cliente,Participante,0,0,,,0,0,1,31.27
1293,Tecnologia Oeste S.A.,10001293000151,ME,MARILIA,9,Iara Costa,Tecnologia e Inovacao,Sem atendimento,0,0,,,0,0,0,
1294,Construtora Norte ME,10001294000158,MEI,PRESIDENTE PRUDENTE,13,Mariana Teles,Consultoria Especializada,Participante,0,0,,,0,0,0,
1295,Distribuidora Oeste S.A.,10001295000165,ME,BAURU,4,Diego Alves,Atendimento ao Cliente,Participante,0,0,,,0,0,1,44.34
1296,Comercial Silva Ltda,10001296000172,EPP,RIBEIRAO PRETO,5,Elisa Rocha,Empreendedorismo Cultural,Participante,0,0,,,0,0,1,16.78
1297,Industria Central e Cia,10001297000179,ME,BAURU,1,Ana Souza,Comercio e Servicos,Participante,0,0,,,0,0,1,29.12
1298,Papelaria Norte Ltda,10001298000186,ME,SOROCABA,10,Joao Pedro,Turismo e Agronegocio,Participante,0,0,,,0,0,1,50.5
1299,Construtora Souza ME,10001299000193,ME,SAO CARLOS,16,Paulo Cezar,Tecnologia e Inovacao,Sem atendimento,0,0,,,0,0,0,
1300,Transportes Oeste e Cia,10001300000100,ME,SAO CARLOS,9,Iara Costa,Tecnologia e Inovacao,Participante,0,0,,,0,0,1,27.89
1301,Tecnologia Silva S.A.,10001301000107,ME,BAURU,2,Bruno Lima,Tecnologia e Inovacao,Participante,0,0,,,0,0,1,-7.97
1302,Construtora Central Ltda,10001302000114,MEI,FRANCA,13,Mariana Teles,Consultoria Especializada,Participante,0,0,,,0,0,0,
1303,Industria Central S.A.,10001303000121,MEI,SOROCABA,10,Joao Pedro,Turismo e Agronegocio,Participante,0,0,,,0,0,1,41.35
1304,Construtora Silva e Cia,10001304000128,ME,PRESIDENTE PRUDENTE,13,Mariana Teles,Consultoria Especializada,Participante,0,0,,,0,0,1,26.18
1305,Construtora Norte EIRELI,10001305000135,ME,SAO CARLOS,16,Paulo Cezar,Tecnologia e Inovacao,Participante,0,0,,,0,0,1,64.21
1306,Construtora Norte S.A.,10001306000142,ME,SAO CARLOS,9,Iara Costa,Tecnologia e Inovacao,Concluinte,1,0,Plano A - Crescimento,,1,1,0,
1307,Alimentos Silva Ltda,10001307000149,ME,FRANCA,10,Joao Pedro,Turismo e Agronegocio,Concluinte,1,0,Plano D - Sustentabilidade,,1,1,1,-0.09
1308,Alimentos Litoral e Cia,10001308000156,MEI,ARACATUBA,12,Lucas Barros,Empreendedorismo Cultural,Participante,0,1,,Plano C - Parcerias Corporativas,0,1,0,
1309,Tecnologia Silva S.A.,10001309000163,MEI,SOROCABA,11,Karina Reis,Atendimento ao Cliente,Participante,0,0,,,0,0,0,
1310,Alimentos Silva EIRELI,10001310000170,MEI,PRESIDENTE PRUDENTE,14,Nicolas Vieira,Sustentabilidade,Participante,0,0,,,0,0,0,
1311,Papelaria Silva Ltda,10001311000177,EPP,ARACATUBA,10,Joao Pedro,Turismo e Agronegocio,Sem atendimento,0,0,,,0,0,0,
1312,Industria Silva e Cia,10001312000184,MEI,SOROCABA,11,Karina Reis,Atendimento ao Cliente,Participante,0,0,,,0,0,0,
1313,Papelaria Norte S.A.,10001313000191,MEI,MARILIA,14,Nicolas Vieira,Sustentabilidade,Participante,0,0,,,0,0,0,
1314,Papelaria Silva ME,10001314000198,MEI,MARILIA,16,Paulo Cezar,Tecnologia e Inovacao,Participante,0,0,,,0,0,1,44.98
1315,Papelaria Silva S.A.,10001315000105,MEI,BAURU,11,Karina Reis,Atendimento ao Cliente,Participante,0,0,,,0,0,0,
1316,Alimentos Central e Cia,10001316000112,EPP,CAMPINAS,7,Giovana Melo,Sustentabilidade,Concluinte,1,0,Plano D - Sustentabilidade,,1,1,1,33.01
1317,Industria Norte ME,10001317000119,MEI,CAMPINAS,11,Karina Reis,Atendimento ao Cliente,Participante,0,0,,,0,0,0,
1318,Construtora Litoral Ltda,10001318000126,EPP,FRANCA,7,Giovana Melo,Sustentabilidade,Concluinte,1,0,Plano D - Sustentabilidade,,1,1,1,47.84
1319,Confeccoes Oeste Ltda,10001319000133,MEI,SAO CARLOS,7,Giovana Melo,Sustentabilidade,Participante,0,0,,,0,0,0,
1320,Servicos Norte Ltda,10001320000140,ME,SAO CARLOS,13,Mariana Teles,Consultoria Especializada,Participante,0,0,,,0,0,0,
1321,Papelaria Oeste ME,10001321000147,MEI,ARACATUBA,4,Diego Alves,Atendimento ao Cliente,Participante,0,0,,,0,0,1,-3.7
1322,Tecnologia Souza ME,10001322000154,ME,BAURU,16,Paulo Cezar,Tecnologia e Inovacao,Concluinte,1,0,Plano D - Sustentabilidade,,1,1,1,26.79
1323,Transportes Oeste S.A.,10001323000161,ME,SAO CARLOS,10,Joao Pedro,Turismo e Agronegocio,Participante,0,0,,,0,0,0,
1324,Tecnologia Central ME,10001324000168,ME,SAO JOSE DO RIO PRETO,7,Giovana Melo,Sustentabilidade,Participante,0,0,,,0,0,0,
1325,Comercial Litoral e Cia,10001325000175,EPP,CAMPINAS,6,Fabio Nunes,Consultoria Especializada,Participante,0,1,,Plano C - Parcerias Corporativas,0,1,0,
1326,Servicos Litoral S.A.,10001326000182,MEI,MARILIA,16,Paulo Cezar,Tecnologia e Inovacao,Concluinte,1,0,Plano C - Parcerias Corporativas,,1,1,0,
1327,Papelaria Litoral Ltda,10001327000189,ME,SOROCABA,14,Nicolas Vieira,Sustentabilidade,Participante,0,0,,,0,0,1,4.77
1328,Industria Souza EIRELI,10001328000196,ME,CAMPINAS,15,Olivia Prado,Comercio e Servicos,Participante,0,0,,,0,0,0,
1329,Tecnologia Central ME,10001329000103,EPP,MARILIA,10,Joao Pedro,Turismo e Agronegocio,Participante,0,0,,,0,0,0,
1330,Servicos Central ME,10001330000110,EPP,SAO CARLOS,3,Carla Dias,Turismo e Agronegocio,Participante,0,0,,,0,0,0,
1331,Confeccoes Litoral e Cia,10001331000117,MEI,PRESIDENTE PRUDENTE,6,Fabio Nunes,Consultoria Especializada,Participante,0,0,,,0,0,0,
1332,Industria Souza Ltda,10001332000124,MEI,PRESIDENTE PRUDENTE,4,Diego Alves,Atendimento ao Cliente,Participante,0,0,,,0,0,0,
1333,Construtora Central e Cia,10001333000131,GRANDE,SOROCABA,10,Joao Pedro,Turismo e Agronegocio,Sem atendimento,0,0,,,0,0,0,
1334,Servicos Souza ME,10001334000138,MEI,FRANCA,2,Bruno Lima,Tecnologia e Inovacao,Participante,0,0,,,0,0,0,
1335,Transportes Souza Ltda,10001335000145,MEDIA,PRESIDENTE PRUDENTE,9,Iara Costa,Tecnologia e Inovacao,Sem atendimento,0,0,,,0,0,0,
1336,Comercial Silva ME,10001336000152,ME,FRANCA,1,Ana Souza,Comercio e Servicos,Participante,0,0,,,0,0,0,
1337,Tecnologia Oeste Ltda,10001337000159,MEI,MARILIA,3,Carla Dias,Turismo e Agronegocio,Participante,0,0,,,0,0,0,
1338,Servicos Silva e Cia,10001338000166,ME,FRANCA,5,Elisa Rocha,Empreendedorismo Cultural,Participante,0,0,,,0,0,1,11.37
1339,Transportes Litoral e Cia,10001339000173,EPP,SAO CARLOS,4,Diego Alves,Atendimento ao Cliente,Participante,0,0,,,0,0,0,
1340,Construtora Silva EIRELI,10001340000180,ME,SAO CARLOS,9,Iara Costa,Tecnologia e Inovacao,Participante,0,0,,,0,0,0,
1341,Alimentos Norte S.A.,10001341000187,EPP,MARILIA,11,Karina Reis,Atendimento ao Cliente,Participante,0,0,,,0,0,0,
1342,Tecnologia Souza EIRELI,10001342000194,MEI,SOROCABA,8,Hugo Ramos,Comercio e Servicos,Participante,0,0,,,0,0,0,
1343,Construtora Central ME,10001343000101,EPP,ARACATUBA,9,Iara Costa,Tecnologia e Inovacao,Concluinte,1,0,Plano A - Crescimento,,1,1,1,48.49
1344,Transportes Oeste Ltda,10001344000108,MEI,ARACATUBA,16,Paulo Cezar,Tecnologia e Inovacao,Participante,0,0,,,0,0,0,
1345,Servicos Oeste EIRELI,10001345000115,MEI,PRESIDENTE PRUDENTE,16,Paulo Cezar,Tecnologia e Inovacao,Participante,0,0,,,0,0,0,
1346,Confeccoes Silva e Cia,10001346000122,MEI,FRANCA,12,Lucas Barros,Empreendedorismo Cultural,Participante,0,0,,,0,0,1,21.33
1347,Servicos Oeste e Cia,10001347000129,MEI,BAURU,2,Bruno Lima,Tecnologia e Inovacao,Participante,0,0,,,0,0,0,
1348,Distribuidora Norte EIRELI,10001348000136,EPP,SAO JOSE DO RIO PRETO,12,Lucas Barros,Empreendedorismo Cultural,Participante,0,0,,,0,0,0,
1349,Tecnologia Oeste ME,10001349000143,MEI,MARILIA,1,Ana Souza,Comercio e Servicos,Participante,0,0,,,0,0,0,
1350,Confeccoes Souza EIRELI,10001350000150,EPP,BAURU,8,Hugo Ramos,Comercio e Servicos,Sem atendimento,0,0,,,0,0,0,
1351,Tecnologia Silva ME,10001351000157,EPP,BAURU,11,Karina Reis,Atendimento ao Cliente,Concluinte,1,0,Plano C - Parcerias Corporativas,,1,1,0,
1352,Construtora Litoral S.A.,10001352000164,EPP,PRESIDENTE PRUDENTE,16,Paulo Cezar,Tecnologia e Inovacao,Sem atendimento,0,0,,,0,0,1,9.82
1353,Distribuidora Souza ME,10001353000171,ME,ARACATUBA,14,Nicolas Vieira,Sustentabilidade,Concluinte,1,0,Plano D - Sustentabilidade,,1,1,0,
1354,Papelaria Litoral e Cia,10001354000178,ME,FRANCA,14,Nicolas Vieira,Sustentabilidade,Participante,0,0,,,0,0,1,26.7
1355,Comercial Litoral EIRELI,10001355000185,ME,SAO CARLOS,1,Ana Souza,Comercio e Servicos,Participante,0,1,,Plano D - Sustentabilidade,0,1,1,5.51
1356,Comercial Central EIRELI,10001356000192,ME,FRANCA,5,Elisa Rocha,Empreendedorismo Cultural,Concluinte,1,0,Plano B - Projetos Especiais,,1,1,1,20.25
1357,Distribuidora Souza EIRELI,10001357000199,ME,SAO JOSE DO RIO PRETO,3,Carla Dias,Turismo e Agronegocio,Participante,0,0,,,0,0,0,
1358,Papelaria Litoral S.A.,10001358000106,ME,SAO JOSE DO RIO PRETO,5,Elisa Rocha,Empreendedorismo Cultural,Concluinte,1,0,Plano D - Sustentabilidade,,1,1,0,
1359,Construtora Litoral EIRELI,10001359000113,MEI,FRANCA,15,Olivia Prado,Comercio e Servicos,Participante,0,0,,,0,0,0,
1360,Confeccoes Souza Ltda,10001360000120,MEI,RIBEIRAO PRETO,11,Karina Reis,Atendimento ao Cliente,Participante,0,0,,,0,0,0,
1361,Tecnologia Norte EIRELI,10001361000127,MEI,SAO CARLOS,13,Mariana Teles,Consultoria Especializada,Participante,0,0,,,0,0,1,6.73
1362,Distribuidora Central EIRELI,10001362000134,MEI,FRANCA,8,Hugo Ramos,Comercio e Servicos,Participante,0,0,,,0,0,0,
1363,Comercial Central e Cia,10001363000141,MEI,FRANCA,6,Fabio Nunes,Consultoria Especializada,Participante,0,0,,,0,0,0,
1364,Distribuidora Oeste EIRELI,10001364000148,EPP,CAMPINAS,5,Elisa Rocha,Empreendedorismo Cultural,Participante,0,0,,,0,0,0,
1365,Transportes Central S.A.,10001365000155,EPP,BAURU,1,Ana Souza,Comercio e Servicos,Participante,0,0,,,0,0,0,
1366,Servicos Litoral EIRELI,10001366000162,MEI,FRANCA,4,Diego Alves,Atendimento ao Cliente,Participante,0,0,,,0,0,1,26.04
1367,Confeccoes Litoral S.A.,10001367000169,MEI,BAURU,9,Iara Costa,Tecnologia e Inovacao,Participante,0,0,,,0,0,0,
1368,Papelaria Souza ME,10001368000176,ME,PRESIDENTE PRUDENTE,7,Giovana Melo,Sustentabilidade,Participante,0,0,,,0,0,0,
1369,Industria Central EIRELI,10001369000183,MEI,PRESIDENTE PRUDENTE,14,Nicolas Vieira,Sustentabilidade,Participante,0,0,,,0,0,0,
1370,Servicos Norte S.A.,10001370000190,EPP,SOROCABA,9,Iara Costa,Tecnologia e Inovacao,Participante,0,0,,,0,0,0,
1371,Distribuidora Silva S.A.,10001371000197,MEI,CAMPINAS,15,Olivia Prado,Comercio e Servicos,Participante,0,0,,,0,0,0,
1372,Servicos Litoral S.A.,10001372000104,ME,SOROCABA,13,Mariana Teles,Consultoria Especializada,Sem atendimento,0,0,,,0,0,0,
1373,Distribuidora Silva e Cia,10001373000111,MEI,SAO JOSE DO RIO PRETO,9,Iara Costa,Tecnologia e Inovacao,Participante,0,0,,,0,0,0,
1374,Construtora Oeste e Cia,10001374000118,EPP,SAO CARLOS,8,Hugo Ramos,Comercio e Servicos,Concluinte,1,0,Plano D - Sustentabilidade,,1,1,0,
1375,Comercial Oeste e Cia,10001375000125,ME,SOROCABA,2,Bruno Lima,Tecnologia e Inovacao,Concluinte,1,0,Plano D - Sustentabilidade,,1,1,0,
1376,Alimentos Souza e Cia,10001376000132,MEI,SAO JOSE DO RIO PRETO,13,Mariana Teles,Consultoria Especializada,Participante,0,0,,,0,0,1,-6.38
1377,Industria Norte S.A.,10001377000139,EPP,SOROCABA,9,Iara Costa,Tecnologia e Inovacao,Participante,0,0,,,0,0,1,22.92
1378,Industria Silva ME,10001378000146,ME,PRESIDENTE PRUDENTE,15,Olivia Prado,Comercio e Servicos,Participante,0,0,,,0,0,0,
1379,Confeccoes Silva ME,10001379000153,MEI,SOROCABA,5,Elisa Rocha,Empreendedorismo Cultural,Participante,0,0,,,0,0,1,21.14
1380,Confeccoes Litoral ME,10001380000160,EPP,SAO JOSE DO RIO PRETO,16,Paulo Cezar,Tecnologia e Inovacao,Participante,0,0,,,0,0,0,
1381,Papelaria Oeste e Cia,10001381000167,MEI,ARACATUBA,9,Iara Costa,Tecnologia e Inovacao,Participante,0,0,,,0,0,0,
1382,Alimentos Litoral S.A.,10001382000174,ME,MARILIA,6,Fabio Nunes,Consultoria Especializada,Participante,0,0,,,0,0,1,5.65
1383,Comercial Souza EIRELI,10001383000181,MEI,SAO JOSE DO RIO PRETO,15,Olivia Prado,Comercio e Servicos,Concluinte,1,0,Plano B - Projetos Especiais,,1,1,0,
1384,Construtora Oeste EIRELI,10001384000188,ME,SOROCABA,2,Bruno Lima,Tecnologia e Inovacao,Participante,0,0,,,0,0,1,-4.68
1385,Construtora Silva S.A.,10001385000195,MEI,CAMPINAS,4,Diego Alves,Atendimento ao Cliente,Participante,0,0,,,0,0,1,30.04
1386,Construtora Central Ltda,10001386000102,EPP,SAO JOSE DO RIO PRETO,16,Paulo Cezar,Tecnologia e Inovacao,Participante,0,0,,,0,0,1,45.57
1387,Distribuidora Oeste Ltda,10001387000109,MEI,PRESIDENTE PRUDENTE,5,Elisa Rocha,Empreendedorismo Cultural,Participante,0,0,,,0,0,1,28.92
1388,Industria Litoral e Cia,10001388000116,EPP,CAMPINAS,6,Fabio Nunes,Consultoria Especializada,Concluinte,1,0,Plano D - Sustentabilidade,,1,1,1,35.98
1389,Papelaria Silva e Cia,10001389000123,ME,SAO CARLOS,7,Giovana Melo,Sustentabilidade,Participante,0,0,,,0,0,0,
1390,Distribuidora Souza S.A.,10001390000130,ME,MARILIA,14,Nicolas Vieira,Sustentabilidade,Participante,0,0,,,0,0,0,
1391,Comercial Oeste Ltda,10001391000137,MEI,PRESIDENTE PRUDENTE,11,Karina Reis,Atendimento ao Cliente,Participante,0,0,,,0,0,0,
1392,Alimentos Souza Ltda,10001392000144,MEI,BAURU,4,Diego Alves,Atendimento ao Cliente,Participante,0,1,,Plano B - Projetos Especiais,0,1,1,33.09
1393,Construtora Litoral ME,10001393000151,ME,MARILIA,16,Paulo Cezar,Tecnologia e Inovacao,Concluinte,1,0,Plano D - Sustentabilidade,,1,1,0,
1394,Comercial Litoral e Cia,10001394000158,MEDIA,RIBEIRAO PRETO,11,Karina Reis,Atendimento ao Cliente,Sem atendimento,0,0,,,0,0,0,
1395,Servicos Silva ME,10001395000165,MEI,SAO JOSE DO RIO PRETO,5,Elisa Rocha,Empreendedorismo Cultural,Participante,0,0,,,0,0,1,-7.96
1396,Transportes Norte S.A.,10001396000172,MEI,FRANCA,3,Carla Dias,Turismo e Agronegocio,Participante,0,0,,,0,0,1,8.1
1397,Servicos Central Ltda,10001397000179,MEI,SOROCABA,6,Fabio Nunes,Consultoria Especializada,Participante,0,0,,,0,0,0,
1398,Tecnologia Central ME,10001398000186,ME,SAO JOSE DO RIO PRETO,6,Fabio Nunes,Consultoria Especializada,Participante,0,0,,,0,0,0,
1399,Distribuidora Oeste S.A.,10001399000193,EPP,BAURU,5,Elisa Rocha,Empreendedorismo Cultural,Concluinte,1,0,Plano C - Parcerias Corporativas,,1,1,1,39.57
1400,Papelaria Souza ME,10001400000100,ME,SOROCABA,10,Joao Pedro,Turismo e Agronegocio,Concluinte,1,0,Plano B - Projetos Especiais,,1,1,1,32.31
1401,Transportes Souza S.A.,10001401000107,MEI,MARILIA,12,Lucas Barros,Empreendedorismo Cultural,Participante,0,0,,,0,0,0,
1402,Confeccoes Norte e Cia,10001402000114,MEI,RIBEIRAO PRETO,16,Paulo Cezar,Tecnologia e Inovacao,Sem atendimento,0,0,,,0,0,0,
1403,Alimentos Norte EIRELI,10001403000121,MEI,PRESIDENTE PRUDENTE,14,Nicolas Vieira,Sustentabilidade,Participante,0,0,,,0,0,0,
1404,Comercial Norte ME,10001404000128,MEDIA,MARILIA,3,Carla Dias,Turismo e Agronegocio,Sem atendimento,0,0,,,0,0,0,
1405,Industria Central e Cia,10001405000135,ME,RIBEIRAO PRETO,8,Hugo Ramos,Comercio e Servicos,Participante,0,0,,,0,0,0,
1406,Confeccoes Central S.A.,10001406000142,MEI,BAURU,3,Carla Dias,Turismo e Agronegocio,Participante,0,0,,,0,0,0,
1407,Confeccoes Souza EIRELI,10001407000149,ME,CAMPINAS,16,Paulo Cezar,Tecnologia e Inovacao,Concluinte,1,0,Plano D - Sustentabilidade,,1,1,1,-3.43
1408,Transportes Central ME,10001408000156,ME,SOROCABA,8,Hugo Ramos,Comercio e Servicos,Sem atendimento,0,0,,,0,0,1,12.07
1409,Comercial Norte Ltda,10001409000163,ME,PRESIDENTE PRUDENTE,3,Carla Dias,Turismo e Agronegocio,Participante,0,1,,Plano C - Parcerias Corporativas,0,1,0,
1410,Construtora Litoral e Cia,10001410000170,EPP,SOROCABA,4,Diego Alves,Atendimento ao Cliente,Participante,0,0,,,0,0,0,
1411,Papelaria Silva e Cia,10001411000177,MEI,FRANCA,9,Iara Costa,Tecnologia e Inovacao,Participante,0,0,,,0,0,0,
1412,Industria Souza S.A.,10001412000184,MEI,BAURU,15,Olivia Prado,Comercio e Servicos,Participante,0,0,,,0,0,1,10.77
1413,Alimentos Norte S.A.,10001413000191,ME,SOROCABA,10,Joao Pedro,Turismo e Agronegocio,Participante,0,0,,,0,0,0,
1414,Alimentos Souza EIRELI,10001414000198,MEI,FRANCA,9,Iara Costa,Tecnologia e Inovacao,Participante,0,0,,,0,0,0,
1415,Distribuidora Central e Cia,10001415000105,MEI,RIBEIRAO PRETO,9,Iara Costa,Tecnologia e Inovacao,Participante,0,0,,,0,0,1,26.2
1416,Comercial Souza S.A.,10001416000112,ME,ARACATUBA,4,Diego Alves,Atendimento ao Cliente,Participante,0,0,,,0,0,0,
1417,Confeccoes Norte e Cia,10001417000119,MEI,SAO CARLOS,16,Paulo Cezar,Tecnologia e Inovacao,Participante,0,0,,,0,0,1,43.23
1418,Confeccoes Silva EIRELI,10001418000126,MEI,MARILIA,13,Mariana Teles,Consultoria Especializada,Participante,0,0,,,0,0,0,
1419,Comercial Litoral EIRELI,10001419000133,EPP,CAMPINAS,4,Diego Alves,Atendimento ao Cliente,Sem atendimento,0,0,,,0,0,0,
1420,Industria Litoral EIRELI,10001420000140,MEI,RIBEIRAO PRETO,16,Paulo Cezar,Tecnologia e Inovacao,Concluinte,1,0,Plano A - Crescimento,,1,1,0,
1421,Distribuidora Oeste S.A.,10001421000147,MEI,SAO JOSE DO RIO PRETO,7,Giovana Melo,Sustentabilidade,Participante,0,0,,,0,0,1,12.66
1422,Distribuidora Souza EIRELI,10001422000154,ME,ARACATUBA,1,Ana Souza,Comercio e Servicos,Concluinte,1,0,Plano D - Sustentabilidade,,1,1,0,
1423,Construtora Silva S.A.,10001423000161,ME,FRANCA,16,Paulo Cezar,Tecnologia e Inovacao,Participante,0,0,,,0,0,1,21.2
1424,Papelaria Central Ltda,10001424000168,MEI,ARACATUBA,10,Joao Pedro,Turismo e Agronegocio,Sem atendimento,0,0,,,0,0,0,
1425,Tecnologia Central e Cia,10001425000175,ME,MARILIA,14,Nicolas Vieira,Sustentabilidade,Concluinte,1,0,Plano A - Crescimento,,1,1,0,
1426,Comercial Central S.A.,10001426000182,ME,ARACATUBA,10,Joao Pedro,Turismo e Agronegocio,Sem atendimento,0,0,,,0,0,1,-3.68
1427,Servicos Litoral Ltda,10001427000189,ME,RIBEIRAO PRETO,16,Paulo Cezar,Tecnologia e Inovacao,Participante,0,0,,,0,0,1,33.89
1428,Transportes Silva ME,10001428000196,EPP,MARILIA,11,Karina Reis,Atendimento ao Cliente,Participante,0,0,,,0,0,0,
1429,Distribuidora Central e Cia,10001429000103,EPP,CAMPINAS,16,Paulo Cezar,Tecnologia e Inovacao,Concluinte,1,0,Plano D - Sustentabilidade,,1,1,0,
1430,Tecnologia Silva EIRELI,10001430000110,MEI,SAO JOSE DO RIO PRETO,15,Olivia Prado,Comercio e Servicos,Participante,0,0,,,0,0,0,
1431,Alimentos Central EIRELI,10001431000117,ME,SOROCABA,16,Paulo Cezar,Tecnologia e Inovacao,Concluinte,1,0,Plano D - Sustentabilidade,,1,1,0,
1432,Papelaria Litoral S.A.,10001432000124,MEI,RIBEIRAO PRETO,11,Karina Reis,Atendimento ao Cliente,Participante,0,0,,,0,0,1,46.79
1433,Tecnologia Litoral ME,10001433000131,ME,ARACATUBA,13,Mariana Teles,Consultoria Especializada,Concluinte,1,0,Plano D - Sustentabilidade,,1,1,0,
1434,Papelaria Souza ME,10001434000138,ME,MARILIA,6,Fabio Nunes,Consultoria Especializada,Participante,0,0,,,0,0,0,
1435,Industria Souza EIRELI,10001435000145,MEI,SAO JOSE DO RIO PRETO,16,Paulo Cezar,Tecnologia e Inovacao,Participante,0,0,,,0,0,0,
1436,Tecnologia Central ME,10001436000152,MEI,ARACATUBA,4,Diego Alves,Atendimento ao Cliente,Participante,0,0,,,0,0,1,10.29
1437,Comercial Oeste ME,10001437000159,MEI,SOROCABA,2,Bruno Lima,Tecnologia e Inovacao,Participante,0,0,,,0,0,1,39.8
1438,Transportes Silva Ltda,10001438000166,MEI,RIBEIRAO PRETO,6,Fabio Nunes,Consultoria Especializada,Participante,0,0,,,0,0,0,
1439,Distribuidora Norte EIRELI,10001439000173,ME,PRESIDENTE PRUDENTE,8,Hugo Ramos,Comercio e Servicos,Sem atendimento,0,0,,,0,0,1,36.71
1440,Comercial Norte ME,10001440000180,EPP,FRANCA,12,Lucas Barros,Empreendedorismo Cultural,Participante,0,0,,,0,0,1,23.98
1441,Comercial Central S.A.,10001441000187,MEDIA,BAURU,4,Diego Alves,Atendimento ao Cliente,Sem atendimento,0,0,,,0,0,1,40.81
1442,Distribuidora Norte e Cia,10001442000194,ME,SOROCABA,4,Diego Alves,Atendimento ao Cliente,Participante,0,0,,,0,0,0,
1443,Transportes Silva e Cia,10001443000101,MEI,SOROCABA,4,Diego Alves,Atendimento ao Cliente,Participante,0,0,,,0,0,0,
1444,Servicos Oeste EIRELI,10001444000108,ME,SAO JOSE DO RIO PRETO,4,Diego Alves,Atendimento ao Cliente,Participante,0,0,,,0,0,1,29.35
1445,Transportes Central Ltda,10001445000115,MEI,CAMPINAS,15,Olivia Prado,Comercio e Servicos,Participante,0,0,,,0,0,1,12.95
1446,Industria Silva EIRELI,10001446000122,MEI,RIBEIRAO PRETO,11,Karina Reis,Atendimento ao Cliente,Participante,0,0,,,0,0,0,
1447,Servicos Central ME,10001447000129,MEI,BAURU,1,Ana Souza,Comercio e Servicos,Participante,0,0,,,0,0,1,5.26
1448,Confeccoes Oeste S.A.,10001448000136,MEI,SOROCABA,3,Carla Dias,Turismo e Agronegocio,Sem atendimento,0,0,,,0,0,1,7.74
1449,Industria Norte S.A.,10001449000143,ME,BAURU,8,Hugo Ramos,Comercio e Servicos,Concluinte,1,0,Plano D - Sustentabilidade,,1,1,0,
1450,Tecnologia Central S.A.,10001450000150,MEDIA,BAURU,14,Nicolas Vieira,Sustentabilidade,Sem atendimento,0,0,,,0,0,1,34.99
1451,Comercial Central EIRELI,10001451000157,ME,CAMPINAS,12,Lucas Barros,Empreendedorismo Cultural,Participante,0,0,,,0,0,0,
1452,Distribuidora Oeste ME,10001452000164,MEI,SAO JOSE DO RIO PRETO,3,Carla Dias,Turismo e Agronegocio,Participante,0,0,,,0,0,0,
1453,Tecnologia Silva S.A.,10001453000171,ME,RIBEIRAO PRETO,6,Fabio Nunes,Consultoria Especializada,Participante,0,0,,,0,0,1,54.7
1454,Papelaria Silva e Cia,10001454000178,MEDIA,ARACATUBA,5,Elisa Rocha,Empreendedorismo Cultural,Sem atendimento,0,0,,,0,0,0,
1455,Transportes Oeste ME,10001455000185,EPP,BAURU,13,Mariana Teles,Consultoria Especializada,Participante,0,0,,,0,0,1,30.71
1456,Transportes Norte EIRELI,10001456000192,ME,SAO JOSE DO RIO PRETO,9,Iara Costa,Tecnologia e Inovacao,Concluinte,1,0,Plano D - Sustentabilidade,,1,1,0,
1457,Transportes Norte e Cia,10001457000199,ME,CAMPINAS,7,Giovana Melo,Sustentabilidade,Participante,0,0,,,0,0,1,19.27
1458,Tecnologia Souza ME,10001458000106,MEI,FRANCA,12,Lucas Barros,Empreendedorismo Cultural,Participante,0,1,,Plano C - Parcerias Corporativas,0,1,0,
1459,Tecnologia Litoral EIRELI,10001459000113,ME,BAURU,11,Karina Reis,Atendimento ao Cliente,Participante,0,0,,,0,0,0,
1460,Servicos Silva e Cia,10001460000120,ME,SAO JOSE DO RIO PRETO,10,Joao Pedro,Turismo e Agronegocio,Concluinte,1,0,Plano D - Sustentabilidade,,1,1,1,19.23
1461,Industria Silva Ltda,10001461000127,EPP,PRESIDENTE PRUDENTE,11,Karina Reis,Atendimento ao Cliente,Participante,0,0,,,0,0,0,
1462,Servicos Oeste S.A.,10001462000134,MEDIA,ARACATUBA,9,Iara Costa,Tecnologia e Inovacao,Sem atendimento,0,0,,,0,0,0,
1463,Alimentos Oeste e Cia,10001463000141,MEI,CAMPINAS,2,Bruno Lima,Tecnologia e Inovacao,Participante,0,0,,,0,0,1,22.97
1464,Construtora Oeste e Cia,10001464000148,ME,BAURU,4,Diego Alves,Atendimento ao Cliente,Sem atendimento,0,0,,,0,0,0,
1465,Servicos Litoral e Cia,10001465000155,ME,BAURU,11,Karina Reis,Atendimento ao Cliente,Concluinte,1,0,Plano D - Sustentabilidade,,1,1,0,
1466,Alimentos Oeste ME,10001466000162,ME,SAO CARLOS,8,Hugo Ramos,Comercio e Servicos,Participante,0,0,,,0,0,0,
1467,Tecnologia Norte EIRELI,10001467000169,MEI,SAO CARLOS,5,Elisa Rocha,Empreendedorismo Cultural,Concluinte,1,0,Plano C - Parcerias Corporativas,,1,1,0,
1468,Alimentos Central Ltda,10001468000176,MEI,RIBEIRAO PRETO,7,Giovana Melo,Sustentabilidade,Participante,0,0,,,0,0,1,41.27
1469,Distribuidora Silva Ltda,10001469000183,MEI,ARACATUBA,14,Nicolas Vieira,Sustentabilidade,Participante,0,0,,,0,0,1,15.06
1470,Servicos Central Ltda,10001470000190,MEI,MARILIA,16,Paulo Cezar,Tecnologia e Inovacao,Participante,0,0,,,0,0,0,
1471,Papelaria Norte e Cia,10001471000197,ME,PRESIDENTE PRUDENTE,13,Mariana Teles,Consultoria Especializada,Concluinte,1,0,Plano D - Sustentabilidade,,1,1,0,
1472,Papelaria Central S.A.,10001472000104,GRANDE,BAURU,9,Iara Costa,Tecnologia e Inovacao,Sem atendimento,0,0,,,0,0,0,
1473,Tecnologia Souza EIRELI,10001473000111,ME,MARILIA,16,Paulo Cezar,Tecnologia e Inovacao,Participante,0,0,,,0,0,1,11.73
1474,Industria Litoral e Cia,10001474000118,EPP,RIBEIRAO PRETO,15,Olivia Prado,Comercio e Servicos,Participante,0,0,,,0,0,0,
1475,Construtora Central Ltda,10001475000125,ME,SAO JOSE DO RIO PRETO,7,Giovana Melo,Sustentabilidade,Participante,0,0,,,0,0,0,
1476,Distribuidora Norte S.A.,10001476000132,MEI,RIBEIRAO PRETO,12,Lucas Barros,Empreendedorismo Cultural,Participante,0,0,,,0,0,1,50.27
1477,Comercial Norte EIRELI,10001477000139,MEI,CAMPINAS,10,Joao Pedro,Turismo e Agronegocio,Participante,0,0,,,0,0,1,28.95
1478,Confeccoes Oeste S.A.,10001478000146,MEI,PRESIDENTE PRUDENTE,12,Lucas Barros,Empreendedorismo Cultural,Participante,0,0,,,0,0,0,
1479,Papelaria Central Ltda,10001479000153,EPP,SAO JOSE DO RIO PRETO,5,Elisa Rocha,Empreendedorismo Cultural,Concluinte,1,0,Plano D - Sustentabilidade,,1,1,1,14.84
1480,Servicos Souza S.A.,10001480000160,MEI,SAO CARLOS,10,Joao Pedro,Turismo e Agronegocio,Participante,0,0,,,0,0,0,
1481,Distribuidora Silva S.A.,10001481000167,ME,RIBEIRAO PRETO,12,Lucas Barros,Empreendedorismo Cultural,Concluinte,1,0,Plano C - Parcerias Corporativas,,1,1,0,
1482,Alimentos Central S.A.,10001482000174,EPP,SAO JOSE DO RIO PRETO,15,Olivia Prado,Comercio e Servicos,Concluinte,1,0,Plano D - Sustentabilidade,,1,1,0,
1483,Industria Norte S.A.,10001483000181,ME,PRESIDENTE PRUDENTE,5,Elisa Rocha,Empreendedorismo Cultural,Concluinte,1,0,Plano D - Sustentabilidade,,1,1,0,
1484,Industria Litoral ME,10001484000188,MEI,BAURU,15,Olivia Prado,Comercio e Servicos,Participante,0,0,,,0,0,0,
1485,Tecnologia Souza S.A.,10001485000195,MEI,SOROCABA,14,Nicolas Vieira,Sustentabilidade,Participante,0,0,,,0,0,0,
1486,Confeccoes Litoral Ltda,10001486000102,EPP,ARACATUBA,15,Olivia Prado,Comercio e Servicos,Participante,0,0,,,0,0,0,
1487,Papelaria Litoral ME,10001487000109,ME,SOROCABA,1,Ana Souza,Comercio e Servicos,Participante,0,0,,,0,0,1,13.03
1488,Servicos Norte e Cia,10001488000116,ME,MARILIA,3,Carla Dias,Turismo e Agronegocio,Concluinte,1,0,Plano A - Crescimento,,1,1,0,
1489,Construtora Norte Ltda,10001489000123,MEI,FRANCA,7,Giovana Melo,Sustentabilidade,Participante,0,0,,,0,0,1,31.35
1490,Comercial Oeste EIRELI,10001490000130,MEI,PRESIDENTE PRUDENTE,6,Fabio Nunes,Consultoria Especializada,Participante,0,0,,,0,0,0,
1491,Distribuidora Norte e Cia,10001491000137,MEI,ARACATUBA,15,Olivia Prado,Comercio e Servicos,Participante,0,0,,,0,0,1,60.12
1492,Construtora Silva ME,10001492000144,MEI,FRANCA,2,Bruno Lima,Tecnologia e Inovacao,Participante,0,0,,,0,0,0,
1493,Transportes Oeste S.A.,10001493000151,MEI,BAURU,1,Ana Souza,Comercio e Servicos,Participante,0,0,,,0,0,0,
1494,Transportes Souza ME,10001494000158,MEI,PRESIDENTE PRUDENTE,4,Diego Alves,Atendimento ao Cliente,Participante,0,0,,,0,0,0,
1495,Industria Oeste S.A.,10001495000165,ME,CAMPINAS,3,Carla Dias,Turismo e Agronegocio,Participante,0,0,,,0,0,0,
1496,Industria Silva Ltda,10001496000172,MEI,RIBEIRAO PRETO,11,Karina Reis,Atendimento ao Cliente,Participante,0,0,,,0,0,0,
1497,Industria Central ME,10001497000179,MEI,ARACATUBA,11,Karina Reis,Atendimento ao Cliente,Participante,0,0,,,0,0,0,
1498,Comercial Souza EIRELI,10001498000186,ME,BAURU,4,Diego Alves,Atendimento ao Cliente,Concluinte,1,0,Plano D - Sustentabilidade,,1,1,0,
1499,Construtora Norte e Cia,10001499000193,MEI,SAO CARLOS,8,Hugo Ramos,Comercio e Servicos,Participante,0,0,,,0,0,1,45.51
1500,Comercial Oeste S.A.,10001500000100,ME,MARILIA,9,Iara Costa,Tecnologia e Inovacao,Concluinte,1,0,Plano A - Crescimento,,1,1,0,
1501,Comercial Central EIRELI,10001501000107,EPP,SAO JOSE DO RIO PRETO,16,Paulo Cezar,Tecnologia e Inovacao,Concluinte,1,0,Plano D - Sustentabilidade,,1,1,1,23.52
1502,Transportes Norte Ltda,10001502000114,MEI,BAURU,9,Iara Costa,Tecnologia e Inovacao,Participante,0,0,,,0,0,0,
1503,Confeccoes Norte S.A.,10001503000121,MEI,MARILIA,5,Elisa Rocha,Empreendedorismo Cultural,Participante,0,0,,,0,0,0,
1504,Industria Oeste e Cia,10001504000128,MEDIA,FRANCA,7,Giovana Melo,Sustentabilidade,Sem atendimento,0,0,,,0,0,1,42.08
1505,Transportes Central e Cia,10001505000135,ME,SOROCABA,8,Hugo Ramos,Comercio e Servicos,Sem atendimento,0,0,,,0,0,0,
1506,Papelaria Oeste EIRELI,10001506000142,MEI,SAO JOSE DO RIO PRETO,15,Olivia Prado,Comercio e Servicos,Participante,0,0,,,0,0,0,
1507,Confeccoes Norte ME,10001507000149,EPP,SAO CARLOS,16,Paulo Cezar,Tecnologia e Inovacao,Participante,0,0,,,0,0,0,
1508,Servicos Norte e Cia,10001508000156,MEI,BAURU,12,Lucas Barros,Empreendedorismo Cultural,Participante,0,0,,,0,0,0,
1509,Confeccoes Silva S.A.,10001509000163,ME,PRESIDENTE PRUDENTE,3,Carla Dias,Turismo e Agronegocio,Participante,0,0,,,0,0,0,
1510,Transportes Oeste S.A.,10001510000170,MEI,RIBEIRAO PRETO,5,Elisa Rocha,Empreendedorismo Cultural,Participante,0,0,,,0,0,1,-15.0
1511,Alimentos Litoral ME,10001511000177,MEDIA,ARACATUBA,11,Karina Reis,Atendimento ao Cliente,Sem atendimento,0,0,,,0,0,1,36.18
1512,Confeccoes Souza ME,10001512000184,MEI,RIBEIRAO PRETO,15,Olivia Prado,Comercio e Servicos,Sem atendimento,0,0,,,0,0,0,
1513,Comercial Litoral EIRELI,10001513000191,ME,BAURU,11,Karina Reis,Atendimento ao Cliente,Participante,0,0,,,0,0,0,
1514,Comercial Silva EIRELI,10001514000198,MEI,CAMPINAS,16,Paulo Cezar,Tecnologia e Inovacao,Participante,0,0,,,0,0,0,
1515,Tecnologia Norte Ltda,10001515000105,ME,RIBEIRAO PRETO,16,Paulo Cezar,Tecnologia e Inovacao,Participante,0,0,,,0,0,1,4.39
1516,Transportes Silva S.A.,10001516000112,ME,ARACATUBA,3,Carla Dias,Turismo e Agronegocio,Concluinte,1,0,Plano D - Sustentabilidade,,1,1,0,
1517,Papelaria Oeste S.A.,10001517000119,MEI,BAURU,13,Mariana Teles,Consultoria Especializada,Participante,0,0,,,0,0,1,37.94
1518,Distribuidora Central ME,10001518000126,EPP,SOROCABA,1,Ana Souza,Comercio e Servicos,Participante,0,0,,,0,0,1,14.19
1519,Servicos Litoral Ltda,10001519000133,ME,SAO CARLOS,1,Ana Souza,Comercio e Servicos,Participante,0,0,,,0,0,1,30.43
1520,Servicos Silva e Cia,10001520000140,ME,MARILIA,12,Lucas Barros,Empreendedorismo Cultural,Participante,0,0,,,0,0,1,12.56
1521,Servicos Central ME,10001521000147,MEI,SAO JOSE DO RIO PRETO,8,Hugo Ramos,Comercio e Servicos,Participante,0,0,,,0,0,0,
1522,Comercial Souza S.A.,10001522000154,MEI,SAO CARLOS,7,Giovana Melo,Sustentabilidade,Participante,0,0,,,0,0,0,
1523,Industria Norte EIRELI,10001523000161,ME,FRANCA,16,Paulo Cezar,Tecnologia e Inovacao,Concluinte,1,0,Plano D - Sustentabilidade,,1,1,1,43.21
1524,Distribuidora Norte EIRELI,10001524000168,ME,SAO JOSE DO RIO PRETO,6,Fabio Nunes,Consultoria Especializada,Participante,0,0,,,0,0,0,
1525,Papelaria Souza e Cia,10001525000175,ME,RIBEIRAO PRETO,9,Iara Costa,Tecnologia e Inovacao,Sem atendimento,0,0,,,0,0,1,-1.48
1526,Comercial Litoral e Cia,10001526000182,ME,SOROCABA,7,Giovana Melo,Sustentabilidade,Participante,0,0,,,0,0,0,
1527,Comercial Central Ltda,10001527000189,EPP,BAURU,15,Olivia Prado,Comercio e Servicos,Concluinte,1,0,Plano C - Parcerias Corporativas,,1,1,0,
1528,Tecnologia Oeste Ltda,10001528000196,ME,ARACATUBA,14,Nicolas Vieira,Sustentabilidade,Participante,0,0,,,0,0,0,
1529,Alimentos Norte Ltda,10001529000103,EPP,MARILIA,16,Paulo Cezar,Tecnologia e Inovacao,Participante,0,0,,,0,0,0,
1530,Confeccoes Central e Cia,10001530000110,MEI,SAO CARLOS,2,Bruno Lima,Tecnologia e Inovacao,Participante,0,0,,,0,0,1,-1.89
1531,Servicos Oeste Ltda,10001531000117,EPP,SAO JOSE DO RIO PRETO,13,Mariana Teles,Consultoria Especializada,Participante,0,0,,,0,0,0,
1532,Servicos Litoral S.A.,10001532000124,MEDIA,CAMPINAS,1,Ana Souza,Comercio e Servicos,Sem atendimento,0,0,,,0,0,0,
1533,Servicos Souza ME,10001533000131,MEI,MARILIA,8,Hugo Ramos,Comercio e Servicos,Sem atendimento,0,0,,,0,0,1,13.34
1534,Comercial Central S.A.,10001534000138,EPP,SAO JOSE DO RIO PRETO,4,Diego Alves,Atendimento ao Cliente,Concluinte,1,0,Plano D - Sustentabilidade,,1,1,1,27.6
1535,Confeccoes Souza Ltda,10001535000145,ME,FRANCA,11,Karina Reis,Atendimento ao Cliente,Concluinte,1,0,Plano D - Sustentabilidade,,1,1,0,
1536,Comercial Oeste e Cia,10001536000152,ME,BAURU,11,Karina Reis,Atendimento ao Cliente,Participante,0,0,,,0,0,0,
1537,Papelaria Norte S.A.,10001537000159,ME,MARILIA,3,Carla Dias,Turismo e Agronegocio,Participante,0,0,,,0,0,1,51.82
1538,Papelaria Silva Ltda,10001538000166,MEDIA,FRANCA,15,Olivia Prado,Comercio e Servicos,Sem atendimento,0,0,,,0,0,1,53.18
1539,Tecnologia Oeste Ltda,10001539000173,ME,SAO JOSE DO RIO PRETO,2,Bruno Lima,Tecnologia e Inovacao,Participante,0,0,,,0,0,0,
1540,Comercial Oeste e Cia,10001540000180,ME,ARACATUBA,15,Olivia Prado,Comercio e Servicos,Participante,0,0,,,0,0,0,
1541,Comercial Norte Ltda,10001541000187,MEI,SAO JOSE DO RIO PRETO,4,Diego Alves,Atendimento ao Cliente,Participante,0,0,,,0,0,0,
1542,Distribuidora Norte S.A.,10001542000194,MEI,ARACATUBA,13,Mariana Teles,Consultoria Especializada,Participante,0,0,,,0,0,0,
1543,Construtora Central S.A.,10001543000101,ME,BAURU,1,Ana Souza,Comercio e Servicos,Participante,0,0,,,0,0,1,9.16
1544,Alimentos Litoral Ltda,10001544000108,ME,CAMPINAS,4,Diego Alves,Atendimento ao Cliente,Concluinte,1,0,Plano D - Sustentabilidade,,1,1,1,23.74
1545,Distribuidora Silva Ltda,10001545000115,ME,MARILIA,7,Giovana Melo,Sustentabilidade,Participante,0,0,,,0,0,1,4.79
1546,Papelaria Souza e Cia,10001546000122,MEI,BAURU,7,Giovana Melo,Sustentabilidade,Participante,0,0,,,0,0,0,
1547,Papelaria Central EIRELI,10001547000129,MEI,BAURU,16,Paulo Cezar,Tecnologia e Inovacao,Participante,0,0,,,0,0,0,
1548,Comercial Souza ME,10001548000136,ME,SAO CARLOS,2,Bruno Lima,Tecnologia e Inovacao,Participante,0,0,,,0,0,0,
1549,Confeccoes Norte e Cia,10001549000143,ME,SAO JOSE DO RIO PRETO,12,Lucas Barros,Empreendedorismo Cultural,Participante,0,1,,Plano D - Sustentabilidade,0,1,0,
1550,Confeccoes Norte ME,10001550000150,MEI,SAO CARLOS,16,Paulo Cezar,Tecnologia e Inovacao,Participante,0,0,,,0,0,0,
1551,Transportes Norte EIRELI,10001551000157,MEI,SAO CARLOS,1,Ana Souza,Comercio e Servicos,Participante,0,0,,,0,0,0,
1552,Tecnologia Oeste EIRELI,10001552000164,MEDIA,SAO CARLOS,2,Bruno Lima,Tecnologia e Inovacao,Sem atendimento,0,0,,,0,0,1,35.82
1553,Distribuidora Oeste EIRELI,10001553000171,ME,PRESIDENTE PRUDENTE,7,Giovana Melo,Sustentabilidade,Participante,0,0,,,0,0,0,
1554,Papelaria Litoral ME,10001554000178,EPP,SAO CARLOS,15,Olivia Prado,Comercio e Servicos,Participante,0,0,,,0,0,0,
1555,Papelaria Oeste S.A.,10001555000185,MEI,BAURU,11,Karina Reis,Atendimento ao Cliente,Participante,0,0,,,0,0,0,
1556,Comercial Central EIRELI,10001556000192,EPP,MARILIA,15,Olivia Prado,Comercio e Servicos,Concluinte,1,0,Plano D - Sustentabilidade,,1,1,0,
1557,Servicos Central e Cia,10001557000199,MEI,RIBEIRAO PRETO,8,Hugo Ramos,Comercio e Servicos,Sem atendimento,0,0,,,0,0,0,
1558,Tecnologia Souza S.A.,10001558000106,MEI,CAMPINAS,11,Karina Reis,Atendimento ao Cliente,Participante,0,0,,,0,0,0,
1559,Comercial Silva ME,10001559000113,MEI,SOROCABA,12,Lucas Barros,Empreendedorismo Cultural,Participante,0,0,,,0,0,0,
1560,Confeccoes Central EIRELI,10001560000120,ME,SAO JOSE DO RIO PRETO,5,Elisa Rocha,Empreendedorismo Cultural,Participante,0,0,,,0,0,1,20.78
1561,Comercial Silva EIRELI,10001561000127,MEI,BAURU,12,Lucas Barros,Empreendedorismo Cultural,Participante,0,0,,,0,0,0,
1562,Confeccoes Litoral EIRELI,10001562000134,MEI,SAO CARLOS,8,Hugo Ramos,Comercio e Servicos,Participante,0,0,,,0,0,0,
1563,Industria Souza Ltda,10001563000141,MEI,FRANCA,8,Hugo Ramos,Comercio e Servicos,Participante,0,0,,,0,0,1,30.43
1564,Comercial Litoral EIRELI,10001564000148,MEI,SOROCABA,4,Diego Alves,Atendimento ao Cliente,Participante,0,0,,,0,0,0,
1565,Alimentos Souza ME,10001565000155,ME,SOROCABA,4,Diego Alves,Atendimento ao Cliente,Participante,0,0,,,0,0,0,
1566,Industria Norte e Cia,10001566000162,EPP,SOROCABA,12,Lucas Barros,Empreendedorismo Cultural,Concluinte,1,0,Plano D - Sustentabilidade,,1,1,0,
1567,Distribuidora Souza EIRELI,10001567000169,ME,PRESIDENTE PRUDENTE,3,Carla Dias,Turismo e Agronegocio,Sem atendimento,0,0,,,0,0,0,
1568,Alimentos Oeste e Cia,10001568000176,MEI,CAMPINAS,13,Mariana Teles,Consultoria Especializada,Participante,0,0,,,0,0,1,43.04
1569,Comercial Norte e Cia,10001569000183,MEI,FRANCA,8,Hugo Ramos,Comercio e Servicos,Participante,0,0,,,0,0,0,
1570,Industria Oeste EIRELI,10001570000190,MEI,BAURU,10,Joao Pedro,Turismo e Agronegocio,Participante,0,0,,,0,0,0,
1571,Industria Norte e Cia,10001571000197,EPP,SAO CARLOS,9,Iara Costa,Tecnologia e Inovacao,Concluinte,1,0,Plano D - Sustentabilidade,,1,1,1,26.66
1572,Construtora Litoral e Cia,10001572000104,MEI,ARACATUBA,3,Carla Dias,Turismo e Agronegocio,Participante,0,0,,,0,0,1,8.13
1573,Transportes Oeste S.A.,10001573000111,ME,FRANCA,13,Mariana Teles,Consultoria Especializada,Concluinte,1,0,Plano D - Sustentabilidade,,1,1,1,23.16
1574,Alimentos Norte S.A.,10001574000118,ME,FRANCA,11,Karina Reis,Atendimento ao Cliente,Concluinte,1,0,Plano D - Sustentabilidade,,1,1,1,7.76
1575,Confeccoes Norte S.A.,10001575000125,ME,SAO CARLOS,16,Paulo Cezar,Tecnologia e Inovacao,Participante,0,0,,,0,0,1,13.21
1576,Servicos Souza EIRELI,10001576000132,ME,PRESIDENTE PRUDENTE,2,Bruno Lima,Tecnologia e Inovacao,Participante,0,0,,,0,0,1,33.74
1577,Servicos Oeste S.A.,10001577000139,EPP,RIBEIRAO PRETO,13,Mariana Teles,Consultoria Especializada,Participante,0,0,,,0,0,1,32.76
1578,Alimentos Oeste e Cia,10001578000146,MEI,FRANCA,6,Fabio Nunes,Consultoria Especializada,Participante,0,0,,,0,0,0,
1579,Confeccoes Central e Cia,10001579000153,MEI,RIBEIRAO PRETO,3,Carla Dias,Turismo e Agronegocio,Participante,0,0,,,0,0,0,
1580,Construtora Norte e Cia,10001580000160,MEI,MARILIA,2,Bruno Lima,Tecnologia e Inovacao,Participante,0,0,,,0,0,1,53.39
1581,Tecnologia Central ME,10001581000167,EPP,MARILIA,15,Olivia Prado,Comercio e Servicos,Sem atendimento,0,0,,,0,0,0,
1582,Tecnologia Silva EIRELI,10001582000174,MEI,RIBEIRAO PRETO,9,Iara Costa,Tecnologia e Inovacao,Sem atendimento,0,0,,,0,0,0,
1583,Alimentos Silva ME,10001583000181,EPP,RIBEIRAO PRETO,3,Carla Dias,Turismo e Agronegocio,Participante,0,0,,,0,0,1,24.16
1584,Confeccoes Souza Ltda,10001584000188,MEI,RIBEIRAO PRETO,3,Carla Dias,Turismo e Agronegocio,Participante,0,0,,,0,0,1,23.06
1585,Transportes Souza ME,10001585000195,MEI,BAURU,2,Bruno Lima,Tecnologia e Inovacao,Participante,0,0,,,0,0,1,38.72
1586,Confeccoes Litoral ME,10001586000102,MEI,SOROCABA,9,Iara Costa,Tecnologia e Inovacao,Participante,0,0,,,0,0,0,
1587,Transportes Oeste Ltda,10001587000109,ME,SAO JOSE DO RIO PRETO,5,Elisa Rocha,Empreendedorismo Cultural,Participante,0,0,,,0,0,1,18.56
1588,Tecnologia Central e Cia,10001588000116,ME,RIBEIRAO PRETO,12,Lucas Barros,Empreendedorismo Cultural,Concluinte,1,0,Plano D - Sustentabilidade,,1,1,0,
1589,Transportes Souza S.A.,10001589000123,MEI,RIBEIRAO PRETO,16,Paulo Cezar,Tecnologia e Inovacao,Concluinte,1,0,Plano C - Parcerias Corporativas,,1,1,0,
1590,Construtora Souza e Cia,10001590000130,ME,ARACATUBA,7,Giovana Melo,Sustentabilidade,Concluinte,1,0,Plano C - Parcerias Corporativas,,1,1,0,
1591,Construtora Oeste Ltda,10001591000137,MEI,SOROCABA,15,Olivia Prado,Comercio e Servicos,Participante,0,0,,,0,0,0,
1592,Tecnologia Souza S.A.,10001592000144,MEI,CAMPINAS,14,Nicolas Vieira,Sustentabilidade,Participante,0,0,,,0,0,1,51.12
1593,Alimentos Souza e Cia,10001593000151,EPP,SAO CARLOS,1,Ana Souza,Comercio e Servicos,Participante,0,0,,,0,0,1,-6.47
1594,Construtora Litoral ME,10001594000158,MEI,RIBEIRAO PRETO,1,Ana Souza,Comercio e Servicos,Participante,0,0,,,0,0,0,
1595,Tecnologia Litoral e Cia,10001595000165,MEI,SOROCABA,14,Nicolas Vieira,Sustentabilidade,Participante,0,0,,,0,0,1,27.84
1596,Papelaria Silva EIRELI,10001596000172,MEI,MARILIA,1,Ana Souza,Comercio e Servicos,Concluinte,1,0,Plano A - Crescimento,,1,1,0,
1597,Papelaria Litoral e Cia,10001597000179,EPP,BAURU,11,Karina Reis,Atendimento ao Cliente,Participante,0,0,,,0,0,0,
1598,Tecnologia Souza S.A.,10001598000186,MEI,RIBEIRAO PRETO,13,Mariana Teles,Consultoria Especializada,Participante,0,0,,,0,0,1,36.26
1599,Construtora Silva ME,10001599000193,ME,SAO CARLOS,7,Giovana Melo,Sustentabilidade,Participante,0,0,,,0,0,0,
1600,Distribuidora Souza Ltda,10001600000100,ME,RIBEIRAO PRETO,10,Joao Pedro,Turismo e Agronegocio,Participante,0,0,,,0,0,0,
1601,Papelaria Central Ltda,10001601000107,MEI,SAO CARLOS,2,Bruno Lima,Tecnologia e Inovacao,Participante,0,0,,,0,0,1,13.19
1602,Confeccoes Souza EIRELI,10001602000114,MEI,RIBEIRAO PRETO,13,Mariana Teles,Consultoria Especializada,Sem atendimento,0,0,,,0,0,1,27.85
1603,Construtora Silva ME,10001603000121,ME,SOROCABA,3,Carla Dias,Turismo e Agronegocio,Concluinte,1,0,Plano D - Sustentabilidade,,1,1,0,
1604,Tecnologia Central EIRELI,10001604000128,MEDIA,MARILIA,11,Karina Reis,Atendimento ao Cliente,Sem atendimento,0,0,,,0,0,0,
1605,Construtora Litoral Ltda,10001605000135,MEI,SAO CARLOS,14,Nicolas Vieira,Sustentabilidade,Participante,0,0,,,0,0,0,
1606,Industria Souza ME,10001606000142,MEI,BAURU,7,Giovana Melo,Sustentabilidade,Participante,0,0,,,0,0,0,
1607,Industria Norte e Cia,10001607000149,EPP,BAURU,16,Paulo Cezar,Tecnologia e Inovacao,Concluinte,1,0,Plano D - Sustentabilidade,,1,1,1,34.01
1608,Transportes Litoral S.A.,10001608000156,MEI,SAO JOSE DO RIO PRETO,7,Giovana Melo,Sustentabilidade,Participante,0,0,,,0,0,0,
1609,Construtora Silva S.A.,10001609000163,ME,FRANCA,5,Elisa Rocha,Empreendedorismo Cultural,Sem atendimento,0,0,,,0,0,0,
1610,Papelaria Central S.A.,10001610000170,ME,SAO CARLOS,11,Karina Reis,Atendimento ao Cliente,Participante,0,0,,,0,0,0,
1611,Confeccoes Litoral S.A.,10001611000177,MEI,SOROCABA,3,Carla Dias,Turismo e Agronegocio,Participante,0,0,,,0,0,0,
1612,Tecnologia Norte EIRELI,10001612000184,MEI,MARILIA,10,Joao Pedro,Turismo e Agronegocio,Participante,0,0,,,0,0,0,
1613,Construtora Central EIRELI,10001613000191,ME,FRANCA,14,Nicolas Vieira,Sustentabilidade,Participante,0,0,,,0,0,0,
1614,Comercial Souza EIRELI,10001614000198,MEI,SOROCABA,13,Mariana Teles,Consultoria Especializada,Concluinte,1,0,Plano B - Projetos Especiais,,1,1,0,
1615,Distribuidora Litoral EIRELI,10001615000105,EPP,FRANCA,10,Joao Pedro,Turismo e Agronegocio,Participante,0,0,,,0,0,0,
1616,Alimentos Silva Ltda,10001616000112,ME,CAMPINAS,4,Diego Alves,Atendimento ao Cliente,Participante,0,0,,,0,0,0,
1617,Tecnologia Central EIRELI,10001617000119,MEI,CAMPINAS,11,Karina Reis,Atendimento ao Cliente,Participante,0,0,,,0,0,0,
1618,Construtora Silva Ltda,10001618000126,ME,BAURU,2,Bruno Lima,Tecnologia e Inovacao,Concluinte,1,0,Plano D - Sustentabilidade,,1,1,1,11.01
1619,Tecnologia Oeste S.A.,10001619000133,EPP,MARILIA,15,Olivia Prado,Comercio e Servicos,Concluinte,1,0,Plano D - Sustentabilidade,,1,1,1,12.76
1620,Comercial Oeste Ltda,10001620000140,ME,SOROCABA,2,Bruno Lima,Tecnologia e Inovacao,Participante,0,0,,,0,0,1,14.63
1621,Construtora Central S.A.,10001621000147,MEI,CAMPINAS,11,Karina Reis,Atendimento ao Cliente,Sem atendimento,0,0,,,0,0,1,29.88
1622,Construtora Souza S.A.,10001622000154,EPP,FRANCA,8,Hugo Ramos,Comercio e Servicos,Sem atendimento,0,0,,,0,0,0,
1623,Industria Silva e Cia,10001623000161,MEI,BAURU,6,Fabio Nunes,Consultoria Especializada,Participante,0,0,,,0,0,0,
1624,Transportes Litoral S.A.,10001624000168,MEI,BAURU,4,Diego Alves,Atendimento ao Cliente,Participante,0,0,,,0,0,0,
1625,Confeccoes Souza S.A.,10001625000175,MEI,BAURU,1,Ana Souza,Comercio e Servicos,Sem atendimento,0,0,,,0,0,0,
1626,Transportes Souza S.A.,10001626000182,ME,SAO JOSE DO RIO PRETO,2,Bruno Lima,Tecnologia e Inovacao,Participante,0,0,,,0,0,0,
1627,Tecnologia Litoral ME,10001627000189,MEI,SAO CARLOS,4,Diego Alves,Atendimento ao Cliente,Participante,0,0,,,0,0,0,
1628,Comercial Central EIRELI,10001628000196,EPP,SOROCABA,1,Ana Souza,Comercio e Servicos,Participante,0,0,,,0,0,0,
1629,Servicos Silva Ltda,10001629000103,MEI,MARILIA,8,Hugo Ramos,Comercio e Servicos,Participante,0,0,,,0,0,0,
1630,Servicos Litoral Ltda,10001630000110,MEI,SOROCABA,11,Karina Reis,Atendimento ao Cliente,Participante,0,0,,,0,0,1,15.03
1631,Industria Litoral EIRELI,10001631000117,MEI,FRANCA,4,Diego Alves,Atendimento ao Cliente,Participante,0,0,,,0,0,0,
1632,Alimentos Oeste e Cia,10001632000124,ME,SAO CARLOS,4,Diego Alves,Atendimento ao Cliente,Participante,0,0,,,0,0,0,
1633,Transportes Central S.A.,10001633000131,MEI,SOROCABA,7,Giovana Melo,Sustentabilidade,Participante,0,0,,,0,0,0,
1634,Alimentos Oeste EIRELI,10001634000138,MEI,BAURU,4,Diego Alves,Atendimento ao Cliente,Participante,0,0,,,0,0,1,26.54
1635,Comercial Central EIRELI,10001635000145,ME,PRESIDENTE PRUDENTE,11,Karina Reis,Atendimento ao Cliente,Concluinte,1,0,Plano D - Sustentabilidade,,1,1,1,32.82
1636,Papelaria Oeste Ltda,10001636000152,MEI,ARACATUBA,9,Iara Costa,Tecnologia e Inovacao,Participante,0,1,,Plano B - Projetos Especiais,0,1,0,
1637,Confeccoes Norte S.A.,10001637000159,MEDIA,CAMPINAS,14,Nicolas Vieira,Sustentabilidade,Sem atendimento,0,0,,,0,0,1,37.38
1638,Confeccoes Silva e Cia,10001638000166,MEI,RIBEIRAO PRETO,6,Fabio Nunes,Consultoria Especializada,Participante,0,0,,,0,0,1,34.29
1639,Industria Oeste EIRELI,10001639000173,ME,SOROCABA,13,Mariana Teles,Consultoria Especializada,Participante,0,0,,,0,0,1,29.2
1640,Construtora Silva ME,10001640000180,MEI,SAO JOSE DO RIO PRETO,11,Karina Reis,Atendimento ao Cliente,Participante,0,0,,,0,0,1,48.22
1641,Tecnologia Norte EIRELI,10001641000187,ME,ARACATUBA,15,Olivia Prado,Comercio e Servicos,Participante,0,0,,,0,0,0,
1642,Servicos Silva e Cia,10001642000194,ME,CAMPINAS,1,Ana Souza,Comercio e Servicos,Participante,0,0,,,0,0,0,
1643,Servicos Litoral S.A.,10001643000101,ME,SAO CARLOS,10,Joao Pedro,Turismo e Agronegocio,Participante,0,0,,,0,0,0,
1644,Comercial Souza ME,10001644000108,ME,CAMPINAS,3,Carla Dias,Turismo e Agronegocio,Participante,0,0,,,0,0,0,
1645,Tecnologia Souza Ltda,10001645000115,MEI,CAMPINAS,5,Elisa Rocha,Empreendedorismo Cultural,Participante,0,0,,,0,0,1,40.05
1646,Alimentos Souza ME,10001646000122,MEI,SAO CARLOS,15,Olivia Prado,Comercio e Servicos,Participante,0,0,,,0,0,0,
1647,Transportes Central ME,10001647000129,ME,BAURU,2,Bruno Lima,Tecnologia e Inovacao,Participante,0,0,,,0,0,1,23.79
1648,Alimentos Souza EIRELI,10001648000136,ME,FRANCA,11,Karina Reis,Atendimento ao Cliente,Participante,0,0,,,0,0,0,
1649,Servicos Norte S.A.,10001649000143,ME,CAMPINAS,8,Hugo Ramos,Comercio e Servicos,Participante,0,0,,,0,0,0,
1650,Comercial Silva S.A.,10001650000150,MEI,PRESIDENTE PRUDENTE,15,Olivia Prado,Comercio e Servicos,Participante,0,0,,,0,0,0,
1651,Industria Souza EIRELI,10001651000157,MEI,SAO JOSE DO RIO PRETO,2,Bruno Lima,Tecnologia e Inovacao,Participante,0,0,,,0,0,0,
1652,Servicos Norte Ltda,10001652000164,MEI,SAO CARLOS,7,Giovana Melo,Sustentabilidade,Participante,0,0,,,0,0,1,-5.22
1653,Industria Litoral EIRELI,10001653000171,MEI,MARILIA,10,Joao Pedro,Turismo e Agronegocio,Participante,0,0,,,0,0,0,
1654,Confeccoes Oeste e Cia,10001654000178,MEI,RIBEIRAO PRETO,8,Hugo Ramos,Comercio e Servicos,Participante,0,0,,,0,0,0,
1655,Confeccoes Central Ltda,10001655000185,MEDIA,FRANCA,7,Giovana Melo,Sustentabilidade,Sem atendimento,0,0,,,0,0,0,
1656,Tecnologia Souza S.A.,10001656000192,MEI,RIBEIRAO PRETO,13,Mariana Teles,Consultoria Especializada,Participante,0,0,,,0,0,1,17.07
1657,Industria Central Ltda,10001657000199,ME,SOROCABA,14,Nicolas Vieira,Sustentabilidade,Participante,0,0,,,0,0,1,50.66
1658,Confeccoes Norte e Cia,10001658000106,MEI,MARILIA,3,Carla Dias,Turismo e Agronegocio,Participante,0,0,,,0,0,0,
1659,Confeccoes Central S.A.,10001659000113,MEI,CAMPINAS,6,Fabio Nunes,Consultoria Especializada,Participante,0,0,,,0,0,0,
1660,Transportes Norte S.A.,10001660000120,MEI,CAMPINAS,13,Mariana Teles,Consultoria Especializada,Participante,0,0,,,0,0,1,-3.17
1661,Servicos Souza EIRELI,10001661000127,MEI,SAO CARLOS,16,Paulo Cezar,Tecnologia e Inovacao,Sem atendimento,0,0,,,0,0,1,35.46
1662,Construtora Central S.A.,10001662000134,EPP,CAMPINAS,12,Lucas Barros,Empreendedorismo Cultural,Participante,0,0,,,0,0,1,30.14
1663,Tecnologia Central ME,10001663000141,ME,RIBEIRAO PRETO,12,Lucas Barros,Empreendedorismo Cultural,Participante,0,0,,,0,0,1,3.04
1664,Tecnologia Silva Ltda,10001664000148,MEI,MARILIA,3,Carla Dias,Turismo e Agronegocio,Participante,0,0,,,0,0,1,31.47
1665,Servicos Central ME,10001665000155,ME,RIBEIRAO PRETO,6,Fabio Nunes,Consultoria Especializada,Participante,0,0,,,0,0,0,
1666,Transportes Litoral S.A.,10001666000162,ME,SAO JOSE DO RIO PRETO,12,Lucas Barros,Empreendedorismo Cultural,Concluinte,1,0,Plano C - Parcerias Corporativas,,1,1,1,-13.25
1667,Tecnologia Central EIRELI,10001667000169,MEI,CAMPINAS,2,Bruno Lima,Tecnologia e Inovacao,Participante,0,0,,,0,0,0,
1668,Comercial Litoral EIRELI,10001668000176,MEI,FRANCA,12,Lucas Barros,Empreendedorismo Cultural,Participante,0,0,,,0,0,0,
1669,Confeccoes Souza e Cia,10001669000183,ME,ARACATUBA,5,Elisa Rocha,Empreendedorismo Cultural,Participante,0,0,,,0,0,0,
1670,Comercial Silva Ltda,10001670000190,ME,BAURU,6,Fabio Nunes,Consultoria Especializada,Participante,0,0,,,0,0,1,48.58
1671,Tecnologia Litoral e Cia,10001671000197,MEDIA,SAO CARLOS,13,Mariana Teles,Consultoria Especializada,Sem atendimento,0,0,,,0,0,0,
1672,Tecnologia Souza S.A.,10001672000104,MEI,FRANCA,7,Giovana Melo,Sustentabilidade,Participante,0,0,,,0,0,0,
1673,Papelaria Oeste S.A.,10001673000111,ME,RIBEIRAO PRETO,13,Mariana Teles,Consultoria Especializada,Sem atendimento,0,0,,,0,0,1,36.47
1674,Distribuidora Litoral e Cia,10001674000118,ME,MARILIA,3,Carla Dias,Turismo e Agronegocio,Participante,0,0,,,0,0,0,
1675,Confeccoes Litoral EIRELI,10001675000125,EPP,PRESIDENTE PRUDENTE,5,Elisa Rocha,Empreendedorismo Cultural,Participante,0,0,,,0,0,0,
1676,Comercial Souza S.A.,10001676000132,MEI,SAO JOSE DO RIO PRETO,10,Joao Pedro,Turismo e Agronegocio,Participante,0,0,,,0,0,1,14.47
1677,Transportes Central ME,10001677000139,ME,PRESIDENTE PRUDENTE,14,Nicolas Vieira,Sustentabilidade,Participante,0,0,,,0,0,0,
1678,Alimentos Souza EIRELI,10001678000146,MEI,BAURU,6,Fabio Nunes,Consultoria Especializada,Participante,0,0,,,0,0,0,
1679,Construtora Norte EIRELI,10001679000153,MEI,RIBEIRAO PRETO,4,Diego Alves,Atendimento ao Cliente,Sem atendimento,0,0,,,0,0,0,
1680,Servicos Oeste S.A.,10001680000160,MEI,SOROCABA,6,Fabio Nunes,Consultoria Especializada,Participante,0,0,,,0,0,0,
1681,Industria Silva ME,10001681000167,MEI,CAMPINAS,4,Diego Alves,Atendimento ao Cliente,Sem atendimento,0,0,,,0,0,1,30.95
1682,Distribuidora Oeste Ltda,10001682000174,ME,PRESIDENTE PRUDENTE,9,Iara Costa,Tecnologia e Inovacao,Sem atendimento,0,0,,,0,0,0,
1683,Distribuidora Silva Ltda,10001683000181,MEI,CAMPINAS,16,Paulo Cezar,Tecnologia e Inovacao,Participante,0,0,,,0,0,1,19.43
1684,Papelaria Silva Ltda,10001684000188,MEI,SAO JOSE DO RIO PRETO,1,Ana Souza,Comercio e Servicos,Sem atendimento,0,0,,,0,0,0,
1685,Tecnologia Norte e Cia,10001685000195,MEDIA,SOROCABA,1,Ana Souza,Comercio e Servicos,Sem atendimento,0,0,,,0,0,0,
1686,Construtora Central ME,10001686000102,ME,SAO JOSE DO RIO PRETO,9,Iara Costa,Tecnologia e Inovacao,Participante,0,0,,,0,0,0,
1687,Alimentos Oeste EIRELI,10001687000109,EPP,SOROCABA,12,Lucas Barros,Empreendedorismo Cultural,Concluinte,1,0,Plano D - Sustentabilidade,,1,1,0,
1688,Tecnologia Norte Ltda,10001688000116,MEDIA,PRESIDENTE PRUDENTE,13,Mariana Teles,Consultoria Especializada,Sem atendimento,0,0,,,0,0,0,
1689,Distribuidora Silva S.A.,10001689000123,EPP,PRESIDENTE PRUDENTE,11,Karina Reis,Atendimento ao Cliente,Participante,0,0,,,0,0,0,
1690,Comercial Norte Ltda,10001690000130,EPP,BAURU,5,Elisa Rocha,Empreendedorismo Cultural,Concluinte,1,0,Plano D - Sustentabilidade,,1,1,0,
1691,Alimentos Central e Cia,10001691000137,ME,SOROCABA,8,Hugo Ramos,Comercio e Servicos,Concluinte,1,0,Plano D - Sustentabilidade,,1,1,0,
1692,Transportes Central EIRELI,10001692000144,MEI,MARILIA,16,Paulo Cezar,Tecnologia e Inovacao,Participante,0,0,,,0,0,1,-0.77
1693,Comercial Litoral ME,10001693000151,EPP,FRANCA,11,Karina Reis,Atendimento ao Cliente,Participante,0,0,,,0,0,1,12.26
1694,Construtora Souza e Cia,10001694000158,ME,SOROCABA,11,Karina Reis,Atendimento ao Cliente,Concluinte,1,0,Plano D - Sustentabilidade,,1,1,0,
1695,Alimentos Central S.A.,10001695000165,MEDIA,PRESIDENTE PRUDENTE,3,Carla Dias,Turismo e Agronegocio,Sem atendimento,0,0,,,0,0,0,
1696,Tecnologia Oeste e Cia,10001696000172,MEI,SAO JOSE DO RIO PRETO,4,Diego Alves,Atendimento ao Cliente,Participante,0,0,,,0,0,0,
1697,Industria Central Ltda,10001697000179,MEI,PRESIDENTE PRUDENTE,2,Bruno Lima,Tecnologia e Inovacao,Participante,0,0,,,0,0,1,34.41
1698,Industria Central Ltda,10001698000186,ME,SOROCABA,15,Olivia Prado,Comercio e Servicos,Participante,0,0,,,0,0,1,20.48
1699,Servicos Souza EIRELI,10001699000193,ME,SAO JOSE DO RIO PRETO,8,Hugo Ramos,Comercio e Servicos,Participante,0,0,,,0,0,0,
1700,Distribuidora Central Ltda,10001700000100,MEI,CAMPINAS,3,Carla Dias,Turismo e Agronegocio,Participante,0,0,,,0,0,0,
1701,Tecnologia Oeste EIRELI,10001701000107,ME,SAO JOSE DO RIO PRETO,11,Karina Reis,Atendimento ao Cliente,Concluinte,1,0,Plano D - Sustentabilidade,,1,1,0,
1702,Distribuidora Litoral EIRELI,10001702000114,EPP,SAO JOSE DO RIO PRETO,16,Paulo Cezar,Tecnologia e Inovacao,Participante,0,0,,,0,0,1,65.1
1703,Distribuidora Litoral ME,10001703000121,EPP,SAO CARLOS,16,Paulo Cezar,Tecnologia e Inovacao,Participante,0,0,,,0,0,0,
1704,Alimentos Central S.A.,10001704000128,ME,SAO JOSE DO RIO PRETO,3,Carla Dias,Turismo e Agronegocio,Participante,0,0,,,0,0,1,33.64
1705,Servicos Souza ME,10001705000135,MEI,BAURU,14,Nicolas Vieira,Sustentabilidade,Participante,0,0,,,0,0,0,
1706,Distribuidora Oeste e Cia,10001706000142,EPP,CAMPINAS,4,Diego Alves,Atendimento ao Cliente,Participante,0,0,,,0,0,1,19.72
1707,Papelaria Oeste EIRELI,10001707000149,EPP,SAO JOSE DO RIO PRETO,4,Diego Alves,Atendimento ao Cliente,Sem atendimento,0,0,,,0,0,1,33.73
1708,Papelaria Litoral Ltda,10001708000156,MEI,BAURU,13,Mariana Teles,Consultoria Especializada,Participante,0,0,,,0,0,0,
1709,Tecnologia Central ME,10001709000163,ME,MARILIA,7,Giovana Melo,Sustentabilidade,Participante,0,0,,,0,0,0,
1710,Transportes Litoral e Cia,10001710000170,ME,BAURU,5,Elisa Rocha,Empreendedorismo Cultural,Participante,0,0,,,0,0,1,54.94
1711,Comercial Norte S.A.,10001711000177,MEI,ARACATUBA,13,Mariana Teles,Consultoria Especializada,Participante,0,0,,,0,0,0,
1712,Servicos Central S.A.,10001712000184,MEI,ARACATUBA,10,Joao Pedro,Turismo e Agronegocio,Participante,0,0,,,0,0,1,33.18
1713,Comercial Norte ME,10001713000191,MEI,MARILIA,5,Elisa Rocha,Empreendedorismo Cultural,Sem atendimento,0,0,,,0,0,1,33.23
1714,Confeccoes Litoral e Cia,10001714000198,ME,BAURU,4,Diego Alves,Atendimento ao Cliente,Concluinte,1,0,Plano B - Projetos Especiais,,1,1,0,
1715,Construtora Oeste S.A.,10001715000105,MEI,FRANCA,7,Giovana Melo,Sustentabilidade,Participante,0,0,,,0,0,0,
1716,Industria Litoral EIRELI,10001716000112,EPP,MARILIA,11,Karina Reis,Atendimento ao Cliente,Sem atendimento,0,0,,,0,0,0,
1717,Comercial Souza S.A.,10001717000119,ME,SAO CARLOS,8,Hugo Ramos,Comercio e Servicos,Concluinte,1,0,Plano D - Sustentabilidade,,1,1,1,22.51
1718,Comercial Norte S.A.,10001718000126,MEI,BAURU,6,Fabio Nunes,Consultoria Especializada,Concluinte,1,0,Plano B - Projetos Especiais,,1,1,0,
1719,Alimentos Central S.A.,10001719000133,MEI,RIBEIRAO PRETO,16,Paulo Cezar,Tecnologia e Inovacao,Participante,0,0,,,0,0,0,
1720,Confeccoes Litoral EIRELI,10001720000140,ME,MARILIA,10,Joao Pedro,Turismo e Agronegocio,Concluinte,1,0,Plano D - Sustentabilidade,,1,1,0,
1721,Distribuidora Souza ME,10001721000147,ME,SAO JOSE DO RIO PRETO,13,Mariana Teles,Consultoria Especializada,Concluinte,1,0,Plano D - Sustentabilidade,,1,1,0,
1722,Confeccoes Central EIRELI,10001722000154,ME,SAO JOSE DO RIO PRETO,2,Bruno Lima,Tecnologia e Inovacao,Participante,0,0,,,0,0,1,24.38
1723,Confeccoes Souza EIRELI,10001723000161,MEI,ARACATUBA,16,Paulo Cezar,Tecnologia e Inovacao,Concluinte,1,0,Plano C - Parcerias Corporativas,,1,1,1,41.9
1724,Comercial Oeste e Cia,10001724000168,MEI,CAMPINAS,7,Giovana Melo,Sustentabilidade,Participante,0,0,,,0,0,0,
1725,Tecnologia Central EIRELI,10001725000175,EPP,ARACATUBA,5,Elisa Rocha,Empreendedorismo Cultural,Participante,0,0,,,0,0,1,24.65
1726,Construtora Souza Ltda,10001726000182,MEI,SAO JOSE DO RIO PRETO,12,Lucas Barros,Empreendedorismo Cultural,Sem atendimento,0,0,,,0,0,0,
1727,Papelaria Central EIRELI,10001727000189,ME,SAO CARLOS,11,Karina Reis,Atendimento ao Cliente,Concluinte,1,0,Plano D - Sustentabilidade,,1,1,0,
1728,Comercial Silva EIRELI,10001728000196,MEI,SOROCABA,8,Hugo Ramos,Comercio e Servicos,Participante,0,0,,,0,0,1,10.02
1729,Tecnologia Litoral Ltda,10001729000103,ME,SAO JOSE DO RIO PRETO,6,Fabio Nunes,Consultoria Especializada,Concluinte,1,0,Plano A - Crescimento,,1,1,1,36.69
1730,Confeccoes Litoral S.A.,10001730000110,MEI,ARACATUBA,13,Mariana Teles,Consultoria Especializada,Sem atendimento,0,0,,,0,0,0,
1731,Distribuidora Silva S.A.,10001731000117,ME,MARILIA,4,Diego Alves,Atendimento ao Cliente,Participante,0,0,,,0,0,1,25.5
1732,Comercial Norte e Cia,10001732000124,MEDIA,BAURU,8,Hugo Ramos,Comercio e Servicos,Sem atendimento,0,0,,,0,0,0,
1733,Distribuidora Norte EIRELI,10001733000131,MEI,SAO CARLOS,9,Iara Costa,Tecnologia e Inovacao,Participante,0,0,,,0,0,0,
1734,Confeccoes Norte EIRELI,10001734000138,MEI,SAO JOSE DO RIO PRETO,14,Nicolas Vieira,Sustentabilidade,Participante,0,0,,,0,0,0,
1735,Tecnologia Litoral Ltda,10001735000145,MEI,CAMPINAS,6,Fabio Nunes,Consultoria Especializada,Participante,0,0,,,0,0,0,
1736,Distribuidora Norte e Cia,10001736000152,ME,SAO JOSE DO RIO PRETO,16,Paulo Cezar,Tecnologia e Inovacao,Participante,0,0,,,0,0,1,8.47
1737,Servicos Litoral Ltda,10001737000159,MEI,SAO JOSE DO RIO PRETO,4,Diego Alves,Atendimento ao Cliente,Participante,0,0,,,0,0,0,
1738,Comercial Norte S.A.,10001738000166,EPP,CAMPINAS,6,Fabio Nunes,Consultoria Especializada,Participante,0,0,,,0,0,1,5.46
1739,Industria Norte EIRELI,10001739000173,ME,BAURU,2,Bruno Lima,Tecnologia e Inovacao,Participante,0,0,,,0,0,0,
1740,Comercial Silva Ltda,10001740000180,ME,ARACATUBA,9,Iara Costa,Tecnologia e Inovacao,Concluinte,1,0,Plano C - Parcerias Corporativas,,1,1,1,-3.06
1741,Tecnologia Litoral Ltda,10001741000187,MEI,FRANCA,6,Fabio Nunes,Consultoria Especializada,Participante,0,0,,,0,0,0,
1742,Transportes Central EIRELI,10001742000194,ME,SAO CARLOS,10,Joao Pedro,Turismo e Agronegocio,Participante,0,0,,,0,0,0,
1743,Transportes Oeste e Cia,10001743000101,ME,SAO CARLOS,11,Karina Reis,Atendimento ao Cliente,Participante,0,0,,,0,0,1,25.88
1744,Comercial Souza Ltda,10001744000108,MEI,SAO CARLOS,4,Diego Alves,Atendimento ao Cliente,Participante,0,0,,,0,0,1,1.38
1745,Industria Norte e Cia,10001745000115,MEI,ARACATUBA,7,Giovana Melo,Sustentabilidade,Participante,0,0,,,0,0,1,34.89
1746,Industria Litoral e Cia,10001746000122,MEI,SAO JOSE DO RIO PRETO,9,Iara Costa,Tecnologia e Inovacao,Participante,0,0,,,0,0,1,47.82
1747,Confeccoes Central EIRELI,10001747000129,MEI,FRANCA,9,Iara Costa,Tecnologia e Inovacao,Participante,0,0,,,0,0,1,18.42
1748,Tecnologia Litoral EIRELI,10001748000136,ME,CAMPINAS,9,Iara Costa,Tecnologia e Inovacao,Sem atendimento,0,0,,,0,0,0,
1749,Servicos Litoral ME,10001749000143,ME,BAURU,9,Iara Costa,Tecnologia e Inovacao,Participante,0,0,,,0,0,0,
1750,Tecnologia Souza ME,10001750000150,GRANDE,MARILIA,6,Fabio Nunes,Consultoria Especializada,Sem atendimento,0,0,,,0,0,0,
1751,Comercial Norte EIRELI,10001751000157,MEI,RIBEIRAO PRETO,13,Mariana Teles,Consultoria Especializada,Participante,0,0,,,0,0,1,51.51
1752,Transportes Central Ltda,10001752000164,MEI,BAURU,4,Diego Alves,Atendimento ao Cliente,Participante,0,0,,,0,0,0,
1753,Alimentos Oeste EIRELI,10001753000171,EPP,CAMPINAS,12,Lucas Barros,Empreendedorismo Cultural,Participante,0,0,,,0,0,1,24.53
1754,Comercial Silva S.A.,10001754000178,MEDIA,SAO JOSE DO RIO PRETO,9,Iara Costa,Tecnologia e Inovacao,Sem atendimento,0,0,,,0,0,1,29.37
1755,Distribuidora Silva EIRELI,10001755000185,ME,MARILIA,13,Mariana Teles,Consultoria Especializada,Participante,0,0,,,0,0,1,40.05
1756,Papelaria Central Ltda,10001756000192,ME,FRANCA,10,Joao Pedro,Turismo e Agronegocio,Concluinte,1,0,Plano B - Projetos Especiais,,1,1,1,24.46
1757,Transportes Oeste e Cia,10001757000199,MEI,BAURU,10,Joao Pedro,Turismo e Agronegocio,Participante,0,0,,,0,0,0,
1758,Alimentos Central EIRELI,10001758000106,MEI,MARILIA,6,Fabio Nunes,Consultoria Especializada,Participante,0,0,,,0,0,1,38.9
1759,Construtora Norte EIRELI,10001759000113,MEI,MARILIA,13,Mariana Teles,Consultoria Especializada,Participante,0,0,,,0,0,1,45.34
1760,Industria Souza S.A.,10001760000120,ME,CAMPINAS,5,Elisa Rocha,Empreendedorismo Cultural,Participante,0,0,,,0,0,0,
1761,Alimentos Litoral EIRELI,10001761000127,ME,SAO JOSE DO RIO PRETO,2,Bruno Lima,Tecnologia e Inovacao,Participante,0,0,,,0,0,0,
1762,Industria Central ME,10001762000134,ME,SAO JOSE DO RIO PRETO,15,Olivia Prado,Comercio e Servicos,Participante,0,0,,,0,0,1,41.31
1763,Confeccoes Central e Cia,10001763000141,EPP,BAURU,10,Joao Pedro,Turismo e Agronegocio,Sem atendimento,0,0,,,0,0,1,15.49
1764,Confeccoes Litoral Ltda,10001764000148,EPP,RIBEIRAO PRETO,8,Hugo Ramos,Comercio e Servicos,Participante,0,0,,,0,0,0,
1765,Distribuidora Litoral Ltda,10001765000155,MEI,BAURU,11,Karina Reis,Atendimento ao Cliente,Participante,0,0,,,0,0,0,
1766,Industria Norte Ltda,10001766000162,MEI,FRANCA,3,Carla Dias,Turismo e Agronegocio,Concluinte,1,0,Plano C - Parcerias Corporativas,,1,1,0,
1767,Comercial Central e Cia,10001767000169,EPP,BAURU,16,Paulo Cezar,Tecnologia e Inovacao,Concluinte,1,0,Plano D - Sustentabilidade,,1,1,1,26.38
1768,Construtora Norte e Cia,10001768000176,ME,RIBEIRAO PRETO,16,Paulo Cezar,Tecnologia e Inovacao,Participante,0,0,,,0,0,0,
1769,Papelaria Souza Ltda,10001769000183,ME,CAMPINAS,1,Ana Souza,Comercio e Servicos,Participante,0,0,,,0,0,0,
1770,Servicos Litoral e Cia,10001770000190,ME,SAO JOSE DO RIO PRETO,12,Lucas Barros,Empreendedorismo Cultural,Participante,0,0,,,0,0,0,
1771,Industria Litoral e Cia,10001771000197,EPP,SAO JOSE DO RIO PRETO,15,Olivia Prado,Comercio e Servicos,Concluinte,1,0,Plano D - Sustentabilidade,,1,1,0,
1772,Alimentos Souza e Cia,10001772000104,MEI,BAURU,3,Carla Dias,Turismo e Agronegocio,Participante,0,0,,,0,0,0,
1773,Construtora Central EIRELI,10001773000111,MEI,PRESIDENTE PRUDENTE,14,Nicolas Vieira,Sustentabilidade,Participante,0,0,,,0,0,0,
1774,Servicos Norte Ltda,10001774000118,MEI,PRESIDENTE PRUDENTE,11,Karina Reis,Atendimento ao Cliente,Participante,0,0,,,0,0,1,51.62
1775,Confeccoes Souza Ltda,10001775000125,ME,SOROCABA,10,Joao Pedro,Turismo e Agronegocio,Participante,0,0,,,0,0,0,
1776,Servicos Oeste e Cia,10001776000132,EPP,BAURU,13,Mariana Teles,Consultoria Especializada,Participante,0,0,,,0,0,0,
1777,Papelaria Central Ltda,10001777000139,MEI,ARACATUBA,15,Olivia Prado,Comercio e Servicos,Participante,0,0,,,0,0,0,
1778,Alimentos Oeste ME,10001778000146,MEI,FRANCA,15,Olivia Prado,Comercio e Servicos,Participante,0,0,,,0,0,1,20.08
1779,Tecnologia Oeste Ltda,10001779000153,MEI,BAURU,6,Fabio Nunes,Consultoria Especializada,Participante,0,0,,,0,0,1,43.51
1780,Distribuidora Norte e Cia,10001780000160,EPP,MARILIA,7,Giovana Melo,Sustentabilidade,Sem atendimento,0,0,,,0,0,1,29.36
1781,Construtora Silva EIRELI,10001781000167,ME,SAO JOSE DO RIO PRETO,4,Diego Alves,Atendimento ao Cliente,Concluinte,1,0,Plano D - Sustentabilidade,,1,1,1,38.87
1782,Construtora Central ME,10001782000174,MEI,SAO JOSE DO RIO PRETO,8,Hugo Ramos,Comercio e Servicos,Participante,0,0,,,0,0,0,
1783,Transportes Oeste Ltda,10001783000181,MEDIA,BAURU,6,Fabio Nunes,Consultoria Especializada,Sem atendimento,0,0,,,0,0,1,32.08
1784,Industria Souza ME,10001784000188,ME,RIBEIRAO PRETO,15,Olivia Prado,Comercio e Servicos,Participante,0,0,,,0,0,0,
1785,Servicos Silva EIRELI,10001785000195,MEI,PRESIDENTE PRUDENTE,12,Lucas Barros,Empreendedorismo Cultural,Participante,0,0,,,0,0,1,17.6
1786,Tecnologia Litoral ME,10001786000102,EPP,MARILIA,13,Mariana Teles,Consultoria Especializada,Participante,0,0,,,0,0,0,
1787,Construtora Litoral ME,10001787000109,MEI,BAURU,7,Giovana Melo,Sustentabilidade,Participante,0,0,,,0,0,1,29.5
1788,Industria Oeste S.A.,10001788000116,ME,SAO CARLOS,16,Paulo Cezar,Tecnologia e Inovacao,Participante,0,0,,,0,0,1,24.18
1789,Industria Silva Ltda,10001789000123,ME,RIBEIRAO PRETO,13,Mariana Teles,Consultoria Especializada,Participante,0,0,,,0,0,0,
1790,Alimentos Norte Ltda,10001790000130,ME,PRESIDENTE PRUDENTE,5,Elisa Rocha,Empreendedorismo Cultural,Concluinte,1,0,Plano D - Sustentabilidade,,1,1,0,
1791,Alimentos Central e Cia,10001791000137,ME,MARILIA,2,Bruno Lima,Tecnologia e Inovacao,Concluinte,1,0,Plano D - Sustentabilidade,,1,1,0,
1792,Confeccoes Oeste S.A.,10001792000144,MEI,SAO CARLOS,16,Paulo Cezar,Tecnologia e Inovacao,Participante,0,0,,,0,0,0,
1793,Papelaria Souza e Cia,10001793000151,MEI,SAO JOSE DO RIO PRETO,8,Hugo Ramos,Comercio e Servicos,Participante,0,0,,,0,0,0,
1794,Confeccoes Litoral EIRELI,10001794000158,ME,SOROCABA,4,Diego Alves,Atendimento ao Cliente,Concluinte,1,0,Plano D - Sustentabilidade,,1,1,0,
1795,Construtora Litoral Ltda,10001795000165,ME,CAMPINAS,7,Giovana Melo,Sustentabilidade,Participante,0,0,,,0,0,1,20.33
1796,Servicos Norte EIRELI,10001796000172,MEI,RIBEIRAO PRETO,6,Fabio Nunes,Consultoria Especializada,Participante,0,0,,,0,0,0,
1797,Comercial Oeste EIRELI,10001797000179,EPP,FRANCA,13,Mariana Teles,Consultoria Especializada,Sem atendimento,0,0,,,0,0,1,8.16
1798,Papelaria Souza Ltda,10001798000186,EPP,MARILIA,1,Ana Souza,Comercio e Servicos,Concluinte,1,0,Plano D - Sustentabilidade,,1,1,1,36.91
1799,Transportes Oeste EIRELI,10001799000193,MEI,SAO CARLOS,14,Nicolas Vieira,Sustentabilidade,Participante,0,0,,,0,0,1,24.78
1800,Comercial Norte S.A.,10001800000100,ME,BAURU,16,Paulo Cezar,Tecnologia e Inovacao,Participante,0,0,,,0,0,0,
1801,Confeccoes Oeste ME,10001801000107,EPP,FRANCA,4,Diego Alves,Atendimento ao Cliente,Participante,0,0,,,0,0,0,
1802,Servicos Oeste Ltda,10001802000114,MEI,MARILIA,14,Nicolas Vieira,Sustentabilidade,Participante,0,0,,,0,0,0,
1803,Alimentos Souza ME,10001803000121,ME,SAO CARLOS,2,Bruno Lima,Tecnologia e Inovacao,Participante,0,0,,,0,0,0,
1804,Tecnologia Souza ME,10001804000128,EPP,PRESIDENTE PRUDENTE,4,Diego Alves,Atendimento ao Cliente,Participante,0,0,,,0,0,1,65.3
1805,Confeccoes Silva Ltda,10001805000135,ME,ARACATUBA,11,Karina Reis,Atendimento ao Cliente,Participante,0,0,,,0,0,1,-3.45
1806,Alimentos Oeste ME,10001806000142,ME,SAO JOSE DO RIO PRETO,5,Elisa Rocha,Empreendedorismo Cultural,Participante,0,0,,,0,0,1,37.22
1807,Servicos Litoral ME,10001807000149,MEI,SOROCABA,12,Lucas Barros,Empreendedorismo Cultural,Participante,0,0,,,0,0,1,35.03
1808,Distribuidora Souza e Cia,10001808000156,MEI,PRESIDENTE PRUDENTE,3,Carla Dias,Turismo e Agronegocio,Participante,0,0,,,0,0,0,
1809,Servicos Litoral S.A.,10001809000163,EPP,MARILIA,7,Giovana Melo,Sustentabilidade,Concluinte,1,0,Plano D - Sustentabilidade,,1,1,1,56.99
1810,Confeccoes Litoral S.A.,10001810000170,MEDIA,ARACATUBA,11,Karina Reis,Atendimento ao Cliente,Sem atendimento,0,0,,,0,0,0,
1811,Comercial Souza EIRELI,10001811000177,MEI,BAURU,5,Elisa Rocha,Empreendedorismo Cultural,Participante,0,0,,,0,0,1,36.03
1812,Transportes Oeste ME,10001812000184,MEI,SAO CARLOS,9,Iara Costa,Tecnologia e Inovacao,Participante,0,0,,,0,0,1,30.35
1813,Tecnologia Silva S.A.,10001813000191,MEI,SAO CARLOS,4,Diego Alves,Atendimento ao Cliente,Participante,0,0,,,0,0,0,
1814,Industria Norte ME,10001814000198,ME,RIBEIRAO PRETO,1,Ana Souza,Comercio e Servicos,Participante,0,0,,,0,0,0,
1815,Comercial Norte Ltda,10001815000105,ME,BAURU,10,Joao Pedro,Turismo e Agronegocio,Concluinte,1,0,Plano A - Crescimento,,1,1,0,
1816,Tecnologia Central e Cia,10001816000112,EPP,SOROCABA,7,Giovana Melo,Sustentabilidade,Participante,0,0,,,0,0,0,
1817,Industria Central e Cia,10001817000119,MEI,FRANCA,3,Carla Dias,Turismo e Agronegocio,Participante,0,0,,,0,0,0,
1818,Tecnologia Norte ME,10001818000126,MEI,RIBEIRAO PRETO,13,Mariana Teles,Consultoria Especializada,Participante,0,0,,,0,0,0,
1819,Papelaria Souza e Cia,10001819000133,ME,SAO CARLOS,6,Fabio Nunes,Consultoria Especializada,Participante,0,0,,,0,0,1,14.79
1820,Transportes Litoral e Cia,10001820000140,MEI,SOROCABA,15,Olivia Prado,Comercio e Servicos,Participante,0,0,,,0,0,0,
1821,Confeccoes Litoral ME,10001821000147,ME,BAURU,8,Hugo Ramos,Comercio e Servicos,Participante,0,0,,,0,0,0,
1822,Comercial Norte EIRELI,10001822000154,MEI,ARACATUBA,8,Hugo Ramos,Comercio e Servicos,Participante,0,0,,,0,0,0,
1823,Confeccoes Souza ME,10001823000161,EPP,SAO CARLOS,5,Elisa Rocha,Empreendedorismo Cultural,Sem atendimento,0,0,,,0,0,0,
1824,Servicos Norte Ltda,10001824000168,MEI,MARILIA,8,Hugo Ramos,Comercio e Servicos,Participante,0,0,,,0,0,0,
1825,Alimentos Silva e Cia,10001825000175,MEI,MARILIA,12,Lucas Barros,Empreendedorismo Cultural,Participante,0,0,,,0,0,0,
1826,Papelaria Oeste ME,10001826000182,MEDIA,SAO CARLOS,14,Nicolas Vieira,Sustentabilidade,Sem atendimento,0,0,,,0,0,0,
1827,Alimentos Souza ME,10001827000189,MEI,CAMPINAS,1,Ana Souza,Comercio e Servicos,Participante,0,0,,,0,0,0,
1828,Transportes Litoral e Cia,10001828000196,MEI,RIBEIRAO PRETO,1,Ana Souza,Comercio e Servicos,Participante,0,0,,,0,0,0,
1829,Confeccoes Litoral e Cia,10001829000103,ME,PRESIDENTE PRUDENTE,13,Mariana Teles,Consultoria Especializada,Concluinte,1,0,Plano D - Sustentabilidade,,1,1,0,
1830,Servicos Oeste ME,10001830000110,MEI,RIBEIRAO PRETO,15,Olivia Prado,Comercio e Servicos,Participante,0,0,,,0,0,1,27.68
1831,Industria Central EIRELI,10001831000117,ME,SAO CARLOS,13,Mariana Teles,Consultoria Especializada,Participante,0,0,,,0,0,1,29.69
1832,Industria Central Ltda,10001832000124,ME,CAMPINAS,12,Lucas Barros,Empreendedorismo Cultural,Participante,0,0,,,0,0,1,19.87
1833,Industria Souza e Cia,10001833000131,ME,RIBEIRAO PRETO,6,Fabio Nunes,Consultoria Especializada,Concluinte,1,0,Plano D - Sustentabilidade,,1,1,1,13.35
1834,Confeccoes Silva ME,10001834000138,MEI,SAO JOSE DO RIO PRETO,6,Fabio Nunes,Consultoria Especializada,Participante,0,0,,,0,0,0,
1835,Papelaria Souza Ltda,10001835000145,MEI,SAO CARLOS,13,Mariana Teles,Consultoria Especializada,Participante,0,0,,,0,0,0,
1836,Construtora Litoral S.A.,10001836000152,MEI,CAMPINAS,8,Hugo Ramos,Comercio e Servicos,Participante,0,0,,,0,0,0,
1837,Comercial Norte Ltda,10001837000159,MEI,FRANCA,5,Elisa Rocha,Empreendedorismo Cultural,Participante,0,0,,,0,0,0,
1838,Comercial Litoral Ltda,10001838000166,MEI,SAO JOSE DO RIO PRETO,4,Diego Alves,Atendimento ao Cliente,Participante,0,0,,,0,0,1,53.43
1839,Confeccoes Souza e Cia,10001839000173,MEI,BAURU,3,Carla Dias,Turismo e Agronegocio,Participante,0,0,,,0,0,0,
1840,Distribuidora Norte ME,10001840000180,EPP,RIBEIRAO PRETO,1,Ana Souza,Comercio e Servicos,Participante,0,0,,,0,0,0,
1841,Industria Central e Cia,10001841000187,EPP,ARACATUBA,7,Giovana Melo,Sustentabilidade,Participante,0,0,,,0,0,0,
1842,Confeccoes Oeste S.A.,10001842000194,MEI,FRANCA,6,Fabio Nunes,Consultoria Especializada,Sem atendimento,0,0,,,0,0,0,
1843,Transportes Silva Ltda,10001843000101,EPP,PRESIDENTE PRUDENTE,9,Iara Costa,Tecnologia e Inovacao,Participante,0,0,,,0,0,0,
1844,Distribuidora Norte S.A.,10001844000108,MEI,FRANCA,10,Joao Pedro,Turismo e Agronegocio,Participante,0,0,,,0,0,0,
1845,Comercial Souza S.A.,10001845000115,MEI,RIBEIRAO PRETO,8,Hugo Ramos,Comercio e Servicos,Participante,0,0,,,0,0,1,22.46
1846,Servicos Litoral S.A.,10001846000122,ME,SAO JOSE DO RIO PRETO,10,Joao Pedro,Turismo e Agronegocio,Participante,0,0,,,0,0,0,
1847,Construtora Souza Ltda,10001847000129,MEI,ARACATUBA,4,Diego Alves,Atendimento ao Cliente,Participante,0,0,,,0,0,1,21.62
1848,Alimentos Silva e Cia,10001848000136,MEI,CAMPINAS,10,Joao Pedro,Turismo e Agronegocio,Sem atendimento,0,0,,,0,0,0,
1849,Comercial Norte EIRELI,10001849000143,MEI,SAO JOSE DO RIO PRETO,3,Carla Dias,Turismo e Agronegocio,Participante,0,0,,,0,0,0,
1850,Papelaria Souza S.A.,10001850000150,MEI,PRESIDENTE PRUDENTE,11,Karina Reis,Atendimento ao Cliente,Participante,0,0,,,0,0,0,
1851,Papelaria Oeste ME,10001851000157,EPP,SAO JOSE DO RIO PRETO,10,Joao Pedro,Turismo e Agronegocio,Participante,0,0,,,0,0,0,
1852,Alimentos Oeste Ltda,10001852000164,ME,MARILIA,16,Paulo Cezar,Tecnologia e Inovacao,Participante,0,0,,,0,0,0,
1853,Industria Oeste EIRELI,10001853000171,MEI,SAO CARLOS,5,Elisa Rocha,Empreendedorismo Cultural,Participante,0,0,,,0,0,1,31.18
1854,Distribuidora Silva e Cia,10001854000178,MEI,SOROCABA,16,Paulo Cezar,Tecnologia e Inovacao,Participante,0,0,,,0,0,1,22.43
1855,Industria Silva ME,10001855000185,GRANDE,SAO JOSE DO RIO PRETO,9,Iara Costa,Tecnologia e Inovacao,Sem atendimento,0,0,,,0,0,0,
1856,Alimentos Oeste S.A.,10001856000192,MEI,CAMPINAS,13,Mariana Teles,Consultoria Especializada,Participante,0,0,,,0,0,0,
1857,Papelaria Litoral ME,10001857000199,MEI,CAMPINAS,14,Nicolas Vieira,Sustentabilidade,Participante,0,0,,,0,0,0,
1858,Tecnologia Central e Cia,10001858000106,ME,CAMPINAS,8,Hugo Ramos,Comercio e Servicos,Participante,0,0,,,0,0,0,
1859,Transportes Norte EIRELI,10001859000113,MEI,SOROCABA,16,Paulo Cezar,Tecnologia e Inovacao,Participante,0,0,,,0,0,1,28.32
1860,Transportes Norte EIRELI,10001860000120,ME,SAO JOSE DO RIO PRETO,14,Nicolas Vieira,Sustentabilidade,Concluinte,1,0,Plano B - Projetos Especiais,,1,1,1,15.83
1861,Comercial Souza Ltda,10001861000127,MEI,SAO CARLOS,12,Lucas Barros,Empreendedorismo Cultural,Participante,0,0,,,0,0,0,
1862,Distribuidora Silva ME,10001862000134,MEI,SAO CARLOS,5,Elisa Rocha,Empreendedorismo Cultural,Participante,0,0,,,0,0,0,
1863,Confeccoes Central EIRELI,10001863000141,EPP,SAO JOSE DO RIO PRETO,5,Elisa Rocha,Empreendedorismo Cultural,Participante,0,0,,,0,0,0,
1864,Servicos Souza EIRELI,10001864000148,MEI,SAO CARLOS,14,Nicolas Vieira,Sustentabilidade,Participante,0,0,,,0,0,0,
1865,Industria Central Ltda,10001865000155,ME,MARILIA,4,Diego Alves,Atendimento ao Cliente,Participante,0,0,,,0,0,0,
1866,Comercial Litoral Ltda,10001866000162,ME,RIBEIRAO PRETO,12,Lucas Barros,Empreendedorismo Cultural,Concluinte,1,0,Plano D - Sustentabilidade,,1,1,1,44.19
1867,Papelaria Souza Ltda,10001867000169,MEI,PRESIDENTE PRUDENTE,16,Paulo Cezar,Tecnologia e Inovacao,Participante,0,0,,,0,0,0,
1868,Servicos Silva Ltda,10001868000176,ME,PRESIDENTE PRUDENTE,3,Carla Dias,Turismo e Agronegocio,Concluinte,1,0,Plano D - Sustentabilidade,,1,1,0,
1869,Industria Souza S.A.,10001869000183,ME,FRANCA,14,Nicolas Vieira,Sustentabilidade,Participante,0,0,,,0,0,0,
1870,Construtora Central ME,10001870000190,MEI,FRANCA,10,Joao Pedro,Turismo e Agronegocio,Participante,0,0,,,0,0,0,
1871,Confeccoes Silva EIRELI,10001871000197,MEI,SOROCABA,1,Ana Souza,Comercio e Servicos,Participante,0,0,,,0,0,1,58.12
1872,Papelaria Souza e Cia,10001872000104,MEI,SAO CARLOS,2,Bruno Lima,Tecnologia e Inovacao,Participante,0,0,,,0,0,0,
1873,Construtora Norte ME,10001873000111,EPP,FRANCA,14,Nicolas Vieira,Sustentabilidade,Concluinte,1,0,Plano D - Sustentabilidade,,1,1,0,
1874,Servicos Central EIRELI,10001874000118,MEI,MARILIA,10,Joao Pedro,Turismo e Agronegocio,Participante,0,0,,,0,0,0,
1875,Industria Litoral EIRELI,10001875000125,MEI,SOROCABA,13,Mariana Teles,Consultoria Especializada,Sem atendimento,0,0,,,0,0,0,
1876,Tecnologia Souza e Cia,10001876000132,ME,ARACATUBA,8,Hugo Ramos,Comercio e Servicos,Participante,0,0,,,0,0,0,
1877,Construtora Oeste S.A.,10001877000139,EPP,SAO CARLOS,15,Olivia Prado,Comercio e Servicos,Participante,0,0,,,0,0,1,34.44
1878,Alimentos Litoral S.A.,10001878000146,MEI,MARILIA,2,Bruno Lima,Tecnologia e Inovacao,Concluinte,1,0,Plano B - Projetos Especiais,,1,1,0,
1879,Distribuidora Oeste e Cia,10001879000153,ME,CAMPINAS,4,Diego Alves,Atendimento ao Cliente,Participante,0,0,,,0,0,0,
1880,Servicos Oeste EIRELI,10001880000160,ME,MARILIA,1,Ana Souza,Comercio e Servicos,Participante,0,0,,,0,0,0,
1881,Papelaria Silva ME,10001881000167,MEI,RIBEIRAO PRETO,7,Giovana Melo,Sustentabilidade,Sem atendimento,0,0,,,0,0,0,
1882,Servicos Oeste Ltda,10001882000174,MEDIA,SOROCABA,2,Bruno Lima,Tecnologia e Inovacao,Sem atendimento,0,0,,,0,0,0,
1883,Papelaria Central Ltda,10001883000181,MEI,MARILIA,2,Bruno Lima,Tecnologia e Inovacao,Sem atendimento,0,0,,,0,0,1,35.23
1884,Comercial Oeste ME,10001884000188,MEDIA,BAURU,10,Joao Pedro,Turismo e Agronegocio,Sem atendimento,0,0,,,0,0,0,
1885,Alimentos Central ME,10001885000195,MEDIA,ARACATUBA,7,Giovana Melo,Sustentabilidade,Sem atendimento,0,0,,,0,0,1,22.86
1886,Alimentos Central e Cia,10001886000102,MEI,SAO CARLOS,4,Diego Alves,Atendimento ao Cliente,Participante,0,0,,,0,0,0,
1887,Comercial Norte S.A.,10001887000109,ME,SOROCABA,5,Elisa Rocha,Empreendedorismo Cultural,Participante,0,0,,,0,0,0,
1888,Confeccoes Souza EIRELI,10001888000116,ME,SAO JOSE DO RIO PRETO,2,Bruno Lima,Tecnologia e Inovacao,Participante,0,0,,,0,0,0,
1889,Servicos Souza EIRELI,10001889000123,ME,ARACATUBA,3,Carla Dias,Turismo e Agronegocio,Participante,0,0,,,0,0,1,10.96
1890,Construtora Souza ME,10001890000130,MEI,ARACATUBA,11,Karina Reis,Atendimento ao Cliente,Concluinte,1,0,Plano B - Projetos Especiais,,1,1,1,17.33
1891,Comercial Litoral S.A.,10001891000137,MEI,SAO CARLOS,14,Nicolas Vieira,Sustentabilidade,Participante,0,0,,,0,0,1,39.45
1892,Industria Norte S.A.,10001892000144,MEI,SAO CARLOS,3,Carla Dias,Turismo e Agronegocio,Sem atendimento,0,0,,,0,0,0,
1893,Confeccoes Norte Ltda,10001893000151,ME,BAURU,5,Elisa Rocha,Empreendedorismo Cultural,Sem atendimento,0,0,,,0,0,1,26.59
1894,Industria Oeste EIRELI,10001894000158,MEI,CAMPINAS,11,Karina Reis,Atendimento ao Cliente,Participante,0,0,,,0,0,0,
1895,Alimentos Silva Ltda,10001895000165,MEI,BAURU,12,Lucas Barros,Empreendedorismo Cultural,Participante,0,0,,,0,0,0,
1896,Confeccoes Central ME,10001896000172,ME,SAO CARLOS,15,Olivia Prado,Comercio e Servicos,Participante,0,0,,,0,0,1,56.33
1897,Distribuidora Norte S.A.,10001897000179,MEI,SAO JOSE DO RIO PRETO,5,Elisa Rocha,Empreendedorismo Cultural,Participante,0,0,,,0,0,1,57.59
1898,Tecnologia Central e Cia,10001898000186,EPP,FRANCA,10,Joao Pedro,Turismo e Agronegocio,Participante,0,0,,,0,0,0,
1899,Alimentos Norte e Cia,10001899000193,MEDIA,CAMPINAS,15,Olivia Prado,Comercio e Servicos,Sem atendimento,0,0,,,0,0,1,41.35
1900,Tecnologia Norte S.A.,10001900000100,MEI,BAURU,3,Carla Dias,Turismo e Agronegocio,Participante,0,0,,,0,0,0,
1901,Papelaria Litoral Ltda,10001901000107,ME,SOROCABA,2,Bruno Lima,Tecnologia e Inovacao,Concluinte,1,0,Plano B - Projetos Especiais,,1,1,0,
1902,Industria Silva ME,10001902000114,MEI,MARILIA,1,Ana Souza,Comercio e Servicos,Participante,0,0,,,0,0,1,10.65
1903,Distribuidora Souza S.A.,10001903000121,EPP,SAO CARLOS,13,Mariana Teles,Consultoria Especializada,Concluinte,1,0,Plano D - Sustentabilidade,,1,1,1,10.23
1904,Alimentos Central S.A.,10001904000128,ME,FRANCA,3,Carla Dias,Turismo e Agronegocio,Concluinte,1,0,Plano D - Sustentabilidade,,1,1,0,
1905,Distribuidora Silva EIRELI,10001905000135,ME,PRESIDENTE PRUDENTE,15,Olivia Prado,Comercio e Servicos,Participante,0,0,,,0,0,0,
1906,Tecnologia Souza S.A.,10001906000142,MEI,MARILIA,13,Mariana Teles,Consultoria Especializada,Participante,0,0,,,0,0,1,33.89
1907,Papelaria Central EIRELI,10001907000149,ME,SOROCABA,11,Karina Reis,Atendimento ao Cliente,Participante,0,0,,,0,0,1,4.63
1908,Confeccoes Central Ltda,10001908000156,ME,SAO CARLOS,4,Diego Alves,Atendimento ao Cliente,Participante,0,0,,,0,0,0,
1909,Industria Litoral EIRELI,10001909000163,MEI,SAO JOSE DO RIO PRETO,16,Paulo Cezar,Tecnologia e Inovacao,Participante,0,0,,,0,0,1,50.38
1910,Comercial Oeste S.A.,10001910000170,MEDIA,MARILIA,13,Mariana Teles,Consultoria Especializada,Sem atendimento,0,0,,,0,0,0,
1911,Servicos Silva S.A.,10001911000177,MEI,SOROCABA,2,Bruno Lima,Tecnologia e Inovacao,Participante,0,0,,,0,0,1,12.1
1912,Distribuidora Souza Ltda,10001912000184,MEI,RIBEIRAO PRETO,6,Fabio Nunes,Consultoria Especializada,Participante,0,0,,,0,0,1,7.1
1913,Construtora Central e Cia,10001913000191,MEI,SOROCABA,10,Joao Pedro,Turismo e Agronegocio,Concluinte,1,0,Plano B - Projetos Especiais,,1,1,1,51.91
1914,Industria Silva Ltda,10001914000198,EPP,RIBEIRAO PRETO,9,Iara Costa,Tecnologia e Inovacao,Participante,0,0,,,0,0,1,63.03
1915,Confeccoes Souza EIRELI,10001915000105,MEI,ARACATUBA,11,Karina Reis,Atendimento ao Cliente,Participante,0,0,,,0,0,0,
1916,Construtora Norte EIRELI,10001916000112,MEDIA,BAURU,16,Paulo Cezar,Tecnologia e Inovacao,Sem atendimento,0,0,,,0,0,0,
1917,Papelaria Central Ltda,10001917000119,ME,SAO JOSE DO RIO PRETO,12,Lucas Barros,Empreendedorismo Cultural,Participante,0,0,,,0,0,1,16.92
1918,Distribuidora Litoral e Cia,10001918000126,ME,CAMPINAS,7,Giovana Melo,Sustentabilidade,Sem atendimento,0,0,,,0,0,0,
1919,Comercial Souza S.A.,10001919000133,EPP,MARILIA,11,Karina Reis,Atendimento ao Cliente,Concluinte,1,0,Plano D - Sustentabilidade,,1,1,0,
1920,Distribuidora Litoral S.A.,10001920000140,MEI,PRESIDENTE PRUDENTE,11,Karina Reis,Atendimento ao Cliente,Participante,0,0,,,0,0,0,
1921,Construtora Souza S.A.,10001921000147,ME,FRANCA,1,Ana Souza,Comercio e Servicos,Participante,0,0,,,0,0,0,
1922,Comercial Souza EIRELI,10001922000154,MEI,CAMPINAS,4,Diego Alves,Atendimento ao Cliente,Participante,0,0,,,0,0,1,-2.31
1923,Papelaria Central EIRELI,10001923000161,MEI,SOROCABA,6,Fabio Nunes,Consultoria Especializada,Participante,0,0,,,0,0,1,22.56
1924,Papelaria Silva ME,10001924000168,EPP,SAO CARLOS,7,Giovana Melo,Sustentabilidade,Concluinte,1,0,Plano D - Sustentabilidade,,1,1,0,
1925,Confeccoes Norte Ltda,10001925000175,ME,RIBEIRAO PRETO,10,Joao Pedro,Turismo e Agronegocio,Participante,0,0,,,0,0,0,
1926,Tecnologia Central ME,10001926000182,MEI,BAURU,15,Olivia Prado,Comercio e Servicos,Participante,0,0,,,0,0,0,
1927,Transportes Oeste Ltda,10001927000189,EPP,RIBEIRAO PRETO,14,Nicolas Vieira,Sustentabilidade,Concluinte,1,0,Plano D - Sustentabilidade,,1,1,1,21.91
1928,Alimentos Souza e Cia,10001928000196,ME,CAMPINAS,14,Nicolas Vieira,Sustentabilidade,Participante,0,0,,,0,0,0,
1929,Tecnologia Oeste S.A.,10001929000103,ME,SAO JOSE DO RIO PRETO,14,Nicolas Vieira,Sustentabilidade,Concluinte,1,0,Plano A - Crescimento,,1,1,0,
1930,Distribuidora Silva Ltda,10001930000110,ME,CAMPINAS,4,Diego Alves,Atendimento ao Cliente,Participante,0,0,,,0,0,0,
1931,Distribuidora Central e Cia,10001931000117,EPP,BAURU,14,Nicolas Vieira,Sustentabilidade,Participante,0,0,,,0,0,1,16.03
1932,Transportes Norte Ltda,10001932000124,ME,SAO CARLOS,15,Olivia Prado,Comercio e Servicos,Participante,0,0,,,0,0,0,
1933,Servicos Souza S.A.,10001933000131,ME,MARILIA,14,Nicolas Vieira,Sustentabilidade,Participante,0,0,,,0,0,0,
1934,Construtora Silva ME,10001934000138,MEDIA,FRANCA,7,Giovana Melo,Sustentabilidade,Sem atendimento,0,0,,,0,0,0,
1935,Tecnologia Litoral S.A.,10001935000145,MEI,SAO CARLOS,15,Olivia Prado,Comercio e Servicos,Participante,0,0,,,0,0,0,
1936,Transportes Oeste ME,10001936000152,EPP,SOROCABA,8,Hugo Ramos,Comercio e Servicos,Concluinte,1,0,Plano D - Sustentabilidade,,1,1,0,
1937,Tecnologia Litoral EIRELI,10001937000159,MEI,SAO CARLOS,10,Joao Pedro,Turismo e Agronegocio,Participante,0,0,,,0,0,0,
1938,Comercial Silva Ltda,10001938000166,MEI,PRESIDENTE PRUDENTE,14,Nicolas Vieira,Sustentabilidade,Participante,0,0,,,0,0,1,20.6
1939,Alimentos Souza e Cia,10001939000173,GRANDE,SAO JOSE DO RIO PRETO,11,Karina Reis,Atendimento ao Cliente,Sem atendimento,0,0,,,0,0,0,
1940,Servicos Norte S.A.,10001940000180,EPP,RIBEIRAO PRETO,13,Mariana Teles,Consultoria Especializada,Concluinte,1,0,Plano D - Sustentabilidade,,1,1,0,
1941,Industria Litoral S.A.,10001941000187,MEDIA,CAMPINAS,14,Nicolas Vieira,Sustentabilidade,Sem atendimento,0,0,,,0,0,0,
1942,Alimentos Norte EIRELI,10001942000194,MEI,FRANCA,13,Mariana Teles,Consultoria Especializada,Participante,0,0,,,0,0,0,
1943,Transportes Silva e Cia,10001943000101,ME,RIBEIRAO PRETO,5,Elisa Rocha,Empreendedorismo Cultural,Concluinte,1,0,Plano D - Sustentabilidade,,1,1,0,
1944,Transportes Souza ME,10001944000108,MEI,MARILIA,9,Iara Costa,Tecnologia e Inovacao,Participante,0,0,,,0,0,1,34.71
1945,Tecnologia Silva e Cia,10001945000115,MEI,PRESIDENTE PRUDENTE,1,Ana Souza,Comercio e Servicos,Participante,0,0,,,0,0,0,
1946,Papelaria Central Ltda,10001946000122,ME,FRANCA,3,Carla Dias,Turismo e Agronegocio,Participante,0,0,,,0,0,0,
1947,Alimentos Souza EIRELI,10001947000129,ME,RIBEIRAO PRETO,15,Olivia Prado,Comercio e Servicos,Concluinte,1,0,Plano D - Sustentabilidade,,1,1,1,54.67
1948,Servicos Norte EIRELI,10001948000136,ME,SOROCABA,10,Joao Pedro,Turismo e Agronegocio,Concluinte,1,0,Plano D - Sustentabilidade,,1,1,0,
1949,Confeccoes Litoral Ltda,10001949000143,MEI,SAO CARLOS,13,Mariana Teles,Consultoria Especializada,Participante,0,0,,,0,0,0,
1950,Comercial Litoral e Cia,10001950000150,EPP,RIBEIRAO PRETO,5,Elisa Rocha,Empreendedorismo Cultural,Participante,0,0,,,0,0,0,
1951,Papelaria Silva Ltda,10001951000157,MEI,SAO CARLOS,15,Olivia Prado,Comercio e Servicos,Participante,0,0,,,0,0,0,
1952,Distribuidora Silva S.A.,10001952000164,EPP,SOROCABA,6,Fabio Nunes,Consultoria Especializada,Participante,0,0,,,0,0,1,11.65
1953,Tecnologia Silva S.A.,10001953000171,ME,RIBEIRAO PRETO,7,Giovana Melo,Sustentabilidade,Concluinte,1,0,Plano D - Sustentabilidade,,1,1,0,
1954,Construtora Litoral Ltda,10001954000178,MEI,CAMPINAS,3,Carla Dias,Turismo e Agronegocio,Sem atendimento,0,0,,,0,0,1,61.41
1955,Alimentos Litoral S.A.,10001955000185,EPP,CAMPINAS,13,Mariana Teles,Consultoria Especializada,Participante,0,0,,,0,0,0,
1956,Comercial Souza e Cia,10001956000192,ME,SAO CARLOS,10,Joao Pedro,Turismo e Agronegocio,Participante,0,0,,,0,0,0,
1957,Distribuidora Oeste ME,10001957000199,ME,SAO JOSE DO RIO PRETO,2,Bruno Lima,Tecnologia e Inovacao,Participante,0,0,,,0,0,0,
1958,Industria Norte ME,10001958000106,EPP,SAO JOSE DO RIO PRETO,1,Ana Souza,Comercio e Servicos,Participante,0,0,,,0,0,0,
1959,Transportes Silva e Cia,10001959000113,ME,MARILIA,1,Ana Souza,Comercio e Servicos,Participante,0,0,,,0,0,1,26.61
1960,Alimentos Silva EIRELI,10001960000120,MEI,FRANCA,7,Giovana Melo,Sustentabilidade,Participante,0,0,,,0,0,0,
1961,Distribuidora Litoral EIRELI,10001961000127,MEI,SAO CARLOS,8,Hugo Ramos,Comercio e Servicos,Participante,0,0,,,0,0,1,7.27
1962,Distribuidora Oeste e Cia,10001962000134,ME,RIBEIRAO PRETO,7,Giovana Melo,Sustentabilidade,Sem atendimento,0,0,,,0,0,0,
1963,Tecnologia Norte S.A.,10001963000141,EPP,SAO JOSE DO RIO PRETO,16,Paulo Cezar,Tecnologia e Inovacao,Participante,0,0,,,0,0,1,15.66
1964,Servicos Litoral ME,10001964000148,MEDIA,PRESIDENTE PRUDENTE,6,Fabio Nunes,Consultoria Especializada,Sem atendimento,0,0,,,0,0,1,31.15
1965,Industria Souza S.A.,10001965000155,MEI,RIBEIRAO PRETO,10,Joao Pedro,Turismo e Agronegocio,Participante,0,0,,,0,0,0,
1966,Papelaria Litoral ME,10001966000162,EPP,MARILIA,14,Nicolas Vieira,Sustentabilidade,Sem atendimento,0,0,,,0,0,0,
1967,Papelaria Central S.A.,10001967000169,MEI,SOROCABA,4,Diego Alves,Atendimento ao Cliente,Participante,0,0,,,0,0,1,17.1
1968,Distribuidora Central EIRELI,10001968000176,EPP,PRESIDENTE PRUDENTE,12,Lucas Barros,Empreendedorismo Cultural,Concluinte,1,0,Plano D - Sustentabilidade,,1,1,0,
1969,Papelaria Central ME,10001969000183,ME,SAO CARLOS,9,Iara Costa,Tecnologia e Inovacao,Participante,0,0,,,0,0,0,
1970,Tecnologia Silva Ltda,10001970000190,MEI,SAO CARLOS,12,Lucas Barros,Empreendedorismo Cultural,Participante,0,0,,,0,0,1,39.77
1971,Industria Oeste EIRELI,10001971000197,MEI,BAURU,14,Nicolas Vieira,Sustentabilidade,Participante,0,0,,,0,0,1,5.05
1972,Alimentos Souza ME,10001972000104,MEI,RIBEIRAO PRETO,12,Lucas Barros,Empreendedorismo Cultural,Participante,0,0,,,0,0,0,
1973,Alimentos Souza S.A.,10001973000111,ME,FRANCA,1,Ana Souza,Comercio e Servicos,Participante,0,0,,,0,0,0,
1974,Transportes Silva S.A.,10001974000118,MEI,MARILIA,8,Hugo Ramos,Comercio e Servicos,Participante,0,0,,,0,0,1,13.89
1975,Distribuidora Norte ME,10001975000125,ME,SAO CARLOS,7,Giovana Melo,Sustentabilidade,Participante,0,0,,,0,0,0,
1976,Papelaria Litoral S.A.,10001976000132,ME,SAO CARLOS,3,Carla Dias,Turismo e Agronegocio,Participante,0,0,,,0,0,0,
1977,Alimentos Souza EIRELI,10001977000139,MEI,SAO JOSE DO RIO PRETO,11,Karina Reis,Atendimento ao Cliente,Participante,0,0,,,0,0,0,
1978,Comercial Oeste S.A.,10001978000146,MEI,SOROCABA,16,Paulo Cezar,Tecnologia e Inovacao,Participante,0,0,,,0,0,0,
1979,Papelaria Oeste e Cia,10001979000153,MEI,SAO JOSE DO RIO PRETO,6,Fabio Nunes,Consultoria Especializada,Participante,0,0,,,0,0,0,
1980,Confeccoes Silva e Cia,10001980000160,MEDIA,PRESIDENTE PRUDENTE,1,Ana Souza,Comercio e Servicos,Sem atendimento,0,0,,,0,0,1,33.73
1981,Confeccoes Souza S.A.,10001981000167,MEI,CAMPINAS,15,Olivia Prado,Comercio e Servicos,Participante,0,0,,,0,0,0,
1982,Alimentos Litoral Ltda,10001982000174,MEI,SAO CARLOS,2,Bruno Lima,Tecnologia e Inovacao,Sem atendimento,0,0,,,0,0,0,
1983,Confeccoes Oeste ME,10001983000181,ME,SAO CARLOS,14,Nicolas Vieira,Sustentabilidade,Participante,0,0,,,0,0,0,
1984,Transportes Oeste S.A.,10001984000188,ME,RIBEIRAO PRETO,3,Carla Dias,Turismo e Agronegocio,Concluinte,1,0,Plano D - Sustentabilidade,,1,1,0,
1985,Construtora Central Ltda,10001985000195,EPP,BAURU,10,Joao Pedro,Turismo e Agronegocio,Participante,0,0,,,0,0,0,
1986,Comercial Souza Ltda,10001986000102,EPP,BAURU,4,Diego Alves,Atendimento ao Cliente,Participante,0,0,,,0,0,0,
1987,Alimentos Litoral S.A.,10001987000109,MEI,SOROCABA,4,Diego Alves,Atendimento ao Cliente,Participante,0,0,,,0,0,0,
1988,Alimentos Norte Ltda,10001988000116,EPP,PRESIDENTE PRUDENTE,7,Giovana Melo,Sustentabilidade,Concluinte,1,0,Plano D - Sustentabilidade,,1,1,0,
1989,Confeccoes Silva Ltda,10001989000123,MEI,CAMPINAS,2,Bruno Lima,Tecnologia e Inovacao,Participante,0,0,,,0,0,0,
1990,Confeccoes Oeste e Cia,10001990000130,ME,SAO CARLOS,3,Carla Dias,Turismo e Agronegocio,Participante,0,0,,,0,0,1,54.75
1991,Industria Souza e Cia,10001991000137,ME,SAO CARLOS,9,Iara Costa,Tecnologia e Inovacao,Concluinte,1,0,Plano D - Sustentabilidade,,1,1,1,53.84
1992,Industria Norte S.A.,10001992000144,ME,SOROCABA,11,Karina Reis,Atendimento ao Cliente,Participante,0,1,,Plano D - Sustentabilidade,0,1,0,
1993,Transportes Norte EIRELI,10001993000151,ME,RIBEIRAO PRETO,4,Diego Alves,Atendimento ao Cliente,Concluinte,1,0,Plano D - Sustentabilidade,,1,1,0,
1994,Confeccoes Oeste S.A.,10001994000158,MEI,SAO JOSE DO RIO PRETO,16,Paulo Cezar,Tecnologia e Inovacao,Concluinte,1,0,Plano B - Projetos Especiais,,1,1,0,
1995,Distribuidora Oeste e Cia,10001995000165,EPP,FRANCA,10,Joao Pedro,Turismo e Agronegocio,Participante,0,0,,,0,0,1,26.89
1996,Distribuidora Silva S.A.,10001996000172,MEI,PRESIDENTE PRUDENTE,7,Giovana Melo,Sustentabilidade,Participante,0,0,,,0,0,0,
1997,Construtora Central EIRELI,10001997000179,ME,PRESIDENTE PRUDENTE,7,Giovana Melo,Sustentabilidade,Participante,0,0,,,0,0,1,12.55
1998,Papelaria Norte e Cia,10001998000186,EPP,PRESIDENTE PRUDENTE,7,Giovana Melo,Sustentabilidade,Concluinte,1,0,Plano D - Sustentabilidade,,1,1,0,
1999,Construtora Litoral EIRELI,10001999000193,EPP,RIBEIRAO PRETO,10,Joao Pedro,Turismo e Agronegocio,Concluinte,1,0,Plano D - Sustentabilidade,,1,1,1,49.55
2000,Servicos Oeste S.A.,10002000000100,MEDIA,ARACATUBA,5,Elisa Rocha,Empreendedorismo Cultural,Sem atendimento,0,0,,,0,0,1,22.4
2001,Tecnologia Souza Ltda,10002001000107,MEI,SAO CARLOS,7,Giovana Melo,Sustentabilidade,Participante,0,0,,,0,0,1,22.8
2002,Papelaria Litoral Ltda,10002002000114,MEI,SAO CARLOS,10,Joao Pedro,Turismo e Agronegocio,Participante,0,0,,,0,0,1,2.96
2003,Distribuidora Souza Ltda,10002003000121,EPP,ARACATUBA,4,Diego Alves,Atendimento ao Cliente,Concluinte,1,0,Plano D - Sustentabilidade,,1,1,0,
2004,Comercial Central e Cia,10002004000128,ME,SOROCABA,9,Iara Costa,Tecnologia e Inovacao,Participante,0,0,,,0,0,0,
2005,Transportes Silva ME,10002005000135,MEI,RIBEIRAO PRETO,4,Diego Alves,Atendimento ao Cliente,Participante,0,0,,,0,0,1,33.82
2006,Transportes Central e Cia,10002006000142,MEI,MARILIA,13,Mariana Teles,Consultoria Especializada,Participante,0,0,,,0,0,0,
2007,Alimentos Silva Ltda,10002007000149,ME,MARILIA,9,Iara Costa,Tecnologia e Inovacao,Concluinte,1,0,Plano D - Sustentabilidade,,1,1,0,
2008,Servicos Oeste EIRELI,10002008000156,MEI,SAO JOSE DO RIO PRETO,14,Nicolas Vieira,Sustentabilidade,Participante,0,0,,,0,0,1,51.58
2009,Transportes Norte S.A.,10002009000163,ME,CAMPINAS,9,Iara Costa,Tecnologia e Inovacao,Participante,0,0,,,0,0,0,
2010,Servicos Silva EIRELI,10002010000170,MEI,SOROCABA,2,Bruno Lima,Tecnologia e Inovacao,Participante,0,0,,,0,0,1,8.24
2011,Papelaria Oeste EIRELI,10002011000177,MEI,FRANCA,2,Bruno Lima,Tecnologia e Inovacao,Participante,0,0,,,0,0,0,
2012,Servicos Norte S.A.,10002012000184,MEI,RIBEIRAO PRETO,9,Iara Costa,Tecnologia e Inovacao,Participante,0,0,,,0,0,0,
2013,Confeccoes Central EIRELI,10002013000191,MEI,ARACATUBA,8,Hugo Ramos,Comercio e Servicos,Participante,0,0,,,0,0,1,22.86
2014,Confeccoes Litoral e Cia,10002014000198,MEI,CAMPINAS,12,Lucas Barros,Empreendedorismo Cultural,Participante,0,0,,,0,0,1,21.92
2015,Industria Norte e Cia,10002015000105,ME,SOROCABA,4,Diego Alves,Atendimento ao Cliente,Participante,0,0,,,0,0,1,26.78
2016,Industria Oeste Ltda,10002016000112,MEI,PRESIDENTE PRUDENTE,8,Hugo Ramos,Comercio e Servicos,Participante,0,0,,,0,0,1,7.36
2017,Industria Silva S.A.,10002017000119,MEI,PRESIDENTE PRUDENTE,15,Olivia Prado,Comercio e Servicos,Sem atendimento,0,0,,,0,0,0,
2018,Confeccoes Silva EIRELI,10002018000126,ME,CAMPINAS,6,Fabio Nunes,Consultoria Especializada,Participante,0,0,,,0,0,0,
2019,Papelaria Oeste S.A.,10002019000133,ME,FRANCA,1,Ana Souza,Comercio e Servicos,Concluinte,1,0,Plano D - Sustentabilidade,,1,1,1,37.67
2020,Construtora Silva Ltda,10002020000140,EPP,SOROCABA,8,Hugo Ramos,Comercio e Servicos,Concluinte,1,0,Plano D - Sustentabilidade,,1,1,0,
2021,Servicos Norte e Cia,10002021000147,MEI,PRESIDENTE PRUDENTE,10,Joao Pedro,Turismo e Agronegocio,Participante,0,0,,,0,0,0,
2022,Distribuidora Oeste ME,10002022000154,ME,CAMPINAS,4,Diego Alves,Atendimento ao Cliente,Participante,0,0,,,0,0,0,
2023,Transportes Oeste S.A.,10002023000161,MEI,SOROCABA,12,Lucas Barros,Empreendedorismo Cultural,Sem atendimento,0,0,,,0,0,1,52.93
2024,Alimentos Oeste ME,10002024000168,EPP,SAO JOSE DO RIO PRETO,1,Ana Souza,Comercio e Servicos,Concluinte,1,0,Plano D - Sustentabilidade,,1,1,0,
2025,Distribuidora Oeste e Cia,10002025000175,ME,PRESIDENTE PRUDENTE,16,Paulo Cezar,Tecnologia e Inovacao,Concluinte,1,0,Plano C - Parcerias Corporativas,,1,1,0,
2026,Tecnologia Souza EIRELI,10002026000182,MEI,BAURU,5,Elisa Rocha,Empreendedorismo Cultural,Participante,0,0,,,0,0,0,
2027,Papelaria Litoral S.A.,10002027000189,MEI,SAO CARLOS,8,Hugo Ramos,Comercio e Servicos,Participante,0,0,,,0,0,1,13.9
2028,Servicos Central Ltda,10002028000196,MEDIA,SAO CARLOS,3,Carla Dias,Turismo e Agronegocio,Sem atendimento,0,0,,,0,0,0,
2029,Transportes Souza ME,10002029000103,EPP,PRESIDENTE PRUDENTE,15,Olivia Prado,Comercio e Servicos,Concluinte,1,0,Plano C - Parcerias Corporativas,,1,1,1,37.83
2030,Tecnologia Norte S.A.,10002030000110,EPP,RIBEIRAO PRETO,11,Karina Reis,Atendimento ao Cliente,Participante,0,0,,,0,0,0,
2031,Servicos Silva e Cia,10002031000117,ME,RIBEIRAO PRETO,10,Joao Pedro,Turismo e Agronegocio,Concluinte,1,0,Plano D - Sustentabilidade,,1,1,0,
2032,Tecnologia Central e Cia,10002032000124,MEDIA,SOROCABA,4,Diego Alves,Atendimento ao Cliente,Sem atendimento,0,0,,,0,0,0,
2033,Confeccoes Silva Ltda,10002033000131,ME,MARILIA,12,Lucas Barros,Empreendedorismo Cultural,Concluinte,1,0,Plano D - Sustentabilidade,,1,1,1,-0.26
2034,Construtora Litoral EIRELI,10002034000138,ME,RIBEIRAO PRETO,5,Elisa Rocha,Empreendedorismo Cultural,Participante,0,0,,,0,0,0,
2035,Confeccoes Central ME,10002035000145,MEI,SOROCABA,6,Fabio Nunes,Consultoria Especializada,Participante,0,0,,,0,0,1,27.81
2036,Construtora Silva EIRELI,10002036000152,MEI,RIBEIRAO PRETO,1,Ana Souza,Comercio e Servicos,Concluinte,1,0,Plano A - Crescimento,,1,1,1,45.15
2037,Comercial Central ME,10002037000159,MEI,CAMPINAS,4,Diego Alves,Atendimento ao Cliente,Participante,0,0,,,0,0,0,
2038,Comercial Oeste EIRELI,10002038000166,MEI,FRANCA,1,Ana Souza,Comercio e Servicos,Participante,0,0,,,0,0,1,52.61
2039,Distribuidora Litoral ME,10002039000173,MEI,SAO JOSE DO RIO PRETO,5,Elisa Rocha,Empreendedorismo Cultural,Participante,0,0,,,0,0,1,14.32
2040,Tecnologia Norte Ltda,10002040000180,MEI,ARACATUBA,7,Giovana Melo,Sustentabilidade,Participante,0,0,,,0,0,1,18.42
2041,Alimentos Souza S.A.,10002041000187,MEI,BAURU,16,Paulo Cezar,Tecnologia e Inovacao,Sem atendimento,0,0,,,0,0,0,
2042,Confeccoes Oeste e Cia,10002042000194,MEI,PRESIDENTE PRUDENTE,4,Diego Alves,Atendimento ao Cliente,Participante,0,0,,,0,0,1,29.54
2043,Alimentos Norte EIRELI,10002043000101,ME,PRESIDENTE PRUDENTE,14,Nicolas Vieira,Sustentabilidade,Participante,0,0,,,0,0,1,37.78
2044,Industria Central e Cia,10002044000108,MEI,CAMPINAS,9,Iara Costa,Tecnologia e Inovacao,Participante,0,0,,,0,0,0,
2045,Confeccoes Norte S.A.,10002045000115,ME,RIBEIRAO PRETO,3,Carla Dias,Turismo e Agronegocio,Participante,0,0,,,0,0,0,
2046,Distribuidora Souza e Cia,10002046000122,MEI,PRESIDENTE PRUDENTE,14,Nicolas Vieira,Sustentabilidade,Participante,0,0,,,0,0,1,24.95
2047,Construtora Oeste S.A.,10002047000129,ME,RIBEIRAO PRETO,12,Lucas Barros,Empreendedorismo Cultural,Concluinte,1,0,Plano B - Projetos Especiais,,1,1,0,
2048,Construtora Silva e Cia,10002048000136,MEI,PRESIDENTE PRUDENTE,14,Nicolas Vieira,Sustentabilidade,Participante,0,0,,,0,0,0,
2049,Distribuidora Souza e Cia,10002049000143,EPP,RIBEIRAO PRETO,14,Nicolas Vieira,Sustentabilidade,Participante,0,0,,,0,0,0,
2050,Papelaria Norte ME,10002050000150,MEI,FRANCA,8,Hugo Ramos,Comercio e Servicos,Concluinte,1,0,Plano C - Parcerias Corporativas,,1,1,0,
2051,Comercial Central EIRELI,10002051000157,MEI,SAO JOSE DO RIO PRETO,10,Joao Pedro,Turismo e Agronegocio,Participante,0,0,,,0,0,0,
2052,Transportes Central Ltda,10002052000164,MEI,RIBEIRAO PRETO,15,Olivia Prado,Comercio e Servicos,Concluinte,1,0,Plano A - Crescimento,,1,1,0,
2053,Alimentos Norte Ltda,10002053000171,EPP,SOROCABA,4,Diego Alves,Atendimento ao Cliente,Participante,0,0,,,0,0,0,
2054,Alimentos Silva Ltda,10002054000178,ME,SAO CARLOS,16,Paulo Cezar,Tecnologia e Inovacao,Concluinte,1,0,Plano D - Sustentabilidade,,1,1,1,40.63
2055,Servicos Norte EIRELI,10002055000185,ME,SOROCABA,2,Bruno Lima,Tecnologia e Inovacao,Participante,0,0,,,0,0,1,44.35
2056,Industria Souza EIRELI,10002056000192,MEI,RIBEIRAO PRETO,16,Paulo Cezar,Tecnologia e Inovacao,Participante,0,0,,,0,0,0,
2057,Construtora Norte EIRELI,10002057000199,MEI,CAMPINAS,1,Ana Souza,Comercio e Servicos,Participante,0,0,,,0,0,0,
2058,Papelaria Silva e Cia,10002058000106,MEI,BAURU,5,Elisa Rocha,Empreendedorismo Cultural,Participante,0,0,,,0,0,0,
2059,Construtora Silva e Cia,10002059000113,MEI,ARACATUBA,4,Diego Alves,Atendimento ao Cliente,Participante,0,0,,,0,0,0,
2060,Confeccoes Central S.A.,10002060000120,MEDIA,BAURU,4,Diego Alves,Atendimento ao Cliente,Sem atendimento,0,0,,,0,0,1,12.69
2061,Transportes Oeste e Cia,10002061000127,ME,SAO CARLOS,8,Hugo Ramos,Comercio e Servicos,Participante,0,0,,,0,0,0,
2062,Tecnologia Souza Ltda,10002062000134,MEI,PRESIDENTE PRUDENTE,4,Diego Alves,Atendimento ao Cliente,Participante,0,0,,,0,0,0,
2063,Industria Norte e Cia,10002063000141,MEI,SAO JOSE DO RIO PRETO,8,Hugo Ramos,Comercio e Servicos,Participante,0,0,,,0,0,0,
2064,Confeccoes Litoral Ltda,10002064000148,MEDIA,ARACATUBA,10,Joao Pedro,Turismo e Agronegocio,Sem atendimento,0,0,,,0,0,1,-9.21
2065,Confeccoes Central S.A.,10002065000155,ME,RIBEIRAO PRETO,12,Lucas Barros,Empreendedorismo Cultural,Concluinte,1,0,Plano D - Sustentabilidade,,1,1,0,
2066,Tecnologia Central EIRELI,10002066000162,MEI,PRESIDENTE PRUDENTE,15,Olivia Prado,Comercio e Servicos,Participante,0,0,,,0,0,1,-15.0
2067,Papelaria Central Ltda,10002067000169,ME,CAMPINAS,4,Diego Alves,Atendimento ao Cliente,Concluinte,1,0,Plano C - Parcerias Corporativas,,1,1,0,
2068,Comercial Oeste EIRELI,10002068000176,ME,MARILIA,15,Olivia Prado,Comercio e Servicos,Participante,0,0,,,0,0,0,
2069,Confeccoes Silva EIRELI,10002069000183,MEI,BAURU,15,Olivia Prado,Comercio e Servicos,Participante,0,0,,,0,0,0,
2070,Alimentos Litoral e Cia,10002070000190,MEI,ARACATUBA,7,Giovana Melo,Sustentabilidade,Participante,0,0,,,0,0,0,
2071,Industria Oeste e Cia,10002071000197,MEI,SOROCABA,6,Fabio Nunes,Consultoria Especializada,Participante,0,0,,,0,0,1,28.47
2072,Confeccoes Litoral ME,10002072000104,EPP,ARACATUBA,5,Elisa Rocha,Empreendedorismo Cultural,Participante,0,0,,,0,0,0,
2073,Tecnologia Central e Cia,10002073000111,ME,PRESIDENTE PRUDENTE,16,Paulo Cezar,Tecnologia e Inovacao,Concluinte,1,0,Plano C - Parcerias Corporativas,,1,1,1,33.87
2074,Industria Litoral ME,10002074000118,ME,MARILIA,9,Iara Costa,Tecnologia e Inovacao,Participante,0,0,,,0,0,1,-5.08
2075,Papelaria Norte S.A.,10002075000125,MEI,SAO CARLOS,12,Lucas Barros,Empreendedorismo Cultural,Participante,0,0,,,0,0,1,81.14
2076,Servicos Silva Ltda,10002076000132,ME,MARILIA,6,Fabio Nunes,Consultoria Especializada,Participante,0,0,,,0,0,1,24.43
2077,Alimentos Souza EIRELI,10002077000139,MEI,MARILIA,16,Paulo Cezar,Tecnologia e Inovacao,Participante,0,0,,,0,0,1,16.98
2078,Tecnologia Central Ltda,10002078000146,MEI,SAO JOSE DO RIO PRETO,6,Fabio Nunes,Consultoria Especializada,Participante,0,0,,,0,0,0,
2079,Comercial Litoral Ltda,10002079000153,MEI,RIBEIRAO PRETO,4,Diego Alves,Atendimento ao Cliente,Participante,0,0,,,0,0,1,17.0
2080,Industria Oeste Ltda,10002080000160,ME,PRESIDENTE PRUDENTE,1,Ana Souza,Comercio e Servicos,Concluinte,1,0,Plano B - Projetos Especiais,,1,1,0,
2081,Papelaria Norte EIRELI,10002081000167,MEI,PRESIDENTE PRUDENTE,5,Elisa Rocha,Empreendedorismo Cultural,Participante,0,0,,,0,0,0,
2082,Confeccoes Souza EIRELI,10002082000174,ME,RIBEIRAO PRETO,15,Olivia Prado,Comercio e Servicos,Participante,0,0,,,0,0,0,
2083,Distribuidora Norte Ltda,10002083000181,ME,SAO JOSE DO RIO PRETO,7,Giovana Melo,Sustentabilidade,Concluinte,1,0,Plano A - Crescimento,,1,1,1,41.51
2084,Servicos Silva EIRELI,10002084000188,EPP,SAO JOSE DO RIO PRETO,4,Diego Alves,Atendimento ao Cliente,Participante,0,0,,,0,0,0,
2085,Papelaria Norte Ltda,10002085000195,MEI,PRESIDENTE PRUDENTE,14,Nicolas Vieira,Sustentabilidade,Participante,0,0,,,0,0,0,
2086,Servicos Souza e Cia,10002086000102,EPP,ARACATUBA,16,Paulo Cezar,Tecnologia e Inovacao,Participante,0,0,,,0,0,0,
2087,Alimentos Norte e Cia,10002087000109,EPP,SOROCABA,12,Lucas Barros,Empreendedorismo Cultural,Participante,0,0,,,0,0,1,22.38
2088,Construtora Central S.A.,10002088000116,EPP,MARILIA,3,Carla Dias,Turismo e Agronegocio,Participante,0,0,,,0,0,1,27.21
2089,Industria Norte ME,10002089000123,MEI,FRANCA,3,Carla Dias,Turismo e Agronegocio,Participante,0,0,,,0,0,1,3.16
2090,Comercial Norte e Cia,10002090000130,MEI,SOROCABA,8,Hugo Ramos,Comercio e Servicos,Participante,0,0,,,0,0,0,
2091,Confeccoes Central ME,10002091000137,MEI,ARACATUBA,10,Joao Pedro,Turismo e Agronegocio,Concluinte,1,0,Plano B - Projetos Especiais,,1,1,1,11.68
2092,Confeccoes Silva e Cia,10002092000144,ME,SAO CARLOS,6,Fabio Nunes,Consultoria Especializada,Participante,0,0,,,0,0,0,
2093,Tecnologia Norte Ltda,10002093000151,ME,MARILIA,10,Joao Pedro,Turismo e Agronegocio,Concluinte,1,0,Plano D - Sustentabilidade,,1,1,0,
2094,Papelaria Central ME,10002094000158,ME,MARILIA,4,Diego Alves,Atendimento ao Cliente,Participante,0,0,,,0,0,1,33.52
2095,Tecnologia Oeste EIRELI,10002095000165,MEI,FRANCA,11,Karina Reis,Atendimento ao Cliente,Participante,0,0,,,0,0,0,
2096,Industria Souza e Cia,10002096000172,EPP,PRESIDENTE PRUDENTE,2,Bruno Lima,Tecnologia e Inovacao,Participante,0,0,,,0,0,0,
2097,Servicos Central Ltda,10002097000179,EPP,MARILIA,2,Bruno Lima,Tecnologia e Inovacao,Participante,0,0,,,0,0,1,42.41
2098,Alimentos Silva S.A.,10002098000186,ME,CAMPINAS,2,Bruno Lima,Tecnologia e Inovacao,Participante,0,0,,,0,0,1,14.41
2099,Transportes Central EIRELI,10002099000193,MEI,SAO CARLOS,3,Carla Dias,Turismo e Agronegocio,Participante,0,0,,,0,0,0,
2100,Comercial Central e Cia,10002100000100,MEI,SAO CARLOS,4,Diego Alves,Atendimento ao Cliente,Participante,0,0,,,0,0,1,37.29
2101,Construtora Oeste EIRELI,10002101000107,MEI,ARACATUBA,14,Nicolas Vieira,Sustentabilidade,Participante,0,0,,,0,0,0,
2102,Servicos Norte e Cia,10002102000114,EPP,PRESIDENTE PRUDENTE,1,Ana Souza,Comercio e Servicos,Concluinte,1,0,Plano D - Sustentabilidade,,1,1,1,37.16
2103,Transportes Central Ltda,10002103000121,MEI,CAMPINAS,1,Ana Souza,Comercio e Servicos,Participante,0,0,,,0,0,0,
2104,Tecnologia Litoral S.A.,10002104000128,ME,FRANCA,5,Elisa Rocha,Empreendedorismo Cultural,Participante,0,0,,,0,0,0,
2105,Distribuidora Norte ME,10002105000135,MEI,CAMPINAS,15,Olivia Prado,Comercio e Servicos,Participante,0,0,,,0,0,1,25.36
2106,Comercial Souza EIRELI,10002106000142,MEI,BAURU,14,Nicolas Vieira,Sustentabilidade,Participante,0,0,,,0,0,0,
2107,Tecnologia Litoral e Cia,10002107000149,ME,SAO CARLOS,8,Hugo Ramos,Comercio e Servicos,Participante,0,0,,,0,0,0,
2108,Servicos Silva Ltda,10002108000156,MEI,PRESIDENTE PRUDENTE,1,Ana Souza,Comercio e Servicos,Participante,0,0,,,0,0,0,
2109,Confeccoes Silva ME,10002109000163,MEI,SAO JOSE DO RIO PRETO,6,Fabio Nunes,Consultoria Especializada,Participante,0,0,,,0,0,0,
2110,Confeccoes Souza e Cia,10002110000170,MEI,SOROCABA,8,Hugo Ramos,Comercio e Servicos,Participante,0,0,,,0,0,1,12.85
2111,Distribuidora Silva ME,10002111000177,EPP,SAO JOSE DO RIO PRETO,4,Diego Alves,Atendimento ao Cliente,Participante,0,0,,,0,0,0,
2112,Alimentos Souza S.A.,10002112000184,ME,ARACATUBA,16,Paulo Cezar,Tecnologia e Inovacao,Participante,0,0,,,0,0,0,
2113,Transportes Oeste EIRELI,10002113000191,ME,SOROCABA,12,Lucas Barros,Empreendedorismo Cultural,Participante,0,0,,,0,0,1,37.68
2114,Transportes Norte Ltda,10002114000198,MEI,BAURU,11,Karina Reis,Atendimento ao Cliente,Participante,0,0,,,0,0,1,29.4
2115,Papelaria Central ME,10002115000105,MEI,CAMPINAS,14,Nicolas Vieira,Sustentabilidade,Participante,0,0,,,0,0,0,
2116,Transportes Souza ME,10002116000112,ME,PRESIDENTE PRUDENTE,5,Elisa Rocha,Empreendedorismo Cultural,Participante,0,0,,,0,0,0,
2117,Alimentos Litoral EIRELI,10002117000119,MEI,RIBEIRAO PRETO,4,Diego Alves,Atendimento ao Cliente,Participante,0,0,,,0,0,1,21.2
2118,Construtora Silva Ltda,10002118000126,ME,SOROCABA,15,Olivia Prado,Comercio e Servicos,Concluinte,1,0,Plano D - Sustentabilidade,,1,1,0,
2119,Confeccoes Norte S.A.,10002119000133,MEI,SAO CARLOS,9,Iara Costa,Tecnologia e Inovacao,Participante,0,0,,,0,0,0,
2120,Comercial Oeste e Cia,10002120000140,MEI,PRESIDENTE PRUDENTE,3,Carla Dias,Turismo e Agronegocio,Participante,0,0,,,0,0,0,
2121,Tecnologia Central Ltda,10002121000147,MEI,SOROCABA,13,Mariana Teles,Consultoria Especializada,Participante,0,0,,,0,0,1,2.45
2122,Tecnologia Norte Ltda,10002122000154,ME,MARILIA,6,Fabio Nunes,Consultoria Especializada,Concluinte,1,0,Plano D - Sustentabilidade,,1,1,0,
2123,Comercial Norte ME,10002123000161,EPP,SAO JOSE DO RIO PRETO,12,Lucas Barros,Empreendedorismo Cultural,Concluinte,1,0,Plano D - Sustentabilidade,,1,1,0,
2124,Papelaria Souza Ltda,10002124000168,MEI,CAMPINAS,9,Iara Costa,Tecnologia e Inovacao,Participante,0,0,,,0,0,0,
2125,Tecnologia Litoral Ltda,10002125000175,EPP,MARILIA,14,Nicolas Vieira,Sustentabilidade,Participante,0,0,,,0,0,1,47.69
2126,Confeccoes Norte S.A.,10002126000182,MEI,PRESIDENTE PRUDENTE,13,Mariana Teles,Consultoria Especializada,Participante,0,0,,,0,0,0,
2127,Industria Central S.A.,10002127000189,ME,SAO CARLOS,9,Iara Costa,Tecnologia e Inovacao,Participante,0,0,,,0,0,0,
2128,Industria Silva ME,10002128000196,ME,PRESIDENTE PRUDENTE,8,Hugo Ramos,Comercio e Servicos,Participante,0,0,,,0,0,0,
2129,Distribuidora Souza e Cia,10002129000103,MEI,SAO CARLOS,9,Iara Costa,Tecnologia e Inovacao,Participante,0,0,,,0,0,0,
2130,Comercial Norte ME,10002130000110,MEI,PRESIDENTE PRUDENTE,13,Mariana Teles,Consultoria Especializada,Participante,0,0,,,0,0,0,
2131,Papelaria Silva Ltda,10002131000117,MEI,SOROCABA,9,Iara Costa,Tecnologia e Inovacao,Participante,0,0,,,0,0,1,40.64
2132,Confeccoes Souza S.A.,10002132000124,ME,FRANCA,11,Karina Reis,Atendimento ao Cliente,Participante,0,0,,,0,0,1,22.39
2133,Construtora Silva ME,10002133000131,ME,RIBEIRAO PRETO,1,Ana Souza,Comercio e Servicos,Sem atendimento,0,0,,,0,0,0,
2134,Tecnologia Silva e Cia,10002134000138,EPP,SAO CARLOS,7,Giovana Melo,Sustentabilidade,Participante,0,0,,,0,0,1,34.21
2135,Distribuidora Central EIRELI,10002135000145,MEI,SOROCABA,11,Karina Reis,Atendimento ao Cliente,Participante,0,0,,,0,0,1,14.79
2136,Confeccoes Central EIRELI,10002136000152,MEI,SOROCABA,9,Iara Costa,Tecnologia e Inovacao,Sem atendimento,0,0,,,0,0,1,22.32
2137,Papelaria Litoral Ltda,10002137000159,MEI,SAO CARLOS,5,Elisa Rocha,Empreendedorismo Cultural,Participante,0,0,,,0,0,0,
2138,Industria Litoral e Cia,10002138000166,EPP,SAO JOSE DO RIO PRETO,2,Bruno Lima,Tecnologia e Inovacao,Participante,0,0,,,0,0,0,
2139,Comercial Norte EIRELI,10002139000173,MEI,PRESIDENTE PRUDENTE,11,Karina Reis,Atendimento ao Cliente,Participante,0,1,,Plano C - Parcerias Corporativas,0,1,1,-6.18
2140,Confeccoes Silva ME,10002140000180,ME,CAMPINAS,9,Iara Costa,Tecnologia e Inovacao,Participante,0,0,,,0,0,1,38.87
2141,Alimentos Silva Ltda,10002141000187,ME,MARILIA,8,Hugo Ramos,Comercio e Servicos,Participante,0,0,,,0,0,0,
2142,Servicos Souza ME,10002142000194,ME,SAO CARLOS,3,Carla Dias,Turismo e Agronegocio,Concluinte,1,0,Plano D - Sustentabilidade,,1,1,1,41.01
2143,Distribuidora Litoral S.A.,10002143000101,EPP,SAO JOSE DO RIO PRETO,14,Nicolas Vieira,Sustentabilidade,Concluinte,1,0,Plano D - Sustentabilidade,,1,1,0,
2144,Alimentos Norte ME,10002144000108,MEI,CAMPINAS,1,Ana Souza,Comercio e Servicos,Participante,0,0,,,0,0,0,
2145,Construtora Oeste e Cia,10002145000115,MEI,PRESIDENTE PRUDENTE,12,Lucas Barros,Empreendedorismo Cultural,Participante,0,0,,,0,0,0,
2146,Confeccoes Souza e Cia,10002146000122,MEI,SOROCABA,2,Bruno Lima,Tecnologia e Inovacao,Participante,0,0,,,0,0,0,
2147,Alimentos Norte e Cia,10002147000129,ME,MARILIA,7,Giovana Melo,Sustentabilidade,Sem atendimento,0,0,,,0,0,0,
2148,Servicos Central e Cia,10002148000136,MEI,CAMPINAS,12,Lucas Barros,Empreendedorismo Cultural,Participante,0,0,,,0,0,0,
2149,Tecnologia Litoral Ltda,10002149000143,MEDIA,BAURU,5,Elisa Rocha,Empreendedorismo Cultural,Sem atendimento,0,0,,,0,0,1,11.48
2150,Papelaria Norte e Cia,10002150000150,ME,PRESIDENTE PRUDENTE,8,Hugo Ramos,Comercio e Servicos,Concluinte,1,0,Plano D - Sustentabilidade,,1,1,0,
2151,Transportes Litoral Ltda,10002151000157,EPP,RIBEIRAO PRETO,14,Nicolas Vieira,Sustentabilidade,Participante,0,0,,,0,0,0,
2152,Papelaria Central e Cia,10002152000164,ME,SAO JOSE DO RIO PRETO,2,Bruno Lima,Tecnologia e Inovacao,Concluinte,1,0,Plano D - Sustentabilidade,,1,1,1,1.72
2153,Servicos Norte ME,10002153000171,EPP,CAMPINAS,9,Iara Costa,Tecnologia e Inovacao,Participante,0,0,,,0,0,1,46.45
2154,Alimentos Souza S.A.,10002154000178,MEI,ARACATUBA,8,Hugo Ramos,Comercio e Servicos,Participante,0,0,,,0,0,0,
2155,Servicos Central S.A.,10002155000185,MEI,MARILIA,4,Diego Alves,Atendimento ao Cliente,Participante,0,0,,,0,0,0,
2156,Alimentos Litoral S.A.,10002156000192,ME,ARACATUBA,3,Carla Dias,Turismo e Agronegocio,Concluinte,1,0,Plano D - Sustentabilidade,,1,1,0,
2157,Servicos Norte EIRELI,10002157000199,EPP,SOROCABA,14,Nicolas Vieira,Sustentabilidade,Participante,0,0,,,0,0,0,
2158,Papelaria Litoral EIRELI,10002158000106,ME,RIBEIRAO PRETO,14,Nicolas Vieira,Sustentabilidade,Participante,0,0,,,0,0,1,35.74
2159,Alimentos Oeste Ltda,10002159000113,MEI,ARACATUBA,10,Joao Pedro,Turismo e Agronegocio,Participante,0,0,,,0,0,0,
2160,Papelaria Central EIRELI,10002160000120,EPP,FRANCA,5,Elisa Rocha,Empreendedorismo Cultural,Concluinte,1,0,Plano D - Sustentabilidade,,1,1,0,
2161,Comercial Souza Ltda,10002161000127,MEI,BAURU,15,Olivia Prado,Comercio e Servicos,Participante,0,0,,,0,0,1,10.79
2162,Distribuidora Souza Ltda,10002162000134,EPP,SAO JOSE DO RIO PRETO,16,Paulo Cezar,Tecnologia e Inovacao,Participante,0,0,,,0,0,0,
2163,Distribuidora Souza e Cia,10002163000141,EPP,FRANCA,6,Fabio Nunes,Consultoria Especializada,Participante,0,0,,,0,0,0,
2164,Tecnologia Oeste EIRELI,10002164000148,MEI,MARILIA,13,Mariana Teles,Consultoria Especializada,Participante,0,0,,,0,0,0,
2165,Confeccoes Silva ME,10002165000155,EPP,MARILIA,8,Hugo Ramos,Comercio e Servicos,Participante,0,0,,,0,0,0,
2166,Papelaria Norte e Cia,10002166000162,MEI,CAMPINAS,11,Karina Reis,Atendimento ao Cliente,Concluinte,1,0,Plano A - Crescimento,,1,1,1,9.17
2167,Distribuidora Litoral ME,10002167000169,EPP,SAO CARLOS,2,Bruno Lima,Tecnologia e Inovacao,Participante,0,0,,,0,0,0,
2168,Construtora Litoral S.A.,10002168000176,MEI,SAO JOSE DO RIO PRETO,14,Nicolas Vieira,Sustentabilidade,Participante,0,0,,,0,0,1,40.73
2169,Industria Litoral e Cia,10002169000183,EPP,SAO CARLOS,5,Elisa Rocha,Empreendedorismo Cultural,Participante,0,0,,,0,0,1,37.64
2170,Industria Silva e Cia,10002170000190,ME,BAURU,3,Carla Dias,Turismo e Agronegocio,Concluinte,1,0,Plano C - Parcerias Corporativas,,1,1,0,
2171,Tecnologia Oeste S.A.,10002171000197,MEI,CAMPINAS,15,Olivia Prado,Comercio e Servicos,Participante,0,0,,,0,0,1,19.55
2172,Distribuidora Souza ME,10002172000104,ME,SAO JOSE DO RIO PRETO,9,Iara Costa,Tecnologia e Inovacao,Participante,0,0,,,0,0,0,
2173,Confeccoes Oeste S.A.,10002173000111,MEI,RIBEIRAO PRETO,14,Nicolas Vieira,Sustentabilidade,Participante,0,0,,,0,0,0,
2174,Comercial Litoral EIRELI,10002174000118,MEI,RIBEIRAO PRETO,5,Elisa Rocha,Empreendedorismo Cultural,Participante,0,0,,,0,0,0,
2175,Distribuidora Oeste ME,10002175000125,MEI,FRANCA,11,Karina Reis,Atendimento ao Cliente,Participante,0,0,,,0,0,0,
2176,Construtora Central EIRELI,10002176000132,EPP,SOROCABA,9,Iara Costa,Tecnologia e Inovacao,Participante,0,0,,,0,0,0,
2177,Papelaria Silva EIRELI,10002177000139,ME,SAO CARLOS,9,Iara Costa,Tecnologia e Inovacao,Participante,0,0,,,0,0,0,
2178,Servicos Norte e Cia,10002178000146,ME,CAMPINAS,4,Diego Alves,Atendimento ao Cliente,Participante,0,0,,,0,0,1,15.02
2179,Transportes Norte EIRELI,10002179000153,MEI,SOROCABA,2,Bruno Lima,Tecnologia e Inovacao,Participante,0,0,,,0,0,0,
2180,Alimentos Souza ME,10002180000160,EPP,SAO JOSE DO RIO PRETO,1,Ana Souza,Comercio e Servicos,Participante,0,0,,,0,0,0,
2181,Construtora Norte EIRELI,10002181000167,EPP,SAO JOSE DO RIO PRETO,14,Nicolas Vieira,Sustentabilidade,Participante,0,0,,,0,0,0,
2182,Distribuidora Central S.A.,10002182000174,ME,FRANCA,4,Diego Alves,Atendimento ao Cliente,Participante,0,0,,,0,0,0,
2183,Confeccoes Litoral Ltda,10002183000181,MEDIA,RIBEIRAO PRETO,5,Elisa Rocha,Empreendedorismo Cultural,Sem atendimento,0,0,,,0,0,1,36.41
2184,Servicos Litoral Ltda,10002184000188,MEI,FRANCA,3,Carla Dias,Turismo e Agronegocio,Participante,0,0,,,0,0,0,
2185,Confeccoes Central e Cia,10002185000195,ME,SAO JOSE DO RIO PRETO,11,Karina Reis,Atendimento ao Cliente,Concluinte,1,0,Plano D - Sustentabilidade,,1,1,1,40.78
2186,Comercial Central Ltda,10002186000102,EPP,RIBEIRAO PRETO,11,Karina Reis,Atendimento ao Cliente,Participante,0,0,,,0,0,1,65.75
2187,Servicos Norte Ltda,10002187000109,EPP,SAO JOSE DO RIO PRETO,11,Karina Reis,Atendimento ao Cliente,Participante,0,0,,,0,0,1,54.8
2188,Servicos Souza e Cia,10002188000116,MEI,FRANCA,1,Ana Souza,Comercio e Servicos,Participante,0,0,,,0,0,0,
2189,Servicos Oeste S.A.,10002189000123,MEI,CAMPINAS,8,Hugo Ramos,Comercio e Servicos,Participante,0,0,,,0,0,0,
2190,Construtora Oeste EIRELI,10002190000130,MEI,SOROCABA,6,Fabio Nunes,Consultoria Especializada,Participante,0,0,,,0,0,0,
2191,Transportes Litoral EIRELI,10002191000137,MEI,FRANCA,3,Carla Dias,Turismo e Agronegocio,Participante,0,0,,,0,0,0,
2192,Transportes Norte EIRELI,10002192000144,ME,MARILIA,16,Paulo Cezar,Tecnologia e Inovacao,Participante,0,0,,,0,0,1,41.38
2193,Confeccoes Norte S.A.,10002193000151,ME,SAO JOSE DO RIO PRETO,14,Nicolas Vieira,Sustentabilidade,Participante,0,0,,,0,0,0,
2194,Construtora Norte EIRELI,10002194000158,EPP,CAMPINAS,12,Lucas Barros,Empreendedorismo Cultural,Participante,0,0,,,0,0,1,18.64
2195,Confeccoes Litoral S.A.,10002195000165,ME,PRESIDENTE PRUDENTE,8,Hugo Ramos,Comercio e Servicos,Participante,0,0,,,0,0,1,-3.72
2196,Papelaria Oeste e Cia,10002196000172,ME,PRESIDENTE PRUDENTE,13,Mariana Teles,Consultoria Especializada,Participante,0,0,,,0,0,0,
2197,Distribuidora Oeste S.A.,10002197000179,MEDIA,SAO CARLOS,8,Hugo Ramos,Comercio e Servicos,Sem atendimento,0,0,,,0,0,1,25.54
2198,Tecnologia Silva EIRELI,10002198000186,ME,RIBEIRAO PRETO,8,Hugo Ramos,Comercio e Servicos,Concluinte,1,0,Plano D - Sustentabilidade,,1,1,0,
2199,Alimentos Litoral S.A.,10002199000193,ME,SAO JOSE DO RIO PRETO,4,Diego Alves,Atendimento ao Cliente,Participante,0,0,,,0,0,0,
2200,Construtora Norte S.A.,10002200000100,ME,SAO CARLOS,16,Paulo Cezar,Tecnologia e Inovacao,Participante,0,0,,,0,0,1,20.19
2201,Confeccoes Norte EIRELI,10002201000107,EPP,SAO CARLOS,10,Joao Pedro,Turismo e Agronegocio,Participante,0,0,,,0,0,1,20.27
2202,Comercial Norte ME,10002202000114,MEI,ARACATUBA,14,Nicolas Vieira,Sustentabilidade,Participante,0,0,,,0,0,0,
2203,Tecnologia Central S.A.,10002203000121,MEI,ARACATUBA,14,Nicolas Vieira,Sustentabilidade,Participante,0,0,,,0,0,1,-0.33
2204,Confeccoes Central EIRELI,10002204000128,MEI,SOROCABA,2,Bruno Lima,Tecnologia e Inovacao,Participante,0,0,,,0,0,0,
2205,Confeccoes Central S.A.,10002205000135,MEI,RIBEIRAO PRETO,2,Bruno Lima,Tecnologia e Inovacao,Sem atendimento,0,0,,,0,0,0,
2206,Transportes Souza Ltda,10002206000142,EPP,MARILIA,6,Fabio Nunes,Consultoria Especializada,Participante,0,0,,,0,0,1,7.85
2207,Industria Norte e Cia,10002207000149,MEI,SOROCABA,11,Karina Reis,Atendimento ao Cliente,Participante,0,0,,,0,0,1,28.29
2208,Tecnologia Silva ME,10002208000156,EPP,PRESIDENTE PRUDENTE,1,Ana Souza,Comercio e Servicos,Participante,0,0,,,0,0,1,25.82
2209,Comercial Norte EIRELI,10002209000163,MEI,ARACATUBA,3,Carla Dias,Turismo e Agronegocio,Participante,0,0,,,0,0,0,
2210,Transportes Central EIRELI,10002210000170,MEI,RIBEIRAO PRETO,6,Fabio Nunes,Consultoria Especializada,Concluinte,1,0,Plano A - Crescimento,,1,1,1,18.82
2211,Alimentos Central EIRELI,10002211000177,ME,BAURU,12,Lucas Barros,Empreendedorismo Cultural,Participante,0,0,,,0,0,1,0.56
2212,Comercial Silva e Cia,10002212000184,MEI,SAO JOSE DO RIO PRETO,1,Ana Souza,Comercio e Servicos,Sem atendimento,0,0,,,0,0,1,27.22
2213,Comercial Souza ME,10002213000191,MEI,CAMPINAS,16,Paulo Cezar,Tecnologia e Inovacao,Participante,0,0,,,0,0,0,
2214,Comercial Oeste Ltda,10002214000198,EPP,CAMPINAS,8,Hugo Ramos,Comercio e Servicos,Participante,0,0,,,0,0,1,19.74
2215,Industria Litoral ME,10002215000105,EPP,SAO JOSE DO RIO PRETO,13,Mariana Teles,Consultoria Especializada,Participante,0,0,,,0,0,0,
2216,Transportes Litoral S.A.,10002216000112,MEI,ARACATUBA,3,Carla Dias,Turismo e Agronegocio,Participante,0,0,,,0,0,0,
2217,Distribuidora Litoral e Cia,10002217000119,ME,FRANCA,5,Elisa Rocha,Empreendedorismo Cultural,Participante,0,0,,,0,0,0,
2218,Alimentos Central e Cia,10002218000126,ME,ARACATUBA,10,Joao Pedro,Turismo e Agronegocio,Participante,0,0,,,0,0,0,
2219,Construtora Souza Ltda,10002219000133,MEI,BAURU,9,Iara Costa,Tecnologia e Inovacao,Participante,0,0,,,0,0,1,24.69
2220,Tecnologia Oeste S.A.,10002220000140,MEI,RIBEIRAO PRETO,16,Paulo Cezar,Tecnologia e Inovacao,Concluinte,1,0,Plano A - Crescimento,,1,1,0,
2221,Transportes Oeste S.A.,10002221000147,MEI,PRESIDENTE PRUDENTE,14,Nicolas Vieira,Sustentabilidade,Participante,0,0,,,0,0,1,23.81
2222,Tecnologia Silva S.A.,10002222000154,ME,MARILIA,8,Hugo Ramos,Comercio e Servicos,Sem atendimento,0,0,,,0,0,0,
2223,Transportes Litoral Ltda,10002223000161,ME,SAO JOSE DO RIO PRETO,12,Lucas Barros,Empreendedorismo Cultural,Participante,0,0,,,0,0,0,
2224,Tecnologia Souza S.A.,10002224000168,MEI,SOROCABA,1,Ana Souza,Comercio e Servicos,Participante,0,0,,,0,0,1,26.78
2225,Confeccoes Oeste EIRELI,10002225000175,EPP,SAO JOSE DO RIO PRETO,4,Diego Alves,Atendimento ao Cliente,Sem atendimento,0,0,,,0,0,1,17.77
2226,Distribuidora Norte EIRELI,10002226000182,MEI,SAO CARLOS,3,Carla Dias,Turismo e Agronegocio,Participante,0,0,,,0,0,0,
2227,Papelaria Souza Ltda,10002227000189,MEI,SAO JOSE DO RIO PRETO,16,Paulo Cezar,Tecnologia e Inovacao,Participante,0,0,,,0,0,1,14.57
2228,Transportes Litoral e Cia,10002228000196,ME,RIBEIRAO PRETO,16,Paulo Cezar,Tecnologia e Inovacao,Participante,0,0,,,0,0,1,13.57
2229,Confeccoes Central ME,10002229000103,ME,SAO JOSE DO RIO PRETO,16,Paulo Cezar,Tecnologia e Inovacao,Participante,0,0,,,0,0,1,18.85
2230,Comercial Oeste e Cia,10002230000110,ME,PRESIDENTE PRUDENTE,5,Elisa Rocha,Empreendedorismo Cultural,Concluinte,1,0,Plano D - Sustentabilidade,,1,1,1,55.1
2231,Confeccoes Litoral EIRELI,10002231000117,ME,CAMPINAS,1,Ana Souza,Comercio e Servicos,Participante,0,0,,,0,0,0,
2232,Transportes Central ME,10002232000124,MEDIA,PRESIDENTE PRUDENTE,16,Paulo Cezar,Tecnologia e Inovacao,Sem atendimento,0,0,,,0,0,0,
2233,Construtora Litoral S.A.,10002233000131,ME,BAURU,11,Karina Reis,Atendimento ao Cliente,Participante,0,0,,,0,0,1,48.98
2234,Distribuidora Central Ltda,10002234000138,MEI,FRANCA,3,Carla Dias,Turismo e Agronegocio,Concluinte,1,0,Plano A - Crescimento,,1,1,1,3.55
2235,Industria Norte Ltda,10002235000145,MEI,MARILIA,1,Ana Souza,Comercio e Servicos,Concluinte,1,0,Plano B - Projetos Especiais,,1,1,0,
2236,Comercial Central S.A.,10002236000152,MEI,RIBEIRAO PRETO,4,Diego Alves,Atendimento ao Cliente,Participante,0,0,,,0,0,0,
2237,Industria Litoral e Cia,10002237000159,MEI,CAMPINAS,16,Paulo Cezar,Tecnologia e Inovacao,Participante,0,0,,,0,0,0,
2238,Distribuidora Central ME,10002238000166,ME,MARILIA,10,Joao Pedro,Turismo e Agronegocio,Participante,0,0,,,0,0,0,
2239,Transportes Oeste e Cia,10002239000173,EPP,PRESIDENTE PRUDENTE,9,Iara Costa,Tecnologia e Inovacao,Concluinte,1,0,Plano D - Sustentabilidade,,1,1,0,
2240,Industria Oeste e Cia,10002240000180,ME,SOROCABA,6,Fabio Nunes,Consultoria Especializada,Participante,0,0,,,0,0,1,1.86
2241,Transportes Norte ME,10002241000187,ME,SAO CARLOS,12,Lucas Barros,Empreendedorismo Cultural,Concluinte,1,0,Plano D - Sustentabilidade,,1,1,0,
2242,Industria Souza e Cia,10002242000194,ME,RIBEIRAO PRETO,11,Karina Reis,Atendimento ao Cliente,Participante,0,0,,,0,0,1,66.67
2243,Alimentos Central EIRELI,10002243000101,MEI,RIBEIRAO PRETO,1,Ana Souza,Comercio e Servicos,Participante,0,0,,,0,0,0,
2244,Confeccoes Litoral EIRELI,10002244000108,MEI,BAURU,1,Ana Souza,Comercio e Servicos,Participante,0,0,,,0,0,1,33.43
2245,Alimentos Silva Ltda,10002245000115,ME,CAMPINAS,15,Olivia Prado,Comercio e Servicos,Concluinte,1,0,Plano D - Sustentabilidade,,1,1,1,2.35
2246,Distribuidora Oeste e Cia,10002246000122,EPP,BAURU,6,Fabio Nunes,Consultoria Especializada,Participante,0,0,,,0,0,1,27.23
2247,Servicos Oeste ME,10002247000129,EPP,PRESIDENTE PRUDENTE,1,Ana Souza,Comercio e Servicos,Participante,0,0,,,0,0,1,-15.0
2248,Papelaria Litoral ME,10002248000136,MEI,SAO JOSE DO RIO PRETO,14,Nicolas Vieira,Sustentabilidade,Participante,0,0,,,0,0,1,19.48
2249,Confeccoes Norte e Cia,10002249000143,ME,BAURU,13,Mariana Teles,Consultoria Especializada,Participante,0,0,,,0,0,1,23.8
2250,Papelaria Souza Ltda,10002250000150,ME,ARACATUBA,3,Carla Dias,Turismo e Agronegocio,Participante,0,0,,,0,0,0,
2251,Confeccoes Norte Ltda,10002251000157,MEI,MARILIA,6,Fabio Nunes,Consultoria Especializada,Participante,0,0,,,0,0,1,-3.79
2252,Alimentos Norte e Cia,10002252000164,ME,RIBEIRAO PRETO,13,Mariana Teles,Consultoria Especializada,Participante,0,0,,,0,0,1,43.0
2253,Servicos Souza Ltda,10002253000171,ME,PRESIDENTE PRUDENTE,16,Paulo Cezar,Tecnologia e Inovacao,Concluinte,1,0,Plano D - Sustentabilidade,,1,1,0,
2254,Papelaria Souza EIRELI,10002254000178,MEI,CAMPINAS,3,Carla Dias,Turismo e Agronegocio,Concluinte,1,0,Plano C - Parcerias Corporativas,,1,1,0,
2255,Alimentos Silva Ltda,10002255000185,MEI,PRESIDENTE PRUDENTE,1,Ana Souza,Comercio e Servicos,Participante,0,0,,,0,0,0,
2256,Tecnologia Litoral S.A.,10002256000192,MEI,CAMPINAS,15,Olivia Prado,Comercio e Servicos,Participante,0,0,,,0,0,0,
2257,Servicos Norte S.A.,10002257000199,MEI,ARACATUBA,4,Diego Alves,Atendimento ao Cliente,Participante,0,0,,,0,0,0,
2258,Alimentos Oeste e Cia,10002258000106,MEI,FRANCA,16,Paulo Cezar,Tecnologia e Inovacao,Participante,0,0,,,0,0,0,
2259,Industria Litoral ME,10002259000113,ME,SAO CARLOS,7,Giovana Melo,Sustentabilidade,Participante,0,0,,,0,0,0,
2260,Transportes Central S.A.,10002260000120,ME,SAO JOSE DO RIO PRETO,14,Nicolas Vieira,Sustentabilidade,Participante,0,0,,,0,0,1,13.91
2261,Transportes Central ME,10002261000127,MEI,RIBEIRAO PRETO,4,Diego Alves,Atendimento ao Cliente,Participante,0,0,,,0,0,0,
2262,Construtora Litoral ME,10002262000134,ME,SAO CARLOS,12,Lucas Barros,Empreendedorismo Cultural,Concluinte,1,0,Plano D - Sustentabilidade,,1,1,1,-6.39
2263,Tecnologia Oeste EIRELI,10002263000141,EPP,ARACATUBA,7,Giovana Melo,Sustentabilidade,Sem atendimento,0,0,,,0,0,0,
2264,Construtora Oeste e Cia,10002264000148,MEI,CAMPINAS,7,Giovana Melo,Sustentabilidade,Participante,0,0,,,0,0,0,
2265,Alimentos Silva ME,10002265000155,EPP,MARILIA,10,Joao Pedro,Turismo e Agronegocio,Participante,0,0,,,0,0,0,
2266,Papelaria Oeste Ltda,10002266000162,ME,MARILIA,1,Ana Souza,Comercio e Servicos,Concluinte,1,0,Plano D - Sustentabilidade,,1,1,0,
2267,Tecnologia Silva ME,10002267000169,MEI,BAURU,16,Paulo Cezar,Tecnologia e Inovacao,Participante,0,0,,,0,0,0,
2268,Construtora Norte S.A.,10002268000176,ME,SOROCABA,1,Ana Souza,Comercio e Servicos,Participante,0,0,,,0,0,1,23.23
2269,Comercial Oeste Ltda,10002269000183,ME,FRANCA,4,Diego Alves,Atendimento ao Cliente,Participante,0,0,,,0,0,1,46.28
2270,Industria Souza Ltda,10002270000190,MEI,FRANCA,5,Elisa Rocha,Empreendedorismo Cultural,Participante,0,0,,,0,0,0,
2271,Comercial Central Ltda,10002271000197,MEI,ARACATUBA,4,Diego Alves,Atendimento ao Cliente,Participante,0,0,,,0,0,0,
2272,Servicos Litoral e Cia,10002272000104,ME,SAO CARLOS,9,Iara Costa,Tecnologia e Inovacao,Participante,0,0,,,0,0,1,-15.0
2273,Industria Norte ME,10002273000111,ME,PRESIDENTE PRUDENTE,11,Karina Reis,Atendimento ao Cliente,Participante,0,0,,,0,0,0,
2274,Tecnologia Litoral Ltda,10002274000118,MEI,SAO CARLOS,13,Mariana Teles,Consultoria Especializada,Participante,0,0,,,0,0,1,5.73
2275,Confeccoes Silva EIRELI,10002275000125,MEI,PRESIDENTE PRUDENTE,5,Elisa Rocha,Empreendedorismo Cultural,Participante,0,0,,,0,0,1,47.73
2276,Transportes Central EIRELI,10002276000132,ME,SAO CARLOS,7,Giovana Melo,Sustentabilidade,Concluinte,1,0,Plano D - Sustentabilidade,,1,1,1,45.3
2277,Confeccoes Oeste e Cia,10002277000139,MEI,SOROCABA,1,Ana Souza,Comercio e Servicos,Participante,0,0,,,0,0,0,
2278,Papelaria Litoral Ltda,10002278000146,ME,RIBEIRAO PRETO,15,Olivia Prado,Comercio e Servicos,Participante,0,0,,,0,0,0,
2279,Distribuidora Silva EIRELI,10002279000153,ME,BAURU,3,Carla Dias,Turismo e Agronegocio,Participante,0,0,,,0,0,0,
2280,Papelaria Litoral Ltda,10002280000160,ME,SAO JOSE DO RIO PRETO,11,Karina Reis,Atendimento ao Cliente,Concluinte,1,0,Plano D - Sustentabilidade,,1,1,0,
2281,Servicos Litoral ME,10002281000167,ME,CAMPINAS,1,Ana Souza,Comercio e Servicos,Participante,0,0,,,0,0,0,
2282,Confeccoes Litoral EIRELI,10002282000174,ME,FRANCA,8,Hugo Ramos,Comercio e Servicos,Concluinte,1,0,Plano A - Crescimento,,1,1,0,
2283,Confeccoes Silva S.A.,10002283000181,ME,SAO CARLOS,5,Elisa Rocha,Empreendedorismo Cultural,Participante,0,0,,,0,0,0,
2284,Industria Norte ME,10002284000188,MEI,BAURU,9,Iara Costa,Tecnologia e Inovacao,Concluinte,1,0,Plano B - Projetos Especiais,,1,1,1,17.63
2285,Confeccoes Souza EIRELI,10002285000195,MEDIA,SOROCABA,7,Giovana Melo,Sustentabilidade,Sem atendimento,0,0,,,0,0,0,
2286,Confeccoes Silva S.A.,10002286000102,MEI,SAO CARLOS,15,Olivia Prado,Comercio e Servicos,Participante,0,0,,,0,0,0,
2287,Transportes Central EIRELI,10002287000109,MEI,SAO CARLOS,12,Lucas Barros,Empreendedorismo Cultural,Participante,0,0,,,0,0,0,
2288,Industria Norte e Cia,10002288000116,MEI,FRANCA,13,Mariana Teles,Consultoria Especializada,Concluinte,1,0,Plano C - Parcerias Corporativas,,1,1,0,
2289,Alimentos Litoral ME,10002289000123,MEI,SAO JOSE DO RIO PRETO,14,Nicolas Vieira,Sustentabilidade,Concluinte,1,0,Plano B - Projetos Especiais,,1,1,0,
2290,Distribuidora Norte EIRELI,10002290000130,MEI,PRESIDENTE PRUDENTE,9,Iara Costa,Tecnologia e Inovacao,Participante,0,0,,,0,0,0,
2291,Comercial Silva e Cia,10002291000137,ME,SAO CARLOS,9,Iara Costa,Tecnologia e Inovacao,Concluinte,1,0,Plano D - Sustentabilidade,,1,1,1,6.44
2292,Industria Central e Cia,10002292000144,MEI,RIBEIRAO PRETO,16,Paulo Cezar,Tecnologia e Inovacao,Participante,0,0,,,0,0,0,
2293,Papelaria Silva ME,10002293000151,ME,ARACATUBA,13,Mariana Teles,Consultoria Especializada,Participante,0,0,,,0,0,1,18.92
2294,Comercial Souza S.A.,10002294000158,ME,ARACATUBA,12,Lucas Barros,Empreendedorismo Cultural,Participante,0,0,,,0,0,1,13.05
2295,Industria Oeste ME,10002295000165,MEI,SOROCABA,4,Diego Alves,Atendimento ao Cliente,Participante,0,0,,,0,0,0,
2296,Comercial Central e Cia,10002296000172,ME,SOROCABA,6,Fabio Nunes,Consultoria Especializada,Participante,0,0,,,0,0,0,
2297,Tecnologia Central EIRELI,10002297000179,MEI,CAMPINAS,14,Nicolas Vieira,Sustentabilidade,Participante,0,0,,,0,0,1,19.82
2298,Construtora Litoral S.A.,10002298000186,MEI,ARACATUBA,11,Karina Reis,Atendimento ao Cliente,Sem atendimento,0,0,,,0,0,0,
2299,Transportes Silva S.A.,10002299000193,MEI,MARILIA,8,Hugo Ramos,Comercio e Servicos,Participante,0,0,,,0,0,0,
2300,Papelaria Silva EIRELI,10002300000100,ME,FRANCA,13,Mariana Teles,Consultoria Especializada,Sem atendimento,0,0,,,0,0,0,
2301,Papelaria Litoral e Cia,10002301000107,MEI,RIBEIRAO PRETO,10,Joao Pedro,Turismo e Agronegocio,Participante,0,0,,,0,0,0,
2302,Industria Litoral ME,10002302000114,ME,RIBEIRAO PRETO,5,Elisa Rocha,Empreendedorismo Cultural,Concluinte,1,0,Plano D - Sustentabilidade,,1,1,1,3.58
2303,Confeccoes Souza ME,10002303000121,ME,RIBEIRAO PRETO,3,Carla Dias,Turismo e Agronegocio,Participante,0,0,,,0,0,1,6.64
2304,Comercial Litoral EIRELI,10002304000128,MEI,RIBEIRAO PRETO,15,Olivia Prado,Comercio e Servicos,Participante,0,0,,,0,0,1,26.94
2305,Confeccoes Silva EIRELI,10002305000135,MEI,SAO JOSE DO RIO PRETO,10,Joao Pedro,Turismo e Agronegocio,Participante,0,0,,,0,0,0,
2306,Distribuidora Litoral EIRELI,10002306000142,MEI,MARILIA,14,Nicolas Vieira,Sustentabilidade,Participante,0,0,,,0,0,0,
2307,Comercial Central EIRELI,10002307000149,MEI,CAMPINAS,12,Lucas Barros,Empreendedorismo Cultural,Participante,0,0,,,0,0,1,14.06
2308,Servicos Central S.A.,10002308000156,EPP,SAO CARLOS,13,Mariana Teles,Consultoria Especializada,Concluinte,1,0,Plano D - Sustentabilidade,,1,1,0,
2309,Distribuidora Central EIRELI,10002309000163,MEI,SAO JOSE DO RIO PRETO,8,Hugo Ramos,Comercio e Servicos,Participante,0,0,,,0,0,0,
2310,Tecnologia Oeste ME,10002310000170,EPP,SAO JOSE DO RIO PRETO,5,Elisa Rocha,Empreendedorismo Cultural,Participante,0,0,,,0,0,0,
2311,Papelaria Central e Cia,10002311000177,MEI,PRESIDENTE PRUDENTE,14,Nicolas Vieira,Sustentabilidade,Participante,0,0,,,0,0,1,27.08
2312,Servicos Norte EIRELI,10002312000184,ME,BAURU,1,Ana Souza,Comercio e Servicos,Participante,0,0,,,0,0,0,
2313,Alimentos Norte Ltda,10002313000191,ME,FRANCA,12,Lucas Barros,Empreendedorismo Cultural,Participante,0,0,,,0,0,0,
2314,Distribuidora Litoral EIRELI,10002314000198,MEI,ARACATUBA,13,Mariana Teles,Consultoria Especializada,Participante,0,0,,,0,0,1,3.9
2315,Servicos Oeste S.A.,10002315000105,MEI,CAMPINAS,2,Bruno Lima,Tecnologia e Inovacao,Participante,0,0,,,0,0,0,
2316,Tecnologia Souza ME,10002316000112,MEI,FRANCA,6,Fabio Nunes,Consultoria Especializada,Participante,0,0,,,0,0,0,
2317,Comercial Oeste S.A.,10002317000119,MEI,SOROCABA,16,Paulo Cezar,Tecnologia e Inovacao,Concluinte,1,0,Plano A - Crescimento,,1,1,0,
2318,Construtora Silva ME,10002318000126,ME,ARACATUBA,4,Diego Alves,Atendimento ao Cliente,Concluinte,1,0,Plano D - Sustentabilidade,,1,1,0,
2319,Comercial Souza ME,10002319000133,MEI,RIBEIRAO PRETO,13,Mariana Teles,Consultoria Especializada,Participante,0,0,,,0,0,0,
2320,Construtora Silva S.A.,10002320000140,ME,MARILIA,13,Mariana Teles,Consultoria Especializada,Participante,0,0,,,0,0,0,
2321,Tecnologia Silva ME,10002321000147,MEI,MARILIA,13,Mariana Teles,Consultoria Especializada,Participante,0,0,,,0,0,0,
2322,Papelaria Central e Cia,10002322000154,MEI,FRANCA,4,Diego Alves,Atendimento ao Cliente,Participante,0,0,,,0,0,0,
2323,Transportes Oeste Ltda,10002323000161,ME,BAURU,11,Karina Reis,Atendimento ao Cliente,Participante,0,0,,,0,0,1,17.26
2324,Distribuidora Souza Ltda,10002324000168,MEI,SAO CARLOS,13,Mariana Teles,Consultoria Especializada,Participante,0,0,,,0,0,0,
2325,Servicos Norte e Cia,10002325000175,ME,ARACATUBA,9,Iara Costa,Tecnologia e Inovacao,Concluinte,1,0,Plano D - Sustentabilidade,,1,1,0,
2326,Comercial Central ME,10002326000182,MEI,RIBEIRAO PRETO,14,Nicolas Vieira,Sustentabilidade,Participante,0,0,,,0,0,0,
2327,Construtora Oeste Ltda,10002327000189,EPP,RIBEIRAO PRETO,16,Paulo Cezar,Tecnologia e Inovacao,Participante,0,0,,,0,0,1,35.71
2328,Confeccoes Central ME,10002328000196,ME,CAMPINAS,12,Lucas Barros,Empreendedorismo Cultural,Concluinte,1,0,Plano D - Sustentabilidade,,1,1,1,-11.22
2329,Transportes Oeste EIRELI,10002329000103,MEI,ARACATUBA,1,Ana Souza,Comercio e Servicos,Participante,0,0,,,0,0,0,
2330,Construtora Oeste ME,10002330000110,ME,RIBEIRAO PRETO,1,Ana Souza,Comercio e Servicos,Participante,0,0,,,0,0,1,32.73
2331,Alimentos Litoral Ltda,10002331000117,ME,CAMPINAS,4,Diego Alves,Atendimento ao Cliente,Participante,0,0,,,0,0,0,
2332,Industria Silva e Cia,10002332000124,MEI,SAO JOSE DO RIO PRETO,8,Hugo Ramos,Comercio e Servicos,Sem atendimento,0,0,,,0,0,0,
2333,Construtora Central ME,10002333000131,MEI,PRESIDENTE PRUDENTE,5,Elisa Rocha,Empreendedorismo Cultural,Participante,0,0,,,0,0,0,
2334,Transportes Norte S.A.,10002334000138,MEI,RIBEIRAO PRETO,8,Hugo Ramos,Comercio e Servicos,Participante,0,0,,,0,0,1,35.47
2335,Comercial Souza e Cia,10002335000145,MEDIA,FRANCA,12,Lucas Barros,Empreendedorismo Cultural,Sem atendimento,0,0,,,0,0,1,18.79
2336,Tecnologia Norte Ltda,10002336000152,MEI,SOROCABA,4,Diego Alves,Atendimento ao Cliente,Participante,0,0,,,0,0,0,
2337,Tecnologia Central Ltda,10002337000159,MEI,RIBEIRAO PRETO,10,Joao Pedro,Turismo e Agronegocio,Concluinte,1,0,Plano A - Crescimento,,1,1,0,
2338,Distribuidora Central Ltda,10002338000166,ME,FRANCA,9,Iara Costa,Tecnologia e Inovacao,Participante,0,0,,,0,0,0,
2339,Confeccoes Norte e Cia,10002339000173,ME,SOROCABA,9,Iara Costa,Tecnologia e Inovacao,Participante,0,0,,,0,0,1,25.65
2340,Comercial Oeste e Cia,10002340000180,ME,SAO CARLOS,8,Hugo Ramos,Comercio e Servicos,Participante,0,0,,,0,0,0,
2341,Confeccoes Litoral EIRELI,10002341000187,MEI,MARILIA,14,Nicolas Vieira,Sustentabilidade,Participante,0,0,,,0,0,1,13.14
2342,Papelaria Central EIRELI,10002342000194,ME,BAURU,2,Bruno Lima,Tecnologia e Inovacao,Participante,0,0,,,0,0,0,
2343,Tecnologia Souza Ltda,10002343000101,ME,SAO JOSE DO RIO PRETO,1,Ana Souza,Comercio e Servicos,Concluinte,1,0,Plano D - Sustentabilidade,,1,1,1,21.67
2344,Confeccoes Oeste S.A.,10002344000108,ME,FRANCA,5,Elisa Rocha,Empreendedorismo Cultural,Concluinte,1,0,Plano D - Sustentabilidade,,1,1,0,
2345,Distribuidora Souza EIRELI,10002345000115,MEI,PRESIDENTE PRUDENTE,11,Karina Reis,Atendimento ao Cliente,Participante,0,0,,,0,0,0,
2346,Distribuidora Norte ME,10002346000122,ME,SOROCABA,8,Hugo Ramos,Comercio e Servicos,Participante,0,0,,,0,0,0,
2347,Papelaria Central e Cia,10002347000129,MEI,SOROCABA,15,Olivia Prado,Comercio e Servicos,Participante,0,0,,,0,0,0,
2348,Transportes Silva ME,10002348000136,MEI,SAO JOSE DO RIO PRETO,16,Paulo Cezar,Tecnologia e Inovacao,Participante,0,0,,,0,0,0,
2349,Industria Central S.A.,10002349000143,MEI,PRESIDENTE PRUDENTE,15,Olivia Prado,Comercio e Servicos,Concluinte,1,0,Plano A - Crescimento,,1,1,0,
2350,Tecnologia Oeste S.A.,10002350000150,MEI,PRESIDENTE PRUDENTE,6,Fabio Nunes,Consultoria Especializada,Participante,0,0,,,0,0,0,
2351,Construtora Norte ME,10002351000157,MEI,MARILIA,3,Carla Dias,Turismo e Agronegocio,Participante,0,0,,,0,0,1,7.75
2352,Confeccoes Oeste ME,10002352000164,ME,PRESIDENTE PRUDENTE,12,Lucas Barros,Empreendedorismo Cultural,Concluinte,1,0,Plano D - Sustentabilidade,,1,1,0,
2353,Industria Norte e Cia,10002353000171,MEI,ARACATUBA,1,Ana Souza,Comercio e Servicos,Participante,0,0,,,0,0,0,
2354,Tecnologia Silva ME,10002354000178,ME,SOROCABA,14,Nicolas Vieira,Sustentabilidade,Participante,0,0,,,0,0,1,35.4
2355,Tecnologia Norte EIRELI,10002355000185,MEI,FRANCA,8,Hugo Ramos,Comercio e Servicos,Participante,0,0,,,0,0,0,
2356,Distribuidora Central EIRELI,10002356000192,MEI,MARILIA,4,Diego Alves,Atendimento ao Cliente,Participante,0,0,,,0,0,0,
2357,Industria Souza S.A.,10002357000199,ME,RIBEIRAO PRETO,10,Joao Pedro,Turismo e Agronegocio,Participante,0,0,,,0,0,0,
2358,Tecnologia Norte ME,10002358000106,MEI,FRANCA,7,Giovana Melo,Sustentabilidade,Participante,0,0,,,0,0,0,
2359,Alimentos Norte e Cia,10002359000113,ME,SAO JOSE DO RIO PRETO,4,Diego Alves,Atendimento ao Cliente,Participante,0,0,,,0,0,1,12.85
2360,Construtora Central ME,10002360000120,EPP,RIBEIRAO PRETO,13,Mariana Teles,Consultoria Especializada,Concluinte,1,0,Plano D - Sustentabilidade,,1,1,0,
2361,Industria Central ME,10002361000127,MEI,SOROCABA,6,Fabio Nunes,Consultoria Especializada,Participante,0,0,,,0,0,1,2.37
2362,Construtora Litoral EIRELI,10002362000134,ME,PRESIDENTE PRUDENTE,11,Karina Reis,Atendimento ao Cliente,Participante,0,0,,,0,0,0,
2363,Papelaria Litoral S.A.,10002363000141,MEDIA,PRESIDENTE PRUDENTE,13,Mariana Teles,Consultoria Especializada,Sem atendimento,0,0,,,0,0,0,
2364,Comercial Norte EIRELI,10002364000148,MEI,PRESIDENTE PRUDENTE,7,Giovana Melo,Sustentabilidade,Participante,0,0,,,0,0,0,
2365,Papelaria Norte S.A.,10002365000155,EPP,CAMPINAS,3,Carla Dias,Turismo e Agronegocio,Concluinte,1,0,Plano D - Sustentabilidade,,1,1,0,
2366,Industria Norte S.A.,10002366000162,ME,BAURU,8,Hugo Ramos,Comercio e Servicos,Participante,0,0,,,0,0,0,
2367,Comercial Litoral e Cia,10002367000169,EPP,RIBEIRAO PRETO,12,Lucas Barros,Empreendedorismo Cultural,Concluinte,1,0,Plano D - Sustentabilidade,,1,1,0,
2368,Transportes Norte EIRELI,10002368000176,EPP,SAO JOSE DO RIO PRETO,13,Mariana Teles,Consultoria Especializada,Concluinte,1,0,Plano D - Sustentabilidade,,1,1,0,
2369,Alimentos Litoral EIRELI,10002369000183,MEI,BAURU,15,Olivia Prado,Comercio e Servicos,Participante,0,0,,,0,0,0,
2370,Alimentos Souza ME,10002370000190,MEI,SAO JOSE DO RIO PRETO,7,Giovana Melo,Sustentabilidade,Participante,0,0,,,0,0,0,
2371,Papelaria Central S.A.,10002371000197,MEI,CAMPINAS,7,Giovana Melo,Sustentabilidade,Participante,0,0,,,0,0,0,
2372,Servicos Souza S.A.,10002372000104,ME,SOROCABA,15,Olivia Prado,Comercio e Servicos,Participante,0,0,,,0,0,0,
2373,Industria Souza S.A.,10002373000111,ME,SAO CARLOS,11,Karina Reis,Atendimento ao Cliente,Concluinte,1,0,Plano D - Sustentabilidade,,1,1,0,
2374,Comercial Litoral S.A.,10002374000118,EPP,SAO JOSE DO RIO PRETO,1,Ana Souza,Comercio e Servicos,Sem atendimento,0,0,,,0,0,0,
2375,Distribuidora Central ME,10002375000125,EPP,BAURU,13,Mariana Teles,Consultoria Especializada,Concluinte,1,0,Plano D - Sustentabilidade,,1,1,0,
2376,Papelaria Litoral e Cia,10002376000132,ME,RIBEIRAO PRETO,4,Diego Alves,Atendimento ao Cliente,Sem atendimento,0,0,,,0,0,1,2.37
2377,Comercial Oeste S.A.,10002377000139,EPP,BAURU,16,Paulo Cezar,Tecnologia e Inovacao,Participante,0,0,,,0,0,0,
2378,Alimentos Central e Cia,10002378000146,ME,SAO JOSE DO RIO PRETO,2,Bruno Lima,Tecnologia e Inovacao,Concluinte,1,0,Plano B - Projetos Especiais,,1,1,0,
2379,Distribuidora Silva EIRELI,10002379000153,EPP,SAO JOSE DO RIO PRETO,14,Nicolas Vieira,Sustentabilidade,Participante,0,0,,,0,0,1,1.53
2380,Industria Oeste S.A.,10002380000160,ME,BAURU,4,Diego Alves,Atendimento ao Cliente,Participante,0,0,,,0,0,0,
2381,Construtora Souza ME,10002381000167,MEI,BAURU,8,Hugo Ramos,Comercio e Servicos,Participante,0,0,,,0,0,1,-1.58
2382,Construtora Litoral S.A.,10002382000174,ME,RIBEIRAO PRETO,3,Carla Dias,Turismo e Agronegocio,Participante,0,0,,,0,0,1,42.11
2383,Alimentos Oeste S.A.,10002383000181,MEI,SAO JOSE DO RIO PRETO,9,Iara Costa,Tecnologia e Inovacao,Participante,0,0,,,0,0,0,
2384,Papelaria Oeste e Cia,10002384000188,MEI,PRESIDENTE PRUDENTE,9,Iara Costa,Tecnologia e Inovacao,Participante,0,0,,,0,0,1,8.24
2385,Transportes Oeste Ltda,10002385000195,MEI,CAMPINAS,5,Elisa Rocha,Empreendedorismo Cultural,Participante,0,0,,,0,0,1,41.35
2386,Confeccoes Oeste EIRELI,10002386000102,ME,PRESIDENTE PRUDENTE,12,Lucas Barros,Empreendedorismo Cultural,Concluinte,1,0,Plano D - Sustentabilidade,,1,1,0,
2387,Construtora Litoral ME,10002387000109,MEI,SAO JOSE DO RIO PRETO,16,Paulo Cezar,Tecnologia e Inovacao,Participante,0,0,,,0,0,1,29.19
2388,Industria Norte ME,10002388000116,EPP,BAURU,5,Elisa Rocha,Empreendedorismo Cultural,Participante,0,0,,,0,0,1,-9.36
2389,Comercial Souza e Cia,10002389000123,MEI,SAO JOSE DO RIO PRETO,8,Hugo Ramos,Comercio e Servicos,Sem atendimento,0,0,,,0,0,0,
2390,Confeccoes Oeste e Cia,10002390000130,ME,BAURU,1,Ana Souza,Comercio e Servicos,Participante,0,0,,,0,0,1,22.84
2391,Construtora Norte EIRELI,10002391000137,MEDIA,RIBEIRAO PRETO,13,Mariana Teles,Consultoria Especializada,Sem atendimento,0,0,,,0,0,1,45.18
2392,Papelaria Norte ME,10002392000144,ME,MARILIA,5,Elisa Rocha,Empreendedorismo Cultural,Participante,0,0,,,0,0,0,
2393,Industria Norte S.A.,10002393000151,MEI,BAURU,16,Paulo Cezar,Tecnologia e Inovacao,Participante,0,0,,,0,0,0,
2394,Comercial Litoral Ltda,10002394000158,MEI,SAO JOSE DO RIO PRETO,13,Mariana Teles,Consultoria Especializada,Participante,0,0,,,0,0,0,
2395,Servicos Souza ME,10002395000165,ME,CAMPINAS,7,Giovana Melo,Sustentabilidade,Sem atendimento,0,0,,,0,0,0,
2396,Servicos Oeste S.A.,10002396000172,ME,SAO CARLOS,4,Diego Alves,Atendimento ao Cliente,Participante,0,0,,,0,0,1,21.09
2397,Transportes Souza EIRELI,10002397000179,MEI,MARILIA,1,Ana Souza,Comercio e Servicos,Sem atendimento,0,0,,,0,0,0,
2398,Distribuidora Oeste e Cia,10002398000186,MEI,SAO CARLOS,13,Mariana Teles,Consultoria Especializada,Participante,0,0,,,0,0,0,
2399,Comercial Central e Cia,10002399000193,ME,CAMPINAS,3,Carla Dias,Turismo e Agronegocio,Participante,0,0,,,0,0,1,9.09
2400,Industria Litoral EIRELI,10002400000100,MEI,BAURU,9,Iara Costa,Tecnologia e Inovacao,Participante,0,0,,,0,0,0,
2401,Industria Silva e Cia,10002401000107,MEI,FRANCA,15,Olivia Prado,Comercio e Servicos,Participante,0,0,,,0,0,1,11.67
2402,Servicos Litoral Ltda,10002402000114,EPP,CAMPINAS,3,Carla Dias,Turismo e Agronegocio,Concluinte,1,0,Plano D - Sustentabilidade,,1,1,0,
2403,Comercial Souza EIRELI,10002403000121,MEI,SAO CARLOS,10,Joao Pedro,Turismo e Agronegocio,Participante,0,0,,,0,0,0,
2404,Construtora Silva e Cia,10002404000128,EPP,PRESIDENTE PRUDENTE,16,Paulo Cezar,Tecnologia e Inovacao,Concluinte,1,0,Plano D - Sustentabilidade,,1,1,0,
2405,Distribuidora Souza S.A.,10002405000135,MEI,MARILIA,11,Karina Reis,Atendimento ao Cliente,Participante,0,0,,,0,0,0,
2406,Servicos Silva e Cia,10002406000142,ME,CAMPINAS,16,Paulo Cezar,Tecnologia e Inovacao,Concluinte,1,0,Plano D - Sustentabilidade,,1,1,1,16.52
2407,Confeccoes Norte Ltda,10002407000149,ME,SOROCABA,16,Paulo Cezar,Tecnologia e Inovacao,Concluinte,1,0,Plano D - Sustentabilidade,,1,1,1,22.75
2408,Construtora Litoral EIRELI,10002408000156,ME,PRESIDENTE PRUDENTE,4,Diego Alves,Atendimento ao Cliente,Concluinte,1,0,Plano D - Sustentabilidade,,1,1,0,
2409,Comercial Oeste S.A.,10002409000163,ME,CAMPINAS,15,Olivia Prado,Comercio e Servicos,Participante,0,0,,,0,0,0,
2410,Alimentos Norte S.A.,10002410000170,ME,MARILIA,6,Fabio Nunes,Consultoria Especializada,Participante,0,0,,,0,0,0,
2411,Confeccoes Norte EIRELI,10002411000177,MEI,PRESIDENTE PRUDENTE,10,Joao Pedro,Turismo e Agronegocio,Participante,0,0,,,0,0,0,
2412,Construtora Silva EIRELI,10002412000184,ME,MARILIA,10,Joao Pedro,Turismo e Agronegocio,Participante,0,0,,,0,0,1,41.46
2413,Construtora Souza EIRELI,10002413000191,MEI,PRESIDENTE PRUDENTE,16,Paulo Cezar,Tecnologia e Inovacao,Participante,0,0,,,0,0,1,15.26
2414,Distribuidora Central ME,10002414000198,ME,RIBEIRAO PRETO,10,Joao Pedro,Turismo e Agronegocio,Participante,0,0,,,0,0,0,
2415,Servicos Silva EIRELI,10002415000105,MEI,RIBEIRAO PRETO,6,Fabio Nunes,Consultoria Especializada,Participante,0,0,,,0,0,0,
2416,Alimentos Norte S.A.,10002416000112,MEI,RIBEIRAO PRETO,10,Joao Pedro,Turismo e Agronegocio,Participante,0,0,,,0,0,0,
2417,Papelaria Litoral EIRELI,10002417000119,MEI,MARILIA,7,Giovana Melo,Sustentabilidade,Concluinte,1,0,Plano B - Projetos Especiais,,1,1,1,17.53
2418,Industria Souza e Cia,10002418000126,ME,BAURU,13,Mariana Teles,Consultoria Especializada,Participante,0,0,,,0,0,0,
2419,Papelaria Central ME,10002419000133,MEI,SAO CARLOS,16,Paulo Cezar,Tecnologia e Inovacao,Participante,0,0,,,0,0,0,
2420,Confeccoes Oeste EIRELI,10002420000140,MEI,SAO CARLOS,16,Paulo Cezar,Tecnologia e Inovacao,Participante,0,0,,,0,0,0,
2421,Alimentos Central ME,10002421000147,MEI,SAO CARLOS,12,Lucas Barros,Empreendedorismo Cultural,Participante,0,0,,,0,0,0,
2422,Comercial Central Ltda,10002422000154,MEDIA,SOROCABA,14,Nicolas Vieira,Sustentabilidade,Sem atendimento,0,0,,,0,0,0,
2423,Construtora Oeste Ltda,10002423000161,EPP,SAO JOSE DO RIO PRETO,5,Elisa Rocha,Empreendedorismo Cultural,Participante,0,0,,,0,0,1,44.37
2424,Confeccoes Oeste ME,10002424000168,MEI,SAO JOSE DO RIO PRETO,7,Giovana Melo,Sustentabilidade,Participante,0,0,,,0,0,1,32.77
2425,Alimentos Norte e Cia,10002425000175,ME,ARACATUBA,13,Mariana Teles,Consultoria Especializada,Concluinte,1,0,Plano D - Sustentabilidade,,1,1,1,6.59
2426,Papelaria Norte S.A.,10002426000182,EPP,SAO JOSE DO RIO PRETO,7,Giovana Melo,Sustentabilidade,Participante,0,0,,,0,0,0,
2427,Servicos Souza ME,10002427000189,ME,FRANCA,3,Carla Dias,Turismo e Agronegocio,Participante,0,0,,,0,0,0,
2428,Comercial Litoral S.A.,10002428000196,ME,SAO CARLOS,16,Paulo Cezar,Tecnologia e Inovacao,Participante,0,0,,,0,0,0,
2429,Servicos Oeste e Cia,10002429000103,ME,RIBEIRAO PRETO,16,Paulo Cezar,Tecnologia e Inovacao,Concluinte,1,0,Plano D - Sustentabilidade,,1,1,0,
2430,Comercial Litoral ME,10002430000110,MEI,FRANCA,4,Diego Alves,Atendimento ao Cliente,Participante,0,0,,,0,0,0,
2431,Confeccoes Silva S.A.,10002431000117,MEI,ARACATUBA,15,Olivia Prado,Comercio e Servicos,Participante,0,0,,,0,0,1,42.68
2432,Alimentos Litoral S.A.,10002432000124,EPP,BAURU,3,Carla Dias,Turismo e Agronegocio,Participante,0,0,,,0,0,0,
2433,Papelaria Oeste e Cia,10002433000131,MEI,CAMPINAS,5,Elisa Rocha,Empreendedorismo Cultural,Participante,0,0,,,0,0,0,
2434,Servicos Oeste e Cia,10002434000138,ME,MARILIA,15,Olivia Prado,Comercio e Servicos,Participante,0,0,,,0,0,1,9.74
2435,Transportes Norte ME,10002435000145,ME,RIBEIRAO PRETO,9,Iara Costa,Tecnologia e Inovacao,Concluinte,1,0,Plano D - Sustentabilidade,,1,1,0,
2436,Alimentos Oeste S.A.,10002436000152,ME,ARACATUBA,3,Carla Dias,Turismo e Agronegocio,Participante,0,0,,,0,0,0,
2437,Alimentos Central EIRELI,10002437000159,ME,PRESIDENTE PRUDENTE,6,Fabio Nunes,Consultoria Especializada,Participante,0,0,,,0,0,0,
2438,Confeccoes Oeste e Cia,10002438000166,ME,SAO CARLOS,7,Giovana Melo,Sustentabilidade,Concluinte,1,0,Plano D - Sustentabilidade,,1,1,0,
2439,Distribuidora Litoral S.A.,10002439000173,MEI,CAMPINAS,5,Elisa Rocha,Empreendedorismo Cultural,Participante,0,0,,,0,0,0,
2440,Comercial Norte Ltda,10002440000180,EPP,BAURU,16,Paulo Cezar,Tecnologia e Inovacao,Participante,0,0,,,0,0,0,
2441,Comercial Norte S.A.,10002441000187,GRANDE,BAURU,12,Lucas Barros,Empreendedorismo Cultural,Sem atendimento,0,0,,,0,0,0,
2442,Transportes Central ME,10002442000194,ME,CAMPINAS,11,Karina Reis,Atendimento ao Cliente,Sem atendimento,0,0,,,0,0,0,
2443,Distribuidora Norte Ltda,10002443000101,MEDIA,ARACATUBA,3,Carla Dias,Turismo e Agronegocio,Sem atendimento,0,0,,,0,0,0,
2444,Transportes Souza e Cia,10002444000108,EPP,BAURU,4,Diego Alves,Atendimento ao Cliente,Participante,0,0,,,0,0,0,
2445,Papelaria Litoral EIRELI,10002445000115,ME,RIBEIRAO PRETO,15,Olivia Prado,Comercio e Servicos,Participante,0,0,,,0,0,1,-14.83
2446,Confeccoes Central S.A.,10002446000122,EPP,SAO JOSE DO RIO PRETO,14,Nicolas Vieira,Sustentabilidade,Participante,0,0,,,0,0,1,3.54
2447,Alimentos Silva EIRELI,10002447000129,ME,MARILIA,5,Elisa Rocha,Empreendedorismo Cultural,Concluinte,1,0,Plano D - Sustentabilidade,,1,1,1,-14.86
2448,Transportes Litoral S.A.,10002448000136,EPP,BAURU,15,Olivia Prado,Comercio e Servicos,Participante,0,0,,,0,0,0,
2449,Comercial Norte S.A.,10002449000143,MEI,PRESIDENTE PRUDENTE,10,Joao Pedro,Turismo e Agronegocio,Participante,0,0,,,0,0,0,
2450,Tecnologia Souza ME,10002450000150,EPP,SAO CARLOS,11,Karina Reis,Atendimento ao Cliente,Sem atendimento,0,0,,,0,0,0,
2451,Transportes Central EIRELI,10002451000157,ME,SAO CARLOS,11,Karina Reis,Atendimento ao Cliente,Concluinte,1,0,Plano D - Sustentabilidade,,1,1,0,
2452,Papelaria Souza EIRELI,10002452000164,ME,SAO JOSE DO RIO PRETO,12,Lucas Barros,Empreendedorismo Cultural,Participante,0,0,,,0,0,1,26.26
2453,Industria Silva Ltda,10002453000171,ME,ARACATUBA,10,Joao Pedro,Turismo e Agronegocio,Participante,0,0,,,0,0,0,
2454,Industria Norte ME,10002454000178,MEDIA,SOROCABA,2,Bruno Lima,Tecnologia e Inovacao,Sem atendimento,0,0,,,0,0,0,
2455,Servicos Litoral EIRELI,10002455000185,MEI,CAMPINAS,11,Karina Reis,Atendimento ao Cliente,Participante,0,0,,,0,0,1,-7.71
2456,Confeccoes Souza EIRELI,10002456000192,ME,SAO JOSE DO RIO PRETO,14,Nicolas Vieira,Sustentabilidade,Concluinte,1,0,Plano D - Sustentabilidade,,1,1,0,
2457,Construtora Silva S.A.,10002457000199,MEI,SAO JOSE DO RIO PRETO,5,Elisa Rocha,Empreendedorismo Cultural,Participante,0,0,,,0,0,1,12.37
2458,Tecnologia Silva S.A.,10002458000106,MEI,SAO CARLOS,7,Giovana Melo,Sustentabilidade,Participante,0,0,,,0,0,1,-8.17
2459,Tecnologia Norte Ltda,10002459000113,MEI,ARACATUBA,7,Giovana Melo,Sustentabilidade,Participante,0,0,,,0,0,0,
2460,Industria Souza Ltda,10002460000120,EPP,FRANCA,4,Diego Alves,Atendimento ao Cliente,Participante,0,0,,,0,0,0,
2461,Alimentos Central EIRELI,10002461000127,MEI,ARACATUBA,12,Lucas Barros,Empreendedorismo Cultural,Participante,0,0,,,0,0,0,
2462,Construtora Oeste e Cia,10002462000134,MEI,FRANCA,12,Lucas Barros,Empreendedorismo Cultural,Participante,0,0,,,0,0,0,
2463,Comercial Central S.A.,10002463000141,MEI,PRESIDENTE PRUDENTE,1,Ana Souza,Comercio e Servicos,Participante,0,0,,,0,0,0,
2464,Alimentos Oeste ME,10002464000148,EPP,FRANCA,4,Diego Alves,Atendimento ao Cliente,Participante,0,0,,,0,0,1,32.11
2465,Servicos Litoral Ltda,10002465000155,ME,ARACATUBA,10,Joao Pedro,Turismo e Agronegocio,Participante,0,0,,,0,0,1,28.09
2466,Construtora Silva ME,10002466000162,ME,SAO CARLOS,13,Mariana Teles,Consultoria Especializada,Participante,0,1,,Plano C - Parcerias Corporativas,0,1,0,
2467,Comercial Souza EIRELI,10002467000169,MEI,PRESIDENTE PRUDENTE,11,Karina Reis,Atendimento ao Cliente,Participante,0,0,,,0,0,1,39.92
2468,Transportes Souza EIRELI,10002468000176,ME,MARILIA,5,Elisa Rocha,Empreendedorismo Cultural,Sem atendimento,0,0,,,0,0,0,
2469,Comercial Norte EIRELI,10002469000183,EPP,SAO JOSE DO RIO PRETO,2,Bruno Lima,Tecnologia e Inovacao,Participante,0,0,,,0,0,1,25.24
2470,Alimentos Norte S.A.,10002470000190,EPP,MARILIA,10,Joao Pedro,Turismo e Agronegocio,Sem atendimento,0,0,,,0,0,0,
2471,Industria Norte EIRELI,10002471000197,ME,SAO CARLOS,6,Fabio Nunes,Consultoria Especializada,Participante,0,0,,,0,0,0,
2472,Alimentos Silva EIRELI,10002472000104,MEI,MARILIA,6,Fabio Nunes,Consultoria Especializada,Participante,0,0,,,0,0,0,
2473,Tecnologia Litoral ME,10002473000111,EPP,SOROCABA,10,Joao Pedro,Turismo e Agronegocio,Concluinte,1,0,Plano D - Sustentabilidade,,1,1,0,
2474,Comercial Silva ME,10002474000118,MEI,SAO CARLOS,11,Karina Reis,Atendimento ao Cliente,Participante,0,0,,,0,0,0,
2475,Industria Central Ltda,10002475000125,ME,CAMPINAS,2,Bruno Lima,Tecnologia e Inovacao,Sem atendimento,0,0,,,0,0,0,
2476,Industria Silva Ltda,10002476000132,MEI,SOROCABA,6,Fabio Nunes,Consultoria Especializada,Participante,0,0,,,0,0,1,0.71
2477,Tecnologia Silva Ltda,10002477000139,MEDIA,SOROCABA,3,Carla Dias,Turismo e Agronegocio,Sem atendimento,0,0,,,0,0,0,
2478,Transportes Central EIRELI,10002478000146,EPP,CAMPINAS,14,Nicolas Vieira,Sustentabilidade,Participante,0,0,,,0,0,0,
2479,Confeccoes Central S.A.,10002479000153,EPP,SAO JOSE DO RIO PRETO,1,Ana Souza,Comercio e Servicos,Participante,0,0,,,0,0,0,
2480,Alimentos Litoral e Cia,10002480000160,MEI,SOROCABA,5,Elisa Rocha,Empreendedorismo Cultural,Participante,0,0,,,0,0,0,
2481,Construtora Central e Cia,10002481000167,MEI,PRESIDENTE PRUDENTE,4,Diego Alves,Atendimento ao Cliente,Participante,0,0,,,0,0,1,32.43
2482,Industria Souza Ltda,10002482000174,ME,SAO CARLOS,5,Elisa Rocha,Empreendedorismo Cultural,Participante,0,0,,,0,0,0,
2483,Confeccoes Norte Ltda,10002483000181,MEI,PRESIDENTE PRUDENTE,13,Mariana Teles,Consultoria Especializada,Participante,0,0,,,0,0,0,
2484,Confeccoes Oeste S.A.,10002484000188,ME,SOROCABA,6,Fabio Nunes,Consultoria Especializada,Participante,0,0,,,0,0,0,
2485,Industria Oeste S.A.,10002485000195,MEI,BAURU,9,Iara Costa,Tecnologia e Inovacao,Participante,0,0,,,0,0,0,
2486,Tecnologia Litoral Ltda,10002486000102,ME,FRANCA,2,Bruno Lima,Tecnologia e Inovacao,Participante,0,0,,,0,0,0,
2487,Industria Litoral Ltda,10002487000109,EPP,BAURU,1,Ana Souza,Comercio e Servicos,Participante,0,0,,,0,0,0,
2488,Tecnologia Oeste Ltda,10002488000116,ME,SAO JOSE DO RIO PRETO,6,Fabio Nunes,Consultoria Especializada,Sem atendimento,0,0,,,0,0,1,41.39
2489,Servicos Litoral e Cia,10002489000123,MEI,FRANCA,12,Lucas Barros,Empreendedorismo Cultural,Participante,0,0,,,0,0,1,-4.51
2490,Papelaria Oeste e Cia,10002490000130,MEI,ARACATUBA,15,Olivia Prado,Comercio e Servicos,Participante,0,0,,,0,0,1,47.08
2491,Transportes Oeste ME,10002491000137,GRANDE,MARILIA,9,Iara Costa,Tecnologia e Inovacao,Sem atendimento,0,0,,,0,0,0,
2492,Alimentos Central e Cia,10002492000144,ME,RIBEIRAO PRETO,9,Iara Costa,Tecnologia e Inovacao,Participante,0,0,,,0,0,0,
2493,Transportes Oeste Ltda,10002493000151,ME,FRANCA,11,Karina Reis,Atendimento ao Cliente,Participante,0,0,,,0,0,0,
2494,Transportes Souza Ltda,10002494000158,MEI,RIBEIRAO PRETO,1,Ana Souza,Comercio e Servicos,Participante,0,0,,,0,0,1,21.97
2495,Distribuidora Norte ME,10002495000165,MEI,ARACATUBA,4,Diego Alves,Atendimento ao Cliente,Participante,0,1,,Plano A - Crescimento,0,1,0,
2496,Construtora Central e Cia,10002496000172,MEDIA,PRESIDENTE PRUDENTE,10,Joao Pedro,Turismo e Agronegocio,Sem atendimento,0,0,,,0,0,1,13.72
2497,Tecnologia Norte EIRELI,10002497000179,MEI,BAURU,6,Fabio Nunes,Consultoria Especializada,Concluinte,1,0,Plano A - Crescimento,,1,1,1,25.61
2498,Comercial Souza ME,10002498000186,ME,PRESIDENTE PRUDENTE,8,Hugo Ramos,Comercio e Servicos,Participante,0,0,,,0,0,0,
2499,Papelaria Norte e Cia,10002499000193,MEI,SOROCABA,5,Elisa Rocha,Empreendedorismo Cultural,Participante,0,0,,,0,0,1,22.42
2500,Transportes Souza e Cia,10002500000100,MEI,RIBEIRAO PRETO,12,Lucas Barros,Empreendedorismo Cultural,Participante,0,0,,,0,0,1,43.96
