atendimento_id,cliente_id,centro_custo_id,produto_id,data_atendimento,frequencia,atendimento_valido,ativo
1,1,1,102,2025-12-10,1,1,1
2,2,2,101,2025-08-25,1,1,1
3,2,2,201,2025-10-26,1,1,1
4,3,7,402,2025-07-04,1,1,1
5,3,7,401,2026-01-29,1,0,1
6,3,7,402,2026-02-11,1,1,1
7,3,7,401,2025-08-30,1,0,1
8,3,7,401,2025-04-24,1,1,1
9,3,7,401,2025-04-23,1,1,1
10,4,5,102,2025-07-30,1,1,1
11,4,5,101,2025-06-22,1,1,1
12,4,5,102,2025-04-05,1,1,1
13,5,6,102,2026-01-11,1,1,1
14,5,6,201,2025-02-06,1,1,1
15,5,6,101,2025-10-27,1,1,1
16,5,6,101,2025-12-04,1,1,1
17,6,6,201,2025-11-05,1,1,1
18,6,6,302,2025-03-09,1,1,1
19,6,6,201,2025-02-21,1,1,1
20,7,6,301,2025-04-28,1,1,1
21,7,6,301,2025-05-27,1,1,1
22,8,2,102,2026-01-07,1,1,1
23,8,2,301,2025-09-10,1,1,1
24,8,2,301,2025-03-26,1,0,1
25,9,5,201,2025-12-25,1,1,1
26,9,5,302,2026-01-08,1,1,1
27,9,5,201,2025-03-15,1,1,1
28,9,5,101,2025-10-07,1,1,1
29,9,5,102,2025-05-25,1,1,1
30,10,6,101,2026-01-29,1,1,1
31,10,6,301,2025-11-17,1,1,1
32,10,6,301,2026-01-08,1,1,1
33,11,6,302,2025-12-27,1,1,1
34,11,6,101,2025-04-02,1,1,1
35,12,4,302,2025-12-07,1,1,1
36,12,4,301,2026-02-03,1,1,1
37,12,4,101,2025-09-14,1,1,1
38,12,4,301,2025-10-26,1,1,1
39,12,4,101,2025-12-19,1,1,1
40,12,4,301,2025-02-14,1,1,1
41,14,6,201,2025-02-15,1,1,1
42,15,4,201,2025-06-08,1,1,1
43,15,4,201,2025-02-25,1,1,1
44,15,4,201,2025-12-23,1,1,1
45,15,4,201,2025-04-24,1,1,1
46,16,6,301,2026-03-07,1,1,1
47,17,3,201,2025-11-03,1,1,1
48,17,3,102,2025-07-07,1,1,1
49,17,3,101,2025-03-19,1,1,1
50,17,3,301,2025-10-13,1,1,1
51,18,3,201,2025-10-07,1,1,1
52,18,3,201,2025-09-13,1,1,1
53,18,3,201,2025-04-28,1,1,1
54,19,1,302,2025-10-18,1,1,1
55,19,1,302,2025-11-14,1,1,1
56,20,7,401,2026-01-31,1,1,1
57,20,7,402,2025-04-16,1,1,1
58,20,7,402,2025-08-23,1,1,1
59,22,6,201,2025-09-15,1,1,1
60,22,6,101,2025-04-21,1,1,1
61,23,3,301,2026-01-22,1,1,1
62,23,3,102,2025-05-27,1,1,1
63,23,3,301,2025-05-22,1,1,1
64,23,3,102,2025-06-05,1,0,1
65,24,7,402,2025-11-18,1,1,1
66,24,7,401,2025-10-24,1,1,1
67,24,7,402,2025-08-18,1,1,1
68,24,7,402,2025-08-06,1,1,1
69,24,7,402,2025-08-06,1,1,1
70,24,7,401,2025-08-02,1,1,1
71,26,6,302,2025-03-22,1,1,1
72,26,6,302,2025-11-02,1,1,1
73,26,6,201,2025-12-07,1,1,1
74,26,6,102,2026-02-03,1,1,1
75,27,6,301,2025-02-28,1,1,1
76,27,6,301,2025-10-13,1,1,1
77,27,6,302,2025-04-29,1,1,1
78,27,6,101,2025-11-14,1,1,1
79,28,6,102,2025-08-01,1,0,1
80,28,6,101,2025-06-22,1,1,1
81,28,6,302,2026-02-08,1,1,1
82,28,6,101,2025-10-10,1,1,1
83,29,4,102,2025-07-09,1,1,1
84,29,4,302,2025-07-06,1,1,1
85,29,4,201,2025-10-19,1,1,1
86,31,6,101,2025-02-28,1,1,1
87,32,5,101,2025-03-09,1,1,1
88,32,5,302,2025-08-31,1,0,1
89,32,5,102,2025-06-08,1,1,1
90,32,5,302,2025-05-03,1,1,1
91,33,2,101,2025-03-21,1,1,1
92,33,2,301,2026-01-17,1,1,1
93,33,2,301,2025-08-15,1,1,1
94,33,2,301,2025-07-26,1,1,1
95,33,2,102,2025-08-01,1,1,1
96,34,7,402,2025-06-14,1,1,1
97,35,2,101,2026-02-20,1,1,1
98,35,2,101,2025-02-11,1,1,1
99,36,1,201,2025-02-01,1,1,1
100,36,1,302,2025-07-18,1,0,1
101,36,1,301,2025-11-18,1,1,1
102,36,1,302,2025-03-08,1,1,1
103,36,1,102,2025-12-15,1,1,1
104,37,4,101,2025-04-21,1,1,1
105,37,4,302,2025-05-02,1,1,1
106,37,4,301,2026-03-03,1,1,1
107,38,4,101,2025-11-03,1,1,1
108,39,2,201,2026-01-16,1,1,1
109,39,2,102,2025-04-27,1,1,1
110,39,2,101,2025-12-06,1,1,1
111,39,2,102,2025-07-23,1,1,1
112,39,2,301,2025-11-08,1,1,1
113,40,3,302,2025-06-07,1,0,1
114,40,3,201,2025-10-10,1,1,1
115,40,3,102,2025-02-22,1,1,1
116,40,3,201,2025-10-04,1,0,1
117,40,3,302,2025-10-25,1,1,1
118,41,6,302,2026-01-26,1,1,1
119,42,5,102,2025-04-11,1,1,1
120,42,5,301,2025-06-30,1,1,1
121,42,5,301,2025-08-13,1,1,1
122,43,2,101,2025-10-06,1,1,1
123,44,6,201,2026-01-24,1,1,1
124,44,6,101,2025-02-22,1,1,1
125,44,6,102,2025-07-08,1,1,1
126,45,6,201,2025-11-01,1,1,1
127,45,6,101,2025-07-06,1,0,1
128,45,6,301,2025-11-03,1,1,1
129,45,6,101,2026-01-17,1,1,1
130,45,6,301,2025-10-27,1,1,1
131,46,6,102,2025-05-07,1,1,1
132,46,6,102,2025-03-10,1,1,1
133,46,6,102,2025-11-20,1,1,1
134,46,6,302,2025-08-15,1,0,1
135,46,6,102,2025-04-01,1,1,1
136,47,1,201,2025-08-19,1,1,1
137,47,1,102,2025-08-25,1,1,1
138,47,1,101,2025-12-04,1,1,1
139,47,1,102,2025-06-13,1,1,1
140,47,1,301,2026-01-30,1,1,1
141,48,6,201,2025-02-06,1,1,1
142,48,6,301,2025-08-13,1,1,1
143,48,6,201,2025-05-09,1,1,1
144,48,6,301,2025-02-06,1,1,1
145,48,6,301,2026-02-28,1,0,1
146,49,3,101,2025-10-09,1,1,1
147,49,3,101,2025-07-18,1,1,1
148,49,3,102,2025-06-12,1,1,1
149,50,6,201,2025-06-26,1,1,1
150,50,6,302,2026-02-25,1,1,1
151,50,6,101,2025-05-15,1,1,1
152,50,6,101,2025-10-13,1,1,1
153,50,6,102,2025-02-19,1,1,1
154,50,6,301,2025-03-30,1,1,1
155,51,7,401,2025-03-07,1,1,1
156,53,5,102,2026-03-01,1,1,1
157,53,5,101,2025-10-16,1,1,1
158,53,5,102,2026-02-07,1,1,1
159,54,6,102,2025-06-09,1,1,1
160,54,6,102,2025-05-14,1,1,1
161,55,2,301,2025-06-30,1,1,1
162,55,2,302,2025-05-06,1,0,1
163,55,2,102,2026-02-05,1,1,1
164,55,2,301,2025-09-14,1,0,1
165,55,2,101,2025-12-06,1,1,1
166,56,6,102,2025-07-13,1,1,1
167,56,6,101,2025-03-06,1,1,1
168,56,6,301,2025-02-09,1,1,1
169,57,2,201,2025-03-26,1,0,1
170,57,2,102,2025-02-02,1,0,1
171,57,2,302,2025-08-18,1,0,1
172,58,1,101,2025-03-10,1,1,1
173,58,1,101,2025-10-02,1,1,1
174,58,1,302,2025-06-25,1,1,1
175,58,1,302,2026-02-19,1,1,1
176,59,7,402,2025-12-23,1,1,1
177,59,7,402,2025-04-20,1,1,1
178,60,3,102,2026-02-10,1,1,1
179,60,3,102,2025-08-18,1,1,1
180,60,3,201,2025-08-08,1,1,1
181,61,4,102,2025-08-30,1,0,1
182,61,4,302,2025-08-25,1,1,1
183,61,4,102,2025-07-31,1,1,1
184,61,4,102,2025-09-04,1,1,1
185,62,7,402,2025-09-26,1,1,1
186,62,7,402,2026-01-07,1,1,1
187,62,7,402,2025-10-30,1,1,1
188,62,7,401,2026-01-31,1,1,1
189,62,7,401,2026-02-09,1,1,1
190,63,6,301,2026-02-27,1,1,1
191,63,6,301,2025-07-08,1,1,1
192,63,6,102,2025-09-29,1,1,1
193,63,6,101,2025-09-20,1,1,1
194,64,7,401,2025-11-10,1,1,1
195,64,7,401,2025-10-23,1,1,1
196,65,7,401,2026-01-08,1,1,1
197,65,7,401,2026-02-17,1,1,1
198,65,7,401,2025-11-22,1,1,1
199,66,1,301,2025-06-06,1,1,1
200,66,1,102,2025-10-08,1,1,1
201,66,1,201,2026-02-26,1,1,1
202,66,1,302,2025-12-19,1,1,1
203,67,6,101,2025-02-05,1,1,1
204,67,6,101,2025-03-19,1,1,1
205,67,6,201,2025-08-02,1,1,1
206,67,6,102,2025-05-21,1,1,1
207,67,6,201,2025-08-05,1,1,1
208,68,5,301,2026-01-27,1,1,1
209,68,5,102,2025-03-24,1,1,1
210,68,5,302,2025-04-19,1,1,1
211,69,2,102,2025-12-19,1,1,1
212,70,6,101,2025-04-17,1,1,1
213,70,6,301,2025-02-21,1,1,1
214,70,6,102,2025-10-01,1,1,1
215,71,1,302,2025-08-05,1,1,1
216,71,1,301,2025-05-05,1,1,1
217,72,2,302,2025-07-24,1,1,1
218,72,2,101,2025-03-08,1,1,1
219,72,2,102,2025-07-04,1,1,1
220,73,1,102,2025-07-15,1,1,1
221,73,1,201,2025-03-15,1,1,1
222,73,1,201,2025-10-12,1,1,1
223,73,1,101,2025-11-30,1,1,1
224,74,2,201,2025-06-24,1,1,1
225,74,2,302,2025-02-13,1,1,1
226,75,1,102,2025-06-15,1,1,1
227,75,1,301,2025-07-23,1,1,1
228,75,1,101,2026-02-24,1,1,1
229,76,2,302,2025-12-17,1,0,1
230,76,2,101,2025-02-10,1,1,1
231,76,2,201,2025-09-29,1,1,1
232,76,2,301,2026-01-22,1,1,1
233,77,7,402,2025-09-06,1,1,1
234,77,7,402,2025-04-09,1,1,1
235,77,7,402,2025-11-10,1,1,1
236,77,7,401,2025-06-17,1,1,1
237,78,7,402,2025-03-31,1,1,1
238,80,1,101,2025-03-06,1,1,1
239,81,1,101,2025-02-07,1,0,1
240,82,6,102,2025-09-24,1,1,1
241,82,6,201,2025-03-27,1,1,1
242,82,6,302,2026-01-27,1,1,1
243,82,6,102,2026-02-17,1,1,1
244,83,1,101,2026-01-18,1,0,1
245,83,1,102,2026-02-03,1,1,1
246,83,1,101,2025-12-18,1,1,1
247,83,1,302,2025-05-13,1,1,1
248,83,1,301,2025-05-07,1,1,1
249,84,6,301,2025-02-04,1,1,1
250,84,6,101,2025-05-13,1,1,1
251,84,6,201,2025-11-05,1,1,1
252,86,1,102,2025-07-15,1,1,1
253,87,1,301,2025-12-01,1,1,1
254,87,1,201,2025-10-18,1,1,1
255,87,1,201,2025-06-09,1,1,1
256,87,1,201,2025-10-30,1,1,1
257,89,6,102,2025-03-05,1,0,1
258,89,6,301,2026-02-11,1,1,1
259,89,6,101,2025-09-09,1,1,1
260,89,6,101,2026-02-02,1,1,1
261,89,6,301,2026-02-17,1,0,1
262,91,5,302,2025-03-06,1,1,1
263,91,5,302,2025-07-14,1,1,1
264,92,7,402,2025-10-09,1,1,1
265,92,7,402,2026-02-17,1,1,1
266,92,7,401,2025-04-29,1,1,1
267,94,4,201,2025-08-26,1,1,1
268,94,4,301,2025-09-26,1,1,1
269,95,2,301,2025-04-13,1,1,1
270,95,2,201,2025-12-21,1,1,1
271,95,2,102,2025-02-08,1,1,1
272,96,6,102,2025-05-06,1,1,1
273,96,6,102,2025-08-20,1,1,1
274,96,6,301,2025-07-23,1,1,1
275,97,7,401,2025-11-09,1,1,1
276,98,2,302,2025-09-10,1,1,1
277,98,2,301,2025-04-23,1,1,1
278,99,2,101,2025-07-16,1,0,1
279,99,2,301,2025-04-14,1,1,1
280,99,2,102,2025-10-12,1,1,1
281,100,4,101,2025-12-21,1,1,1
282,100,4,102,2025-07-10,1,1,1
283,100,4,302,2025-04-04,1,1,1
284,100,4,302,2025-06-25,1,1,1
285,101,6,201,2025-10-01,1,1,1
286,101,6,101,2025-08-09,1,0,1
287,102,2,102,2025-07-11,1,1,1
288,102,2,301,2025-11-12,1,1,1
289,103,5,102,2025-07-15,1,1,1
290,103,5,302,2025-05-29,1,1,1
291,104,6,102,2025-09-29,1,1,1
292,104,6,101,2025-03-21,1,1,1
293,104,6,301,2025-12-17,1,1,1
294,104,6,201,2025-10-10,1,1,1
295,105,6,301,2025-05-10,1,1,1
296,105,6,201,2025-08-06,1,1,1
297,105,6,101,2025-05-26,1,1,1
298,106,4,302,2025-04-16,1,1,1
299,106,4,201,2025-10-07,1,1,1
300,106,4,201,2025-11-02,1,1,1
301,107,5,302,2026-02-11,1,1,1
302,109,6,301,2025-02-06,1,1,1
303,109,6,201,2025-04-15,1,1,1
304,109,6,201,2025-12-31,1,0,1
305,109,6,301,2025-09-27,1,0,1
306,109,6,102,2025-08-15,1,1,1
307,110,7,401,2025-09-22,1,1,1
308,110,7,402,2025-12-08,1,1,1
309,110,7,402,2025-11-28,1,1,1
310,111,1,101,2025-11-10,1,1,1
311,112,2,301,2025-12-19,1,1,1
312,112,2,301,2025-08-22,1,1,1
313,112,2,102,2026-02-25,1,1,1
314,114,1,102,2025-03-07,1,1,1
315,114,1,102,2025-10-26,1,1,1
316,115,3,201,2025-07-24,1,1,1
317,117,2,301,2025-10-27,1,1,1
318,117,2,301,2025-08-22,1,1,1
319,118,1,301,2026-02-26,1,1,1
320,118,1,201,2025-03-01,1,1,1
321,118,1,302,2025-12-27,1,0,1
322,118,1,102,2025-02-22,1,1,1
323,119,1,102,2025-07-16,1,1,1
324,120,7,402,2026-01-09,1,1,1
325,120,7,402,2025-02-21,1,1,1
326,121,1,102,2025-02-04,1,1,1
327,122,2,302,2025-04-26,1,1,1
328,122,2,301,2025-11-02,1,1,1
329,124,6,302,2025-08-18,1,1,1
330,124,6,102,2026-02-22,1,1,1
331,124,6,302,2025-05-12,1,1,1
332,125,4,101,2025-09-20,1,1,1
333,125,4,101,2025-12-31,1,1,1
334,126,3,102,2025-08-18,1,1,1
335,126,3,101,2025-05-17,1,1,1
336,126,3,102,2026-02-12,1,1,1
337,126,3,201,2026-01-12,1,1,1
338,127,6,201,2025-12-29,1,1,1
339,128,6,102,2025-07-09,1,1,1
340,128,6,101,2025-05-04,1,1,1
341,128,6,201,2026-02-04,1,1,1
342,130,5,102,2025-10-04,1,1,1
343,130,5,302,2026-01-08,1,1,1
344,131,1,302,2025-02-01,1,1,1
345,131,1,101,2025-02-06,1,1,1
346,131,1,201,2025-07-06,1,1,1
347,131,1,301,2025-11-18,1,1,1
348,131,1,102,2025-08-08,1,1,1
349,132,2,201,2025-09-02,1,0,1
350,133,6,101,2025-06-15,1,1,1
351,133,6,301,2025-05-16,1,1,1
352,133,6,101,2026-02-17,1,1,1
353,133,6,101,2025-10-02,1,1,1
354,134,1,102,2025-11-24,1,1,1
355,135,4,101,2025-10-04,1,1,1
356,135,4,101,2025-04-20,1,1,1
357,135,4,102,2026-01-14,1,0,1
358,135,4,301,2025-10-13,1,0,1
359,136,7,401,2025-11-23,1,1,1
360,136,7,401,2026-03-02,1,1,1
361,136,7,402,2026-02-04,1,1,1
362,137,6,201,2025-05-08,1,1,1
363,137,6,102,2025-02-01,1,1,1
364,137,6,101,2025-09-11,1,1,1
365,138,7,401,2025-03-18,1,1,1
366,138,7,402,2025-09-30,1,1,1
367,138,7,401,2025-08-10,1,1,1
368,139,4,201,2025-11-25,1,1,1
369,139,4,301,2025-07-28,1,1,1
370,139,4,201,2026-01-11,1,1,1
371,139,4,301,2025-08-28,1,1,1
372,140,3,302,2025-04-12,1,1,1
373,140,3,201,2025-12-28,1,1,1
374,141,6,101,2025-12-18,1,1,1
375,141,6,102,2025-11-04,1,1,1
376,141,6,102,2025-11-21,1,1,1
377,142,2,101,2025-03-30,1,1,1
378,143,1,302,2025-11-09,1,0,1
379,143,1,102,2026-01-17,1,1,1
380,143,1,201,2025-07-17,1,1,1
381,143,1,201,2025-08-22,1,1,1
382,143,1,302,2025-08-21,1,1,1
383,143,1,102,2026-02-19,1,1,1
384,144,1,301,2026-01-22,1,1,1
385,144,1,102,2025-10-17,1,1,1
386,145,7,401,2025-07-07,1,1,1
387,145,7,401,2025-07-06,1,1,1
388,145,7,401,2025-03-22,1,1,1
389,145,7,401,2025-02-16,1,0,1
390,146,1,101,2025-09-20,1,0,1
391,146,1,101,2025-08-03,1,1,1
392,147,2,201,2025-05-18,1,1,1
393,147,2,201,2025-11-29,1,1,1
394,147,2,301,2025-12-01,1,1,1
395,147,2,101,2025-02-17,1,1,1
396,148,6,201,2025-08-16,1,1,1
397,148,6,302,2025-09-05,1,1,1
398,148,6,302,2025-07-30,1,1,1
399,149,7,402,2025-10-08,1,0,1
400,149,7,401,2025-11-06,1,1,1
401,149,7,401,2026-02-06,1,1,1
402,149,7,401,2026-02-19,1,1,1
403,149,7,402,2025-09-29,1,1,1
404,151,7,402,2026-01-17,1,1,1
405,151,7,401,2026-01-12,1,1,1
406,152,7,401,2026-01-23,1,1,1
407,152,7,402,2025-11-02,1,1,1
408,152,7,401,2025-04-02,1,1,1
409,152,7,402,2025-09-20,1,1,1
410,153,1,201,2025-09-07,1,1,1
411,153,1,101,2025-03-12,1,1,1
412,154,3,101,2026-02-17,1,1,1
413,155,4,101,2025-05-26,1,1,1
414,155,4,201,2025-11-26,1,1,1
415,155,4,301,2025-09-16,1,1,1
416,155,4,101,2025-04-13,1,1,1
417,156,6,301,2026-01-24,1,1,1
418,157,6,301,2025-06-23,1,1,1
419,157,6,301,2025-09-05,1,1,1
420,159,6,301,2025-06-05,1,1,1
421,160,1,101,2025-11-20,1,1,1
422,160,1,102,2025-09-17,1,1,1
423,160,1,302,2025-06-15,1,1,1
424,160,1,301,2026-01-03,1,0,1
425,160,1,102,2025-04-01,1,1,1
426,161,1,102,2026-02-18,1,1,1
427,161,1,301,2025-03-03,1,0,1
428,161,1,302,2025-03-30,1,1,1
429,162,6,201,2025-04-12,1,1,1
430,162,6,201,2025-10-04,1,1,1
431,162,6,102,2025-10-02,1,1,1
432,163,3,102,2025-12-22,1,1,1
433,163,3,302,2025-03-09,1,1,1
434,163,3,102,2025-10-20,1,1,1
435,164,2,302,2025-03-10,1,1,1
436,165,5,301,2025-08-05,1,1,1
437,165,5,102,2025-08-28,1,1,1
438,165,5,101,2025-02-22,1,1,1
439,166,7,401,2025-08-11,1,1,1
440,166,7,402,2025-05-27,1,1,1
441,166,7,401,2025-10-19,1,1,1
442,166,7,402,2026-02-22,1,1,1
443,166,7,401,2025-10-25,1,1,1
444,167,2,302,2025-03-06,1,0,1
445,167,2,302,2026-03-05,1,1,1
446,168,2,201,2025-09-26,1,1,1
447,170,4,302,2025-07-08,1,1,1
448,170,4,301,2025-08-17,1,1,1
449,170,4,302,2026-01-16,1,1,1
450,170,4,302,2025-11-21,1,1,1
451,170,4,102,2025-03-19,1,1,1
452,170,4,301,2025-10-31,1,1,1
453,171,2,201,2025-06-28,1,1,1
454,171,2,302,2025-07-11,1,1,1
455,171,2,201,2025-11-17,1,1,1
456,172,6,201,2025-08-30,1,1,1
457,173,6,102,2025-04-13,1,1,1
458,173,6,201,2026-01-18,1,1,1
459,174,6,301,2025-04-30,1,1,1
460,174,6,101,2025-06-30,1,1,1
461,175,5,201,2025-12-29,1,1,1
462,175,5,301,2025-08-20,1,1,1
463,175,5,301,2025-11-18,1,1,1
464,176,6,201,2025-06-10,1,1,1
465,176,6,101,2025-11-09,1,1,1
466,176,6,301,2025-05-08,1,0,1
467,177,4,301,2025-11-09,1,1,1
468,177,4,302,2025-10-20,1,1,1
469,177,4,302,2025-06-17,1,1,1
470,177,4,101,2025-12-19,1,1,1
471,178,6,301,2025-07-11,1,1,1
472,178,6,101,2025-04-04,1,1,1
473,178,6,201,2025-02-28,1,1,1
474,178,6,101,2025-06-23,1,1,1
475,178,6,101,2025-06-18,1,1,1
476,178,6,102,2026-02-16,1,1,1
477,179,3,302,2025-03-30,1,0,1
478,179,3,201,2026-02-04,1,1,1
479,179,3,201,2025-06-04,1,1,1
480,179,3,102,2025-12-07,1,1,1
481,180,5,201,2025-04-19,1,1,1
482,180,5,101,2025-07-13,1,1,1
483,180,5,102,2025-08-16,1,1,1
484,181,1,101,2025-12-12,1,1,1
485,182,6,101,2025-08-28,1,1,1
486,182,6,102,2025-12-10,1,1,1
487,182,6,102,2025-05-24,1,1,1
488,182,6,201,2025-06-03,1,1,1
489,182,6,201,2025-12-05,1,1,1
490,182,6,301,2025-05-30,1,1,1
491,183,2,301,2026-02-14,1,1,1
492,184,7,402,2026-01-11,1,1,1
493,184,7,402,2025-10-27,1,1,1
494,184,7,402,2025-10-14,1,1,1
495,184,7,402,2025-12-08,1,1,1
496,184,7,401,2026-01-27,1,1,1
497,186,7,402,2025-07-11,1,1,1
498,186,7,402,2025-06-08,1,1,1
499,186,7,402,2025-08-14,1,1,1
500,186,7,402,2026-01-18,1,1,1
501,186,7,401,2025-03-06,1,1,1
502,187,2,302,2025-08-15,1,1,1
503,187,2,101,2026-02-06,1,1,1
504,187,2,301,2025-03-18,1,1,1
505,188,3,201,2025-06-14,1,1,1
506,188,3,301,2025-05-24,1,1,1
507,188,3,302,2025-12-04,1,1,1
508,189,3,301,2026-02-25,1,1,1
509,189,3,102,2025-04-23,1,1,1
510,189,3,101,2025-11-11,1,1,1
511,192,7,402,2025-09-12,1,1,1
512,192,7,402,2025-05-07,1,1,1
513,192,7,401,2025-04-27,1,1,1
514,192,7,401,2025-03-20,1,1,1
515,192,7,401,2026-03-08,1,1,1
516,193,4,302,2025-09-05,1,1,1
517,193,4,102,2025-05-12,1,1,1
518,193,4,302,2025-03-07,1,1,1
519,193,4,101,2026-03-08,1,1,1
520,194,2,302,2026-02-06,1,1,1
521,195,3,101,2025-04-29,1,1,1
522,197,1,301,2025-02-25,1,1,1
523,197,1,301,2025-04-09,1,1,1
524,197,1,102,2025-08-08,1,1,1
525,198,4,102,2026-01-30,1,1,1
526,198,4,101,2025-04-24,1,1,1
527,198,4,302,2025-03-07,1,1,1
528,199,3,201,2025-10-09,1,1,1
529,199,3,301,2026-02-07,1,1,1
530,199,3,301,2025-09-27,1,1,1
531,199,3,302,2025-12-08,1,1,1
532,199,3,302,2026-02-19,1,1,1
533,199,3,301,2025-10-27,1,1,1
534,200,2,102,2025-05-17,1,1,1
535,200,2,101,2025-08-08,1,1,1
536,200,2,201,2025-08-31,1,1,1
537,200,2,301,2025-08-11,1,1,1
538,200,2,101,2025-05-13,1,1,1
539,201,2,102,2025-11-30,1,1,1
540,201,2,102,2025-07-05,1,1,1
541,201,2,301,2025-02-09,1,1,1
542,201,2,102,2025-06-10,1,1,1
543,202,7,402,2025-09-26,1,1,1
544,202,7,401,2025-02-27,1,1,1
545,202,7,401,2025-12-25,1,1,1
546,203,6,101,2025-08-17,1,1,1
547,203,6,301,2025-07-01,1,0,1
548,203,6,201,2025-11-10,1,1,1
549,203,6,301,2025-10-04,1,0,1
550,203,6,101,2025-05-11,1,1,1
551,204,3,101,2026-01-31,1,1,1
552,204,3,302,2025-02-13,1,1,1
553,205,6,101,2025-07-22,1,1,1
554,205,6,302,2025-12-16,1,1,1
555,205,6,201,2025-02-27,1,1,1
556,206,2,301,2025-10-22,1,1,1
557,206,2,101,2025-11-08,1,1,1
558,206,2,302,2025-04-20,1,1,1
559,206,2,301,2026-02-01,1,1,1
560,207,6,102,2025-05-12,1,1,1
561,207,6,101,2025-06-22,1,1,1
562,207,6,301,2025-02-23,1,1,1
563,208,3,301,2025-09-02,1,1,1
564,208,3,102,2025-11-18,1,1,1
565,209,1,101,2025-02-20,1,1,1
566,209,1,201,2025-03-06,1,1,1
567,210,5,301,2026-01-09,1,1,1
568,212,6,201,2025-11-08,1,1,1
569,212,6,201,2025-07-18,1,1,1
570,212,6,302,2026-01-16,1,1,1
571,212,6,302,2025-06-23,1,1,1
572,212,6,302,2025-06-06,1,1,1
573,213,2,301,2025-10-19,1,1,1
574,214,7,402,2025-06-12,1,1,1
575,214,7,401,2025-11-12,1,1,1
576,215,3,301,2025-03-23,1,1,1
577,216,6,301,2025-09-03,1,1,1
578,216,6,302,2025-03-14,1,1,1
579,216,6,102,2025-10-05,1,1,1
580,216,6,101,2025-03-02,1,1,1
581,217,7,402,2025-02-16,1,1,1
582,217,7,402,2025-04-02,1,1,1
583,217,7,402,2025-10-10,1,1,1
584,218,7,402,2025-06-01,1,1,1
585,218,7,402,2025-04-26,1,1,1
586,218,7,402,2025-07-18,1,1,1
587,218,7,402,2025-03-24,1,1,1
588,218,7,401,2026-02-13,1,1,1
589,220,7,401,2025-02-02,1,1,1
590,220,7,402,2025-04-10,1,1,1
591,220,7,402,2025-08-07,1,1,1
592,221,6,101,2025-07-09,1,1,1
593,221,6,201,2025-11-26,1,1,1
594,221,6,101,2025-12-12,1,1,1
595,221,6,101,2025-05-10,1,1,1
596,222,7,401,2025-06-30,1,1,1
597,222,7,401,2025-06-26,1,1,1
598,222,7,401,2025-12-08,1,0,1
599,222,7,402,2026-03-05,1,1,1
600,223,2,302,2025-06-26,1,1,1
601,223,2,101,2025-07-24,1,1,1
602,223,2,102,2025-09-20,1,1,1
603,223,2,201,2025-07-07,1,1,1
604,224,7,401,2025-07-09,1,1,1
605,224,7,402,2025-09-25,1,1,1
606,225,1,101,2025-04-02,1,0,1
607,226,3,102,2025-06-25,1,1,1
608,227,6,302,2025-10-05,1,1,1
609,227,6,301,2025-12-27,1,1,1
610,227,6,302,2025-07-05,1,1,1
611,227,6,102,2026-01-02,1,1,1
612,230,1,101,2025-06-10,1,1,1
613,231,4,301,2025-07-16,1,1,1
614,231,4,301,2025-07-18,1,1,1
615,232,6,201,2026-02-20,1,1,1
616,232,6,302,2025-05-06,1,1,1
617,232,6,101,2025-04-26,1,1,1
618,232,6,201,2025-10-08,1,1,1
619,233,6,101,2025-06-03,1,1,1
620,233,6,302,2025-06-23,1,1,1
621,233,6,102,2025-09-02,1,1,1
622,233,6,101,2025-12-21,1,1,1
623,233,6,201,2025-12-12,1,1,1
624,234,1,301,2025-10-15,1,1,1
625,234,1,102,2025-07-21,1,1,1
626,235,6,302,2025-10-29,1,1,1
627,235,6,302,2025-12-11,1,1,1
628,235,6,102,2026-02-10,1,1,1
629,235,6,101,2026-02-04,1,1,1
630,236,5,301,2025-07-21,1,0,1
631,236,5,101,2025-12-19,1,1,1
632,236,5,101,2025-09-02,1,1,1
633,237,6,201,2025-05-26,1,1,1
634,237,6,301,2025-12-31,1,1,1
635,237,6,101,2026-01-09,1,1,1
636,237,6,302,2025-06-16,1,1,1
637,237,6,101,2025-02-21,1,1,1
638,238,3,301,2025-02-25,1,0,1
639,239,5,302,2025-02-09,1,1,1
640,239,5,302,2026-02-11,1,1,1
641,239,5,201,2026-01-06,1,1,1
642,239,5,101,2025-11-25,1,1,1
643,239,5,102,2025-11-10,1,1,1
644,239,5,201,2025-06-01,1,1,1
645,240,7,401,2025-05-14,1,1,1
646,240,7,401,2025-03-13,1,1,1
647,240,7,402,2025-10-04,1,1,1
648,240,7,401,2026-02-19,1,1,1
649,240,7,402,2025-06-30,1,1,1
650,241,3,301,2025-04-25,1,1,1
651,241,3,201,2025-06-28,1,1,1
652,241,3,201,2026-01-21,1,1,1
653,241,3,302,2025-03-12,1,1,1
654,242,1,102,2026-03-02,1,0,1
655,242,1,201,2025-03-31,1,1,1
656,242,1,301,2025-10-15,1,1,1
657,242,1,302,2025-04-04,1,1,1
658,242,1,301,2025-06-23,1,1,1
659,242,1,101,2025-03-20,1,1,1
660,243,3,302,2026-02-07,1,1,1
661,243,3,101,2025-12-15,1,1,1
662,244,1,102,2025-04-24,1,1,1
663,244,1,302,2025-11-01,1,1,1
664,244,1,102,2026-02-23,1,1,1
665,244,1,201,2025-08-19,1,0,1
666,245,3,302,2025-08-26,1,1,1
667,245,3,102,2025-12-15,1,1,1
668,245,3,301,2026-02-18,1,1,1
669,245,3,101,2026-02-17,1,1,1
670,246,7,402,2025-08-08,1,1,1
671,247,1,301,2025-11-20,1,1,1
672,248,6,301,2025-02-04,1,1,1
673,248,6,201,2025-03-16,1,1,1
674,249,1,302,2025-10-12,1,1,1
675,250,6,101,2025-02-17,1,1,1
676,250,6,201,2025-11-02,1,1,1
677,250,6,301,2025-03-27,1,1,1
678,252,2,301,2025-06-24,1,1,1
679,252,2,201,2025-03-11,1,1,1
680,253,6,301,2025-07-04,1,1,1
681,253,6,301,2025-06-26,1,0,1
682,253,6,201,2025-03-20,1,1,1
683,253,6,102,2025-12-06,1,1,1
684,253,6,302,2025-08-05,1,1,1
685,253,6,101,2025-06-16,1,1,1
686,254,3,102,2025-11-26,1,1,1
687,254,3,101,2025-06-22,1,1,1
688,254,3,201,2025-11-09,1,1,1
689,254,3,302,2025-03-13,1,1,1
690,255,6,302,2025-03-24,1,1,1
691,255,6,301,2025-02-21,1,1,1
692,255,6,201,2025-09-04,1,1,1
693,255,6,101,2025-06-18,1,1,1
694,256,3,101,2025-11-29,1,1,1
695,256,3,101,2025-10-03,1,1,1
696,256,3,101,2025-08-04,1,1,1
697,256,3,301,2025-06-16,1,1,1
698,257,6,101,2025-05-06,1,1,1
699,258,1,301,2026-01-29,1,1,1
700,258,1,102,2026-01-16,1,1,1
701,258,1,302,2025-08-28,1,1,1
702,260,5,102,2025-06-02,1,1,1
703,260,5,101,2025-12-11,1,1,1
704,260,5,301,2025-10-29,1,1,1
705,261,4,302,2025-11-24,1,1,1
706,261,4,201,2025-12-13,1,1,1
707,263,4,302,2025-03-31,1,1,1
708,264,5,201,2025-11-23,1,1,1
709,264,5,102,2025-11-25,1,1,1
710,265,6,102,2025-05-30,1,1,1
711,266,1,301,2025-05-23,1,1,1
712,266,1,201,2025-11-22,1,1,1
713,266,1,101,2026-02-03,1,1,1
714,266,1,101,2025-02-08,1,1,1
715,266,1,301,2025-05-17,1,1,1
716,266,1,301,2026-02-06,1,1,1
717,267,2,201,2025-08-13,1,1,1
718,267,2,302,2025-09-16,1,1,1
719,267,2,102,2025-04-16,1,1,1
720,268,3,102,2025-06-21,1,1,1
721,269,6,301,2025-03-04,1,1,1
722,269,6,101,2025-10-27,1,1,1
723,269,6,201,2025-03-29,1,1,1
724,270,4,201,2026-03-01,1,1,1
725,270,4,101,2026-02-26,1,1,1
726,270,4,302,2025-09-21,1,0,1
727,270,4,201,2025-05-26,1,1,1
728,270,4,301,2025-06-22,1,1,1
729,271,4,102,2025-09-13,1,1,1
730,271,4,102,2025-06-01,1,0,1
731,271,4,301,2025-11-10,1,1,1
732,271,4,302,2025-04-16,1,1,1
733,271,4,101,2025-08-09,1,1,1
734,272,6,201,2025-10-23,1,1,1
735,272,6,201,2025-02-11,1,1,1
736,272,6,101,2025-03-27,1,1,1
737,273,4,102,2026-01-09,1,1,1
738,273,4,302,2025-11-22,1,1,1
739,274,6,301,2025-02-02,1,1,1
740,274,6,102,2025-07-18,1,1,1
741,274,6,302,2025-07-25,1,1,1
742,274,6,101,2025-05-07,1,1,1
743,275,6,201,2025-06-20,1,1,1
744,276,7,401,2025-12-17,1,1,1
745,276,7,401,2025-07-17,1,1,1
746,276,7,401,2025-08-02,1,1,1
747,277,5,201,2025-09-09,1,1,1
748,277,5,302,2025-03-12,1,0,1
749,277,5,101,2025-04-12,1,1,1
750,278,1,301,2026-02-14,1,1,1
751,278,1,101,2025-11-08,1,1,1
752,279,1,102,2025-03-22,1,1,1
753,279,1,101,2025-11-28,1,1,1
754,279,1,301,2025-06-24,1,1,1
755,280,7,401,2025-06-02,1,1,1
756,280,7,401,2025-06-09,1,1,1
757,280,7,401,2026-01-19,1,0,1
758,281,5,101,2025-10-09,1,1,1
759,281,5,102,2025-07-20,1,1,1
760,282,5,201,2026-01-23,1,0,1
761,283,6,302,2025-02-14,1,1,1
762,283,6,101,2025-11-20,1,1,1
763,285,3,102,2026-02-11,1,1,1
764,285,3,102,2025-05-19,1,1,1
765,286,4,101,2025-05-27,1,1,1
766,287,1,102,2026-02-23,1,1,1
767,287,1,201,2025-09-10,1,1,1
768,287,1,102,2025-04-23,1,1,1
769,288,1,201,2025-05-01,1,0,1
770,288,1,301,2026-02-27,1,1,1
771,288,1,102,2025-04-20,1,1,1
772,289,3,102,2025-10-25,1,1,1
773,289,3,302,2025-10-30,1,1,1
774,290,6,102,2025-12-02,1,1,1
775,290,6,302,2025-05-22,1,1,1
776,290,6,301,2025-12-10,1,1,1
777,290,6,301,2025-06-14,1,1,1
778,290,6,302,2026-02-11,1,1,1
779,291,1,301,2026-03-03,1,1,1
780,291,1,302,2025-03-19,1,1,1
781,291,1,302,2026-01-22,1,1,1
782,291,1,102,2025-05-29,1,1,1
783,292,2,301,2025-11-25,1,1,1
784,292,2,102,2025-05-04,1,0,1
785,292,2,302,2025-04-06,1,1,1
786,292,2,102,2025-10-19,1,1,1
787,293,1,302,2025-07-24,1,1,1
788,293,1,302,2025-06-13,1,1,1
789,293,1,201,2025-04-11,1,1,1
790,293,1,102,2025-10-10,1,0,1
791,293,1,102,2025-05-24,1,1,1
792,294,1,302,2025-09-05,1,1,1
793,294,1,302,2026-02-25,1,1,1
794,294,1,201,2026-01-15,1,1,1
795,294,1,201,2025-07-23,1,1,1
796,296,1,101,2025-04-26,1,1,1
797,296,1,302,2026-01-19,1,1,1
798,296,1,102,2025-03-23,1,1,1
799,296,1,301,2025-11-03,1,1,1
800,297,1,102,2025-07-11,1,1,1
801,297,1,301,2025-10-17,1,1,1
802,297,1,201,2025-06-14,1,1,1
803,298,6,302,2025-11-04,1,1,1
804,299,5,101,2026-02-26,1,1,1
805,299,5,201,2025-02-22,1,1,1
806,299,5,201,2025-02-21,1,1,1
807,301,1,101,2025-06-06,1,1,1
808,301,1,301,2025-07-25,1,1,1
809,301,1,101,2025-10-23,1,1,1
810,302,4,301,2025-06-01,1,1,1
811,302,4,301,2025-06-18,1,1,1
812,303,4,101,2025-04-29,1,1,1
813,303,4,302,2025-02-22,1,1,1
814,303,4,302,2025-12-18,1,1,1
815,304,7,401,2025-12-12,1,1,1
816,304,7,402,2025-02-09,1,1,1
817,304,7,401,2025-03-04,1,1,1
818,305,1,301,2025-10-29,1,1,1
819,305,1,101,2025-10-29,1,1,1
820,306,6,102,2025-10-01,1,1,1
821,306,6,301,2025-06-08,1,1,1
822,306,6,302,2026-02-03,1,1,1
823,306,6,102,2025-03-05,1,1,1
824,307,3,101,2025-08-24,1,1,1
825,307,3,302,2026-02-07,1,1,1
826,308,6,301,2025-02-11,1,1,1
827,309,5,102,2026-02-07,1,1,1
828,309,5,302,2025-03-26,1,1,1
829,310,3,301,2025-08-19,1,1,1
830,310,3,201,2025-12-21,1,1,1
831,311,6,201,2025-02-22,1,1,1
832,311,6,102,2025-05-29,1,1,1
833,312,4,302,2025-07-01,1,1,1
834,312,4,102,2026-02-09,1,1,1
835,312,4,101,2025-09-29,1,1,1
836,312,4,301,2025-06-24,1,1,1
837,313,1,101,2025-11-12,1,1,1
838,313,1,302,2025-06-22,1,1,1
839,313,1,201,2025-04-10,1,1,1
840,313,1,301,2026-01-23,1,1,1
841,313,1,101,2025-07-25,1,1,1
842,315,2,102,2025-05-22,1,1,1
843,315,2,102,2025-08-01,1,1,1
844,315,2,102,2025-06-12,1,1,1
845,315,2,302,2026-01-29,1,1,1
846,316,3,101,2026-01-31,1,1,1
847,317,6,101,2025-12-08,1,1,1
848,317,6,102,2025-03-19,1,1,1
849,317,6,102,2025-04-10,1,1,1
850,318,6,101,2025-02-18,1,1,1
851,318,6,101,2026-02-20,1,1,1
852,319,6,201,2025-03-21,1,1,1
853,319,6,301,2025-08-28,1,1,1
854,319,6,302,2025-10-27,1,1,1
855,320,1,102,2025-02-16,1,1,1
856,320,1,302,2026-03-06,1,1,1
857,320,1,301,2025-04-07,1,1,1
858,320,1,302,2025-02-07,1,1,1
859,320,1,102,2025-07-21,1,1,1
860,322,6,302,2026-02-07,1,1,1
861,322,6,301,2025-12-15,1,1,1
862,322,6,102,2025-12-10,1,1,1
863,322,6,201,2025-03-02,1,1,1
864,324,2,101,2025-05-27,1,1,1
865,324,2,102,2025-10-03,1,1,1
866,324,2,201,2025-11-28,1,1,1
867,325,3,102,2025-04-22,1,1,1
868,326,6,101,2025-06-21,1,1,1
869,326,6,201,2025-03-12,1,1,1
870,326,6,101,2025-02-19,1,1,1
871,326,6,201,2025-11-02,1,1,1
872,326,6,301,2025-02-22,1,1,1
873,327,2,102,2025-08-22,1,1,1
874,327,2,301,2026-02-16,1,1,1
875,327,2,101,2025-03-22,1,1,1
876,327,2,101,2025-09-07,1,1,1
877,328,1,102,2025-03-01,1,1,1
878,328,1,302,2025-08-04,1,1,1
879,328,1,301,2025-12-09,1,1,1
880,328,1,101,2026-02-26,1,1,1
881,330,7,402,2025-05-20,1,1,1
882,331,1,201,2025-08-02,1,1,1
883,333,4,302,2025-12-18,1,1,1
884,333,4,301,2025-11-15,1,1,1
885,334,5,102,2025-06-16,1,1,1
886,334,5,201,2025-02-21,1,1,1
887,334,5,101,2025-11-11,1,1,1
888,336,3,201,2025-10-03,1,1,1
889,336,3,302,2025-10-29,1,1,1
890,336,3,102,2025-05-20,1,1,1
891,337,6,101,2025-08-09,1,1,1
892,337,6,301,2025-02-10,1,1,1
893,338,2,302,2025-03-06,1,1,1
894,338,2,201,2025-05-05,1,1,1
895,338,2,101,2025-09-20,1,1,1
896,339,4,302,2025-12-17,1,1,1
897,339,4,301,2025-11-21,1,1,1
898,339,4,301,2026-01-03,1,1,1
899,339,4,201,2025-12-26,1,1,1
900,339,4,302,2026-02-17,1,1,1
901,339,4,301,2025-10-26,1,1,1
902,340,6,302,2025-11-19,1,1,1
903,340,6,102,2025-11-17,1,1,1
904,341,2,302,2025-05-11,1,1,1
905,342,3,102,2025-05-26,1,1,1
906,342,3,201,2026-03-05,1,1,1
907,342,3,301,2025-11-14,1,1,1
908,342,3,101,2026-01-25,1,1,1
909,342,3,101,2025-10-01,1,1,1
910,342,3,102,2025-04-02,1,1,1
911,343,3,301,2025-05-22,1,1,1
912,343,3,201,2026-02-06,1,1,1
913,343,3,102,2025-05-24,1,1,1
914,344,6,302,2025-11-15,1,1,1
915,344,6,101,2025-06-26,1,1,1
916,345,6,101,2026-01-22,1,1,1
917,345,6,302,2025-07-25,1,1,1
918,345,6,101,2025-04-17,1,1,1
919,345,6,301,2025-08-03,1,1,1
920,347,6,101,2025-08-15,1,1,1
921,348,4,101,2025-05-22,1,1,1
922,348,4,101,2025-09-07,1,1,1
923,348,4,101,2026-01-18,1,1,1
924,349,2,302,2026-02-20,1,1,1
925,349,2,101,2025-05-10,1,1,1
926,349,2,201,2025-04-18,1,1,1
927,349,2,102,2026-03-03,1,1,1
928,349,2,201,2025-06-20,1,1,1
929,350,1,102,2025-05-26,1,1,1
930,350,1,101,2025-10-22,1,0,1
931,350,1,301,2025-08-19,1,1,1
932,353,7,401,2025-05-10,1,1,1
933,353,7,402,2025-02-14,1,1,1
934,353,7,401,2025-08-12,1,1,1
935,353,7,401,2025-06-23,1,1,1
936,353,7,401,2025-12-08,1,1,1
937,355,2,301,2025-12-20,1,1,1
938,355,2,302,2025-11-26,1,1,1
939,355,2,301,2025-12-19,1,1,1
940,355,2,102,2025-08-08,1,0,1
941,356,6,101,2025-09-14,1,1,1
942,357,6,102,2025-09-18,1,0,1
943,357,6,102,2026-02-26,1,1,1
944,357,6,301,2025-12-03,1,1,1
945,358,1,301,2025-10-01,1,1,1
946,359,1,302,2025-12-06,1,1,1
947,359,1,101,2025-06-15,1,1,1
948,359,1,101,2025-10-27,1,1,1
949,359,1,302,2025-05-11,1,1,1
950,359,1,102,2025-05-30,1,1,1
951,360,4,201,2025-04-29,1,1,1
952,361,3,301,2025-03-13,1,1,1
953,363,1,101,2025-02-01,1,1,1
954,364,2,102,2026-01-09,1,1,1
955,364,2,201,2025-10-12,1,1,1
956,365,4,101,2025-09-18,1,1,1
957,365,4,101,2025-11-07,1,1,1
958,365,4,201,2025-12-01,1,1,1
959,367,6,102,2025-07-01,1,1,1
960,367,6,302,2025-03-21,1,0,1
961,367,6,301,2025-02-28,1,1,1
962,367,6,102,2026-01-16,1,1,1
963,367,6,201,2025-08-23,1,1,1
964,367,6,301,2025-04-14,1,1,1
965,368,6,302,2025-05-07,1,1,1
966,368,6,101,2025-04-24,1,0,1
967,368,6,101,2025-11-29,1,1,1
968,368,6,302,2025-03-25,1,1,1
969,368,6,102,2025-09-03,1,1,1
970,369,6,301,2026-01-18,1,1,1
971,371,7,401,2025-10-22,1,1,1
972,371,7,401,2025-07-14,1,1,1
973,372,6,302,2026-02-14,1,1,1
974,372,6,101,2026-01-26,1,1,1
975,373,7,401,2026-01-25,1,1,1
976,373,7,401,2025-10-13,1,1,1
977,373,7,401,2025-10-24,1,1,1
978,374,1,201,2025-08-12,1,1,1
979,374,1,302,2026-01-04,1,1,1
980,374,1,102,2025-12-20,1,1,1
981,374,1,201,2025-04-23,1,1,1
982,375,7,401,2025-11-04,1,1,1
983,376,2,301,2026-02-11,1,1,1
984,376,2,101,2026-03-02,1,1,1
985,376,2,102,2025-11-20,1,0,1
986,376,2,102,2025-08-23,1,1,1
987,376,2,301,2025-02-21,1,1,1
988,376,2,302,2026-03-03,1,1,1
989,377,2,302,2025-06-28,1,1,1
990,377,2,302,2025-04-23,1,1,1
991,377,2,102,2025-02-20,1,1,1
992,377,2,201,2025-12-07,1,1,1
993,378,2,302,2025-06-09,1,1,1
994,378,2,302,2025-12-29,1,1,1
995,378,2,102,2025-12-08,1,1,1
996,378,2,201,2025-12-10,1,1,1
997,379,6,101,2025-09-20,1,1,1
998,379,6,302,2026-02-20,1,1,1
999,379,6,101,2025-09-14,1,1,1
1000,380,3,302,2025-08-19,1,1,1
1001,381,3,302,2025-08-14,1,1,1
1002,381,3,101,2025-03-05,1,1,1
1003,381,3,301,2025-10-31,1,1,1
1004,382,5,302,2025-10-17,1,1,1
1005,382,5,301,2025-04-20,1,1,1
1006,382,5,102,2025-11-23,1,1,1
1007,383,2,302,2025-12-27,1,0,1
1008,384,4,101,2025-02-16,1,1,1
1009,385,6,301,2025-07-20,1,1,1
1010,385,6,301,2025-02-16,1,1,1
1011,385,6,101,2025-11-05,1,1,1
1012,385,6,102,2025-07-26,1,1,1
1013,386,4,102,2025-08-21,1,1,1
1014,386,4,301,2025-05-12,1,1,1
1015,386,4,102,2025-12-11,1,1,1
1016,386,4,201,2025-06-07,1,1,1
1017,386,4,102,2026-02-14,1,1,1
1018,387,6,102,2025-05-11,1,1,1
1019,387,6,302,2025-11-21,1,1,1
1020,387,6,101,2025-04-26,1,1,1
1021,388,6,302,2026-02-05,1,1,1
1022,388,6,301,2025-07-26,1,1,1
1023,389,4,302,2026-01-22,1,1,1
1024,389,4,102,2025-12-09,1,1,1
1025,390,3,102,2025-10-17,1,1,1
1026,390,3,101,2025-08-20,1,1,1
1027,390,3,201,2025-12-28,1,1,1
1028,390,3,301,2025-08-17,1,1,1
1029,391,6,101,2026-02-23,1,1,1
1030,391,6,301,2025-06-28,1,1,1
1031,391,6,201,2025-05-11,1,1,1
1032,391,6,201,2025-04-03,1,1,1
1033,391,6,302,2025-03-11,1,1,1
1034,392,2,302,2025-02-25,1,1,1
1035,392,2,102,2026-01-27,1,1,1
1036,392,2,201,2025-06-18,1,1,1
1037,392,2,101,2025-08-06,1,1,1
1038,392,2,102,2025-03-18,1,1,1
1039,393,7,402,2025-05-15,1,1,1
1040,393,7,401,2025-04-30,1,1,1
1041,394,2,301,2025-10-27,1,1,1
1042,394,2,101,2025-09-07,1,1,1
1043,395,3,101,2025-06-17,1,1,1
1044,395,3,102,2025-12-27,1,1,1
1045,395,3,101,2026-03-02,1,1,1
1046,396,2,102,2025-12-13,1,1,1
1047,396,2,302,2025-04-04,1,1,1
1048,396,2,302,2025-11-15,1,1,1
1049,396,2,101,2025-04-09,1,1,1
1050,397,2,201,2025-10-22,1,1,1
1051,397,2,302,2026-02-28,1,1,1
1052,397,2,201,2025-04-12,1,1,1
1053,397,2,201,2026-03-05,1,1,1
1054,398,2,302,2026-02-22,1,1,1
1055,398,2,301,2025-06-24,1,1,1
1056,399,1,301,2025-10-20,1,1,1
1057,399,1,201,2026-01-09,1,1,1
1058,400,6,302,2025-08-06,1,1,1
1059,400,6,201,2025-12-12,1,1,1
1060,401,6,201,2025-04-02,1,1,1
1061,401,6,101,2025-09-08,1,1,1
1062,402,1,101,2025-02-22,1,1,1
1063,402,1,102,2025-08-10,1,1,1
1064,402,1,102,2025-05-30,1,1,1
1065,402,1,101,2025-04-09,1,1,1
1066,402,1,101,2025-07-13,1,1,1
1067,402,1,101,2025-07-16,1,1,1
1068,403,1,301,2025-05-05,1,1,1
1069,403,1,101,2025-06-26,1,1,1
1070,404,7,402,2026-01-20,1,1,1
1071,404,7,401,2025-12-24,1,1,1
1072,404,7,402,2025-06-30,1,1,1
1073,404,7,402,2025-02-04,1,1,1
1074,404,7,401,2025-10-22,1,1,1
1075,405,4,201,2025-03-08,1,1,1
1076,405,4,302,2025-04-30,1,1,1
1077,405,4,302,2025-03-27,1,1,1
1078,405,4,102,2025-03-05,1,1,1
1079,405,4,102,2025-04-15,1,1,1
1080,405,4,101,2025-12-17,1,1,1
1081,406,7,401,2025-09-01,1,1,1
1082,407,1,302,2025-02-13,1,1,1
1083,407,1,302,2025-09-30,1,1,1
1084,408,6,301,2025-05-04,1,1,1
1085,408,6,201,2025-07-15,1,1,1
1086,409,5,201,2025-08-14,1,1,1
1087,409,5,102,2025-02-17,1,1,1
1088,410,6,302,2026-01-09,1,1,1
1089,410,6,301,2026-01-03,1,1,1
1090,411,2,101,2025-05-05,1,1,1
1091,411,2,301,2025-12-28,1,1,1
1092,411,2,301,2025-09-23,1,1,1
1093,412,2,102,2026-01-02,1,1,1
1094,412,2,302,2025-02-15,1,1,1
1095,412,2,201,2025-04-21,1,1,1
1096,412,2,302,2025-12-12,1,1,1
1097,413,3,101,2025-07-18,1,1,1
1098,414,6,201,2025-11-09,1,1,1
1099,414,6,102,2025-04-27,1,1,1
1100,414,6,201,2026-01-26,1,1,1
1101,414,6,102,2025-11-04,1,1,1
1102,415,6,201,2025-10-09,1,1,1
1103,416,5,301,2025-08-21,1,1,1
1104,416,5,201,2025-02-11,1,1,1
1105,416,5,302,2025-06-10,1,1,1
1106,416,5,302,2026-03-04,1,1,1
1107,417,6,102,2025-12-07,1,1,1
1108,417,6,302,2025-05-07,1,1,1
1109,417,6,302,2025-03-08,1,1,1
1110,418,3,302,2025-10-28,1,1,1
1111,419,6,102,2025-07-18,1,1,1
1112,419,6,102,2025-11-13,1,1,1
1113,419,6,302,2025-04-18,1,1,1
1114,419,6,101,2026-02-21,1,1,1
1115,419,6,101,2025-08-06,1,1,1
1116,420,6,302,2025-02-20,1,1,1
1117,420,6,101,2025-11-11,1,1,1
1118,421,6,302,2025-11-19,1,1,1
1119,421,6,301,2025-05-19,1,1,1
1120,421,6,201,2025-08-02,1,1,1
1121,422,6,101,2026-02-20,1,1,1
1122,423,1,101,2025-07-05,1,1,1
1123,423,1,102,2025-12-28,1,1,1
1124,423,1,101,2025-11-21,1,1,1
1125,423,1,201,2025-03-07,1,1,1
1126,424,1,302,2025-03-20,1,1,1
1127,424,1,101,2025-12-27,1,1,1
1128,425,6,101,2025-10-03,1,1,1
1129,425,6,201,2026-02-12,1,1,1
1130,425,6,302,2025-12-11,1,1,1
1131,426,2,301,2026-01-18,1,1,1
1132,426,2,302,2025-12-09,1,1,1
1133,426,2,101,2025-02-25,1,1,1
1134,426,2,102,2025-04-01,1,1,1
1135,427,2,301,2026-01-05,1,1,1
1136,428,1,101,2025-08-26,1,1,1
1137,429,3,101,2025-02-17,1,1,1
1138,430,6,102,2025-12-16,1,1,1
1139,430,6,102,2025-11-20,1,0,1
1140,430,6,102,2025-07-23,1,1,1
1141,431,1,301,2026-01-07,1,1,1
1142,432,1,201,2025-03-19,1,1,1
1143,432,1,201,2025-11-13,1,0,1
1144,432,1,301,2025-04-13,1,1,1
1145,432,1,201,2025-11-23,1,1,1
1146,433,3,302,2025-04-07,1,1,1
1147,433,3,101,2025-11-30,1,1,1
1148,433,3,102,2025-08-07,1,1,1
1149,433,3,201,2025-03-06,1,1,1
1150,434,6,102,2025-11-19,1,1,1
1151,434,6,302,2026-03-06,1,1,1
1152,434,6,302,2025-02-09,1,1,1
1153,434,6,101,2025-09-21,1,1,1
1154,435,6,301,2025-11-09,1,1,1
1155,436,4,201,2025-04-08,1,1,1
1156,436,4,102,2025-06-13,1,1,1
1157,437,6,101,2025-10-05,1,1,1
1158,437,6,101,2025-08-05,1,1,1
1159,437,6,302,2025-05-30,1,1,1
1160,437,6,302,2025-03-03,1,1,1
1161,437,6,102,2025-03-04,1,1,1
1162,438,2,301,2025-02-12,1,1,1
1163,438,2,301,2025-04-06,1,1,1
1164,438,2,201,2025-03-27,1,1,1
1165,439,6,101,2026-01-30,1,1,1
1166,439,6,201,2025-03-03,1,0,1
1167,440,6,301,2026-03-01,1,1,1
1168,441,6,201,2025-08-09,1,1,1
1169,441,6,301,2026-03-06,1,1,1
1170,441,6,201,2025-09-06,1,1,1
1171,442,4,301,2025-04-12,1,1,1
1172,442,4,201,2025-02-02,1,1,1
1173,442,4,101,2025-03-03,1,0,1
1174,442,4,101,2025-10-22,1,1,1
1175,442,4,101,2025-02-14,1,0,1
1176,443,7,401,2025-06-22,1,1,1
1177,443,7,401,2025-09-05,1,1,1
1178,443,7,401,2025-10-23,1,1,1
1179,443,7,401,2026-01-10,1,1,1
1180,444,1,302,2026-02-04,1,0,1
1181,444,1,101,2026-01-27,1,1,1
1182,446,2,301,2025-02-28,1,1,1
1183,447,2,101,2025-06-28,1,1,1
1184,447,2,201,2025-06-22,1,1,1
1185,447,2,301,2025-08-25,1,1,1
1186,448,6,101,2025-09-11,1,0,1
1187,450,6,301,2025-09-08,1,1,1
1188,450,6,302,2025-02-16,1,1,1
1189,450,6,102,2025-02-03,1,1,1
1190,451,5,301,2025-09-14,1,1,1
1191,451,5,201,2025-08-21,1,1,1
1192,452,3,201,2025-10-27,1,1,1
1193,452,3,102,2026-01-25,1,1,1
1194,452,3,301,2025-03-02,1,0,1
1195,453,4,301,2025-07-20,1,1,1
1196,453,4,302,2025-03-07,1,0,1
1197,453,4,101,2025-11-29,1,0,1
1198,453,4,301,2025-04-05,1,1,1
1199,453,4,201,2026-02-19,1,0,1
1200,453,4,201,2025-11-06,1,1,1
1201,454,2,302,2025-06-08,1,0,1
1202,454,2,101,2025-04-30,1,1,1
1203,454,2,101,2025-12-09,1,1,1
1204,454,2,302,2025-11-29,1,0,1
1205,456,4,302,2025-10-11,1,1,1
1206,456,4,102,2025-05-13,1,1,1
1207,456,4,301,2026-01-17,1,1,1
1208,456,4,101,2025-08-15,1,1,1
1209,456,4,302,2025-06-30,1,1,1
1210,457,7,401,2025-06-27,1,1,1
1211,458,4,302,2025-05-31,1,1,1
1212,458,4,102,2025-09-12,1,1,1
1213,458,4,102,2026-01-19,1,1,1
1214,458,4,302,2025-12-02,1,1,1
1215,458,4,201,2025-03-31,1,1,1
1216,458,4,302,2025-02-08,1,1,1
1217,460,6,301,2026-01-05,1,1,1
1218,460,6,102,2025-09-28,1,0,1
1219,460,6,101,2025-11-04,1,1,1
1220,460,6,102,2025-08-30,1,1,1
1221,462,6,201,2025-11-07,1,1,1
1222,463,1,201,2026-02-20,1,1,1
1223,463,1,302,2025-12-02,1,1,1
1224,463,1,302,2026-03-07,1,1,1
1225,463,1,302,2025-04-17,1,1,1
1226,463,1,101,2025-09-16,1,1,1
1227,464,6,302,2025-03-09,1,0,1
1228,464,6,302,2025-06-14,1,1,1
1229,464,6,201,2025-04-24,1,1,1
1230,464,6,101,2025-08-02,1,1,1
1231,464,6,302,2025-05-31,1,1,1
1232,464,6,302,2025-10-18,1,1,1
1233,465,1,101,2025-06-13,1,1,1
1234,465,1,302,2025-10-01,1,0,1
1235,466,6,102,2025-08-14,1,1,1
1236,466,6,302,2025-12-02,1,1,1
1237,467,6,102,2025-10-14,1,1,1
1238,467,6,302,2025-04-26,1,1,1
1239,468,5,302,2026-02-07,1,1,1
1240,468,5,301,2026-01-10,1,1,1
1241,468,5,301,2025-02-26,1,1,1
1242,469,6,101,2025-03-18,1,1,1
1243,469,6,302,2025-08-01,1,1,1
1244,470,5,102,2025-06-26,1,1,1
1245,470,5,302,2025-07-21,1,1,1
1246,471,3,301,2026-01-04,1,1,1
1247,471,3,301,2025-12-25,1,1,1
1248,471,3,101,2025-09-04,1,1,1
1249,471,3,201,2025-08-12,1,1,1
1250,472,5,201,2025-09-08,1,1,1
1251,472,5,101,2025-10-20,1,1,1
1252,473,2,101,2025-07-24,1,1,1
1253,473,2,101,2025-04-23,1,1,1
1254,474,6,301,2025-11-07,1,1,1
1255,474,6,102,2025-11-21,1,0,1
1256,474,6,102,2025-08-24,1,1,1
1257,474,6,302,2025-05-28,1,1,1
1258,474,6,302,2025-09-12,1,0,1
1259,474,6,102,2025-08-22,1,1,1
1260,475,7,402,2025-03-05,1,0,1
1261,475,7,401,2025-05-21,1,1,1
1262,475,7,401,2026-02-23,1,1,1
1263,476,4,302,2025-04-25,1,1,1
1264,476,4,102,2025-03-28,1,1,1
1265,476,4,102,2026-02-04,1,1,1
1266,476,4,301,2025-07-25,1,1,1
1267,476,4,102,2025-02-23,1,1,1
1268,476,4,201,2025-10-20,1,1,1
1269,478,6,102,2025-06-23,1,1,1
1270,478,6,201,2025-06-15,1,1,1
1271,479,2,201,2025-05-10,1,1,1
1272,480,6,302,2025-03-05,1,1,1
1273,480,6,301,2025-10-06,1,1,1
1274,480,6,101,2025-04-06,1,1,1
1275,480,6,201,2025-11-21,1,1,1
1276,481,1,301,2025-11-10,1,1,1
1277,481,1,102,2025-03-13,1,1,1
1278,481,1,301,2025-10-23,1,1,1
1279,481,1,101,2025-07-18,1,1,1
1280,482,5,301,2025-11-07,1,1,1
1281,482,5,301,2025-11-03,1,1,1
1282,482,5,302,2025-06-08,1,1,1
1283,483,6,302,2025-07-10,1,1,1
1284,483,6,302,2025-07-10,1,1,1
1285,483,6,101,2025-11-29,1,1,1
1286,483,6,201,2026-01-04,1,1,1
1287,485,5,302,2025-03-02,1,1,1
1288,486,4,102,2025-08-15,1,1,1
1289,486,4,101,2025-03-09,1,1,1
1290,486,4,301,2026-01-16,1,0,1
1291,486,4,101,2025-12-03,1,1,1
1292,486,4,302,2025-11-12,1,1,1
1293,488,3,301,2025-12-29,1,1,1
1294,489,6,201,2025-08-14,1,1,1
1295,490,1,302,2025-11-21,1,1,1
1296,490,1,201,2025-07-03,1,1,1
1297,490,1,302,2025-06-09,1,1,1
1298,491,4,301,2025-06-21,1,1,1
1299,492,6,301,2025-02-26,1,1,1
1300,492,6,201,2025-06-15,1,1,1
1301,492,6,102,2025-07-10,1,0,1
1302,492,6,201,2025-08-06,1,1,1
1303,493,4,302,2025-11-20,1,1,1
1304,493,4,301,2025-07-08,1,1,1
1305,493,4,201,2025-05-10,1,1,1
1306,494,2,102,2026-03-08,1,1,1
1307,494,2,201,2025-08-27,1,1,1
1308,494,2,301,2025-12-22,1,1,1
1309,494,2,102,2025-07-23,1,1,1
1310,495,1,301,2025-12-07,1,1,1
1311,495,1,302,2025-02-28,1,1,1
1312,495,1,101,2026-01-12,1,1,1
1313,495,1,301,2025-05-07,1,1,1
1314,496,4,102,2025-09-20,1,1,1
1315,497,7,402,2026-02-27,1,1,1
1316,497,7,402,2025-08-19,1,1,1
1317,500,1,201,2025-10-16,1,1,1
1318,500,1,201,2025-10-23,1,1,1
1319,501,1,302,2025-10-01,1,0,1
1320,501,1,302,2025-08-22,1,1,1
1321,501,1,301,2025-11-14,1,1,1
1322,502,1,302,2025-08-03,1,1,1
1323,503,2,301,2026-02-03,1,1,1
1324,503,2,301,2025-04-26,1,1,1
1325,503,2,301,2026-02-09,1,0,1
1326,504,1,102,2025-05-29,1,1,1
1327,505,7,401,2026-01-23,1,1,1
1328,505,7,402,2025-10-31,1,1,1
1329,505,7,401,2025-07-30,1,1,1
1330,505,7,401,2025-06-16,1,1,1
1331,506,4,102,2025-11-13,1,1,1
1332,506,4,102,2025-06-10,1,1,1
1333,506,4,201,2025-06-18,1,1,1
1334,506,4,101,2025-09-08,1,0,1
1335,506,4,201,2025-08-08,1,1,1
1336,507,4,102,2025-03-12,1,1,1
1337,507,4,101,2025-05-11,1,1,1
1338,508,7,402,2025-12-15,1,1,1
1339,509,2,301,2025-08-23,1,1,1
1340,509,2,102,2025-07-01,1,1,1
1341,509,2,102,2025-02-16,1,1,1
1342,509,2,102,2025-11-12,1,1,1
1343,510,6,101,2025-08-01,1,1,1
1344,510,6,101,2025-03-04,1,1,1
1345,510,6,101,2025-08-18,1,1,1
1346,511,2,201,2025-05-11,1,1,1
1347,511,2,101,2025-05-29,1,1,1
1348,511,2,201,2025-10-16,1,1,1
1349,511,2,102,2025-05-29,1,1,1
1350,511,2,201,2025-07-07,1,1,1
1351,511,2,101,2026-01-25,1,0,1
1352,512,6,302,2025-08-22,1,0,1
1353,512,6,301,2025-06-27,1,1,1
1354,512,6,302,2025-09-06,1,1,1
1355,512,6,201,2025-06-23,1,1,1
1356,513,6,201,2025-10-31,1,1,1
1357,513,6,102,2025-08-05,1,1,1
1358,514,7,402,2025-11-10,1,1,1
1359,514,7,401,2026-01-18,1,0,1
1360,514,7,402,2025-12-03,1,1,1
1361,514,7,401,2025-09-22,1,1,1
1362,516,5,301,2025-11-18,1,1,1
1363,516,5,302,2025-11-28,1,1,1
1364,516,5,302,2025-04-21,1,1,1
1365,517,6,201,2025-07-12,1,1,1
1366,517,6,301,2025-04-10,1,1,1
1367,517,6,301,2025-09-19,1,1,1
1368,517,6,102,2025-05-31,1,1,1
1369,517,6,101,2026-02-09,1,1,1
1370,518,6,201,2025-04-09,1,1,1
1371,518,6,102,2025-12-30,1,1,1
1372,518,6,102,2025-04-25,1,1,1
1373,518,6,302,2025-11-18,1,1,1
1374,518,6,101,2025-03-30,1,1,1
1375,518,6,302,2025-08-20,1,1,1
1376,519,1,102,2025-10-22,1,1,1
1377,519,1,101,2025-11-13,1,1,1
1378,519,1,102,2025-04-04,1,1,1
1379,519,1,101,2025-02-08,1,1,1
1380,519,1,102,2025-02-02,1,1,1
1381,522,7,401,2025-02-16,1,0,1
1382,522,7,402,2025-04-04,1,1,1
1383,524,6,201,2025-03-20,1,1,1
1384,525,5,201,2025-12-30,1,1,1
1385,525,5,102,2025-03-16,1,1,1
1386,526,2,201,2026-02-20,1,1,1
1387,526,2,302,2025-05-11,1,1,1
1388,526,2,201,2025-11-29,1,1,1
1389,527,1,101,2026-03-03,1,1,1
1390,527,1,101,2026-02-20,1,1,1
1391,528,3,201,2025-06-23,1,1,1
1392,528,3,201,2025-11-29,1,1,1
1393,529,2,101,2025-02-24,1,1,1
1394,529,2,301,2026-01-09,1,1,1
1395,530,3,101,2025-12-29,1,0,1
1396,530,3,301,2025-07-04,1,1,1
1397,531,6,102,2025-02-01,1,1,1
1398,531,6,301,2025-03-24,1,1,1
1399,531,6,301,2025-11-30,1,1,1
1400,531,6,201,2025-09-29,1,1,1
1401,531,6,101,2025-02-08,1,1,1
1402,532,4,301,2025-07-01,1,1,1
1403,532,4,302,2025-11-01,1,1,1
1404,533,6,102,2025-09-24,1,1,1
1405,533,6,101,2025-11-04,1,1,1
1406,533,6,301,2025-10-25,1,1,1
1407,533,6,302,2025-10-29,1,1,1
1408,534,7,402,2025-11-30,1,0,1
1409,534,7,402,2025-09-21,1,1,1
1410,534,7,401,2025-08-13,1,1,1
1411,534,7,401,2025-06-02,1,1,1
1412,534,7,401,2025-03-17,1,0,1
1413,534,7,401,2026-01-26,1,1,1
1414,535,6,302,2025-05-07,1,1,1
1415,535,6,301,2025-03-13,1,0,1
1416,535,6,302,2026-02-25,1,1,1
1417,535,6,302,2025-04-13,1,1,1
1418,536,7,402,2025-04-02,1,1,1
1419,536,7,402,2025-06-29,1,1,1
1420,536,7,401,2025-04-12,1,1,1
1421,536,7,402,2025-12-06,1,1,1
1422,536,7,401,2025-03-22,1,1,1
1423,537,4,101,2025-12-01,1,1,1
1424,537,4,301,2025-09-12,1,1,1
1425,537,4,201,2025-04-14,1,1,1
1426,538,4,302,2025-09-19,1,1,1
1427,538,4,101,2025-06-16,1,1,1
1428,538,4,201,2025-04-09,1,1,1
1429,539,6,201,2025-02-24,1,1,1
1430,540,6,101,2025-04-14,1,1,1
1431,540,6,102,2025-08-07,1,1,1
1432,541,1,101,2025-08-24,1,0,1
1433,541,1,102,2025-07-26,1,1,1
1434,541,1,301,2025-02-28,1,1,1
1435,542,3,201,2025-09-29,1,1,1
1436,542,3,102,2025-11-14,1,1,1
1437,542,3,302,2026-02-05,1,1,1
1438,543,6,101,2025-10-25,1,1,1
1439,543,6,302,2026-01-19,1,1,1
1440,543,6,201,2025-06-04,1,1,1
1441,543,6,101,2025-09-03,1,1,1
1442,543,6,101,2025-11-05,1,1,1
1443,544,6,301,2025-07-30,1,0,1
1444,544,6,302,2026-02-21,1,1,1
1445,544,6,101,2025-11-22,1,1,1
1446,544,6,201,2025-12-10,1,1,1
1447,544,6,102,2025-03-28,1,1,1
1448,545,2,102,2026-02-18,1,1,1
1449,545,2,101,2025-05-28,1,1,1
1450,545,2,301,2025-11-19,1,0,1
1451,545,2,102,2025-02-17,1,1,1
1452,545,2,301,2025-09-09,1,0,1
1453,545,2,302,2025-02-08,1,1,1
1454,547,2,302,2026-01-24,1,1,1
1455,547,2,201,2025-12-28,1,1,1
1456,547,2,102,2025-10-26,1,1,1
1457,548,6,301,2025-12-02,1,1,1
1458,548,6,201,2025-09-30,1,1,1
1459,548,6,101,2026-02-11,1,1,1
1460,549,4,102,2025-11-03,1,1,1
1461,550,1,201,2025-04-20,1,1,1
1462,551,6,102,2025-03-08,1,1,1
1463,551,6,301,2025-05-21,1,1,1
1464,552,6,201,2025-06-04,1,1,1
1465,552,6,201,2025-04-19,1,1,1
1466,552,6,301,2025-08-27,1,1,1
1467,552,6,201,2025-09-11,1,1,1
1468,552,6,101,2025-09-18,1,1,1
1469,552,6,102,2025-05-24,1,1,1
1470,553,4,302,2025-11-08,1,1,1
1471,553,4,201,2025-07-13,1,1,1
1472,553,4,102,2025-12-20,1,1,1
1473,553,4,201,2025-04-12,1,1,1
1474,553,4,302,2025-07-22,1,0,1
1475,553,4,101,2025-09-16,1,1,1
1476,554,6,301,2025-12-15,1,1,1
1477,554,6,201,2025-08-06,1,1,1
1478,554,6,301,2025-11-17,1,1,1
1479,554,6,102,2025-02-05,1,1,1
1480,554,6,302,2025-07-21,1,0,1
1481,555,3,101,2026-01-25,1,1,1
1482,555,3,201,2026-01-08,1,1,1
1483,555,3,302,2025-05-31,1,1,1
1484,555,3,101,2025-03-24,1,1,1
1485,555,3,301,2025-08-18,1,1,1
1486,556,1,201,2026-01-27,1,1,1
1487,557,7,401,2025-02-13,1,1,1
1488,557,7,402,2025-08-09,1,1,1
1489,557,7,401,2025-06-18,1,1,1
1490,557,7,401,2025-02-01,1,1,1
1491,557,7,401,2025-05-05,1,1,1
1492,558,5,201,2025-03-03,1,1,1
1493,558,5,101,2025-09-02,1,1,1
1494,558,5,101,2025-03-29,1,0,1
1495,559,4,302,2025-12-22,1,1,1
1496,559,4,302,2025-09-13,1,1,1
1497,560,7,402,2025-04-08,1,1,1
1498,560,7,402,2025-02-26,1,1,1
1499,561,6,102,2025-03-06,1,1,1
1500,561,6,101,2025-08-21,1,0,1
1501,561,6,201,2025-12-16,1,1,1
1502,561,6,102,2026-03-03,1,1,1
1503,561,6,101,2025-11-24,1,1,1
1504,562,6,102,2025-05-21,1,1,1
1505,563,6,101,2025-12-18,1,1,1
1506,563,6,302,2025-05-25,1,1,1
1507,564,6,302,2026-02-25,1,1,1
1508,564,6,102,2026-01-18,1,1,1
1509,564,6,302,2025-02-24,1,1,1
1510,564,6,201,2025-02-18,1,1,1
1511,564,6,101,2025-10-08,1,1,1
1512,564,6,302,2025-02-07,1,1,1
1513,565,7,401,2025-08-18,1,0,1
1514,565,7,402,2025-02-23,1,1,1
1515,565,7,401,2025-10-15,1,1,1
1516,566,6,102,2025-11-19,1,1,1
1517,566,6,201,2026-01-24,1,1,1
1518,567,3,101,2025-10-10,1,0,1
1519,567,3,301,2025-04-22,1,1,1
1520,567,3,201,2025-05-23,1,1,1
1521,567,3,102,2025-02-06,1,1,1
1522,567,3,101,2025-08-14,1,1,1
1523,567,3,201,2025-08-20,1,1,1
1524,568,2,302,2025-11-26,1,1,1
1525,570,6,102,2025-07-08,1,1,1
1526,572,1,302,2025-09-04,1,0,1
1527,573,2,102,2026-02-27,1,0,1
1528,573,2,302,2025-08-31,1,1,1
1529,573,2,302,2025-02-08,1,1,1
1530,573,2,102,2025-04-01,1,1,1
1531,573,2,101,2025-09-16,1,1,1
1532,574,1,201,2025-07-22,1,1,1
1533,575,7,402,2025-11-17,1,1,1
1534,575,7,401,2025-12-01,1,1,1
1535,575,7,402,2025-08-22,1,1,1
1536,575,7,401,2025-06-04,1,1,1
1537,575,7,402,2025-05-03,1,1,1
1538,575,7,401,2025-04-14,1,1,1
1539,576,5,102,2025-09-25,1,0,1
1540,576,5,301,2026-01-22,1,1,1
1541,576,5,302,2025-09-16,1,1,1
1542,577,6,102,2025-11-09,1,1,1
1543,579,6,101,2025-12-09,1,1,1
1544,580,3,201,2025-10-27,1,1,1
1545,580,3,101,2025-10-09,1,1,1
1546,580,3,101,2025-11-17,1,1,1
1547,580,3,101,2026-03-03,1,1,1
1548,581,3,302,2025-11-09,1,1,1
1549,582,6,302,2026-01-20,1,1,1
1550,582,6,301,2026-01-20,1,1,1
1551,582,6,101,2025-10-23,1,1,1
1552,585,3,301,2026-01-25,1,1,1
1553,585,3,302,2025-03-07,1,1,1
1554,585,3,302,2025-12-09,1,1,1
1555,585,3,102,2025-11-25,1,1,1
1556,585,3,301,2025-10-19,1,1,1
1557,585,3,201,2025-07-10,1,1,1
1558,586,6,302,2026-02-05,1,1,1
1559,586,6,301,2025-02-28,1,1,1
1560,586,6,102,2025-12-12,1,1,1
1561,586,6,201,2025-12-18,1,1,1
1562,586,6,102,2025-04-21,1,1,1
1563,588,6,201,2026-02-10,1,1,1
1564,589,6,101,2025-08-04,1,1,1
1565,590,5,101,2026-02-12,1,1,1
1566,590,5,101,2025-12-22,1,1,1
1567,590,5,102,2025-06-22,1,1,1
1568,591,3,102,2025-09-13,1,1,1
1569,591,3,301,2025-04-07,1,1,1
1570,591,3,101,2026-02-03,1,1,1
1571,591,3,102,2026-03-05,1,0,1
1572,591,3,102,2025-09-02,1,1,1
1573,592,2,201,2025-02-02,1,1,1
1574,592,2,101,2025-12-02,1,1,1
1575,593,4,301,2025-11-27,1,1,1
1576,593,4,101,2025-05-26,1,1,1
1577,594,1,102,2025-03-18,1,1,1
1578,595,2,201,2025-12-09,1,1,1
1579,595,2,101,2025-04-23,1,1,1
1580,596,6,101,2025-02-15,1,1,1
1581,596,6,201,2026-02-15,1,1,1
1582,596,6,302,2025-03-07,1,1,1
1583,597,7,401,2025-05-15,1,1,1
1584,597,7,401,2025-02-08,1,1,1
1585,597,7,401,2025-11-13,1,1,1
1586,598,4,301,2025-02-21,1,1,1
1587,598,4,301,2025-08-21,1,1,1
1588,598,4,102,2025-10-21,1,1,1
1589,598,4,301,2025-03-03,1,1,1
1590,598,4,201,2026-03-06,1,1,1
1591,599,6,101,2025-09-09,1,1,1
1592,599,6,301,2026-01-17,1,1,1
1593,599,6,201,2025-05-08,1,1,1
1594,599,6,102,2025-07-27,1,1,1
1595,601,3,301,2025-04-28,1,1,1
1596,601,3,301,2025-04-02,1,1,1
1597,601,3,101,2025-04-17,1,1,1
1598,602,7,402,2025-11-12,1,1,1
1599,602,7,402,2025-04-19,1,1,1
1600,603,2,302,2025-12-14,1,1,1
1601,604,6,102,2026-02-06,1,1,1
1602,605,2,201,2025-11-14,1,1,1
1603,605,2,201,2025-04-10,1,1,1
1604,606,4,102,2026-01-08,1,1,1
1605,606,4,101,2025-06-01,1,1,1
1606,606,4,102,2025-05-15,1,1,1
1607,606,4,101,2025-06-04,1,1,1
1608,608,6,301,2026-02-04,1,0,1
1609,608,6,201,2025-09-28,1,1,1
1610,608,6,301,2025-11-16,1,1,1
1611,608,6,201,2025-09-21,1,1,1
1612,609,6,201,2025-08-04,1,1,1
1613,609,6,102,2025-11-16,1,1,1
1614,610,6,301,2025-12-02,1,1,1
1615,610,6,302,2025-03-05,1,1,1
1616,610,6,301,2025-06-24,1,1,1
1617,611,4,201,2025-11-02,1,1,1
1618,612,2,302,2025-07-07,1,1,1
1619,612,2,302,2025-07-25,1,1,1
1620,612,2,102,2025-12-03,1,1,1
1621,612,2,102,2025-08-10,1,1,1
1622,613,4,301,2025-06-03,1,1,1
1623,613,4,101,2025-06-22,1,1,1
1624,613,4,102,2026-03-05,1,1,1
1625,614,2,102,2025-06-27,1,1,1
1626,614,2,101,2025-06-16,1,1,1
1627,614,2,302,2025-06-07,1,1,1
1628,614,2,102,2025-04-01,1,1,1
1629,615,6,102,2025-03-01,1,1,1
1630,615,6,301,2025-05-24,1,1,1
1631,617,1,101,2026-01-18,1,1,1
1632,617,1,101,2025-10-30,1,1,1
1633,617,1,201,2025-04-14,1,1,1
1634,618,2,302,2025-11-13,1,1,1
1635,618,2,201,2025-05-19,1,1,1
1636,618,2,201,2026-01-03,1,1,1
1637,618,2,201,2025-05-02,1,1,1
1638,618,2,301,2025-10-17,1,1,1
1639,619,6,301,2025-10-13,1,0,1
1640,619,6,102,2025-04-25,1,1,1
1641,619,6,101,2025-08-30,1,1,1
1642,619,6,201,2025-04-17,1,1,1
1643,620,7,402,2025-09-09,1,1,1
1644,621,6,102,2025-02-02,1,1,1
1645,621,6,101,2025-03-04,1,1,1
1646,622,2,102,2025-11-02,1,1,1
1647,622,2,101,2025-08-08,1,0,1
1648,622,2,201,2026-01-04,1,1,1
1649,623,1,102,2026-01-16,1,1,1
1650,623,1,102,2025-03-06,1,1,1
1651,623,1,201,2025-09-26,1,1,1
1652,623,1,102,2025-02-14,1,1,1
1653,623,1,302,2025-11-21,1,1,1
1654,623,1,101,2025-05-23,1,1,1
1655,624,6,301,2025-02-18,1,1,1
1656,624,6,102,2025-08-13,1,1,1
1657,624,6,302,2026-01-30,1,1,1
1658,624,6,102,2025-08-20,1,1,1
1659,625,1,302,2025-10-07,1,1,1
1660,627,6,102,2025-04-17,1,1,1
1661,627,6,102,2026-01-21,1,1,1
1662,628,3,302,2025-10-26,1,1,1
1663,628,3,302,2025-02-01,1,1,1
1664,628,3,201,2025-10-01,1,1,1
1665,628,3,102,2025-05-27,1,1,1
1666,629,4,101,2025-02-18,1,1,1
1667,630,1,302,2025-02-24,1,1,1
1668,630,1,302,2025-12-08,1,1,1
1669,630,1,301,2025-04-03,1,1,1
1670,631,3,301,2025-02-08,1,0,1
1671,631,3,301,2025-08-22,1,1,1
1672,631,3,101,2025-11-11,1,1,1
1673,631,3,102,2025-11-13,1,1,1
1674,632,5,101,2025-10-11,1,1,1
1675,632,5,301,2026-02-26,1,1,1
1676,632,5,201,2025-06-13,1,1,1
1677,632,5,301,2025-07-17,1,1,1
1678,633,3,102,2025-05-22,1,1,1
1679,633,3,102,2025-04-24,1,1,1
1680,633,3,302,2025-03-27,1,0,1
1681,634,4,102,2026-01-10,1,1,1
1682,634,4,302,2026-01-07,1,1,1
1683,634,4,102,2025-08-01,1,1,1
1684,634,4,301,2025-05-05,1,0,1
1685,635,6,102,2025-02-26,1,1,1
1686,635,6,301,2025-12-23,1,1,1
1687,635,6,301,2025-06-06,1,1,1
1688,635,6,101,2025-03-31,1,1,1
1689,636,4,301,2025-06-01,1,1,1
1690,636,4,101,2025-07-12,1,1,1
1691,636,4,102,2025-07-07,1,1,1
1692,637,6,102,2026-01-04,1,0,1
1693,637,6,101,2025-08-17,1,1,1
1694,637,6,102,2025-03-02,1,1,1
1695,637,6,302,2026-01-06,1,1,1
1696,638,7,402,2026-02-10,1,0,1
1697,638,7,402,2025-02-24,1,1,1
1698,639,5,101,2025-12-18,1,1,1
1699,639,5,101,2025-09-08,1,1,1
1700,640,3,101,2026-01-11,1,1,1
1701,640,3,201,2025-06-20,1,1,1
1702,640,3,101,2026-01-10,1,1,1
1703,640,3,101,2025-08-12,1,1,1
1704,640,3,302,2025-11-30,1,1,1
1705,640,3,201,2025-10-13,1,1,1
1706,641,1,301,2025-04-12,1,1,1
1707,641,1,101,2025-09-11,1,1,1
1708,642,1,302,2025-10-13,1,1,1
1709,642,1,101,2026-01-05,1,1,1
1710,642,1,101,2025-03-10,1,1,1
1711,642,1,102,2026-02-20,1,1,1
1712,642,1,301,2025-12-15,1,1,1
1713,642,1,301,2025-11-18,1,1,1
1714,643,7,402,2025-04-26,1,1,1
1715,643,7,402,2025-10-06,1,1,1
1716,643,7,401,2025-12-06,1,0,1
1717,644,3,301,2026-01-12,1,1,1
1718,644,3,101,2025-07-24,1,1,1
1719,644,3,302,2025-11-01,1,1,1
1720,644,3,302,2025-11-06,1,1,1
1721,644,3,301,2025-12-24,1,1,1
1722,644,3,102,2026-01-17,1,1,1
1723,645,6,102,2025-03-19,1,1,1
1724,645,6,301,2025-05-08,1,1,1
1725,645,6,101,2026-01-11,1,1,1
1726,646,6,102,2025-02-24,1,1,1
1727,646,6,102,2025-03-08,1,1,1
1728,646,6,201,2026-03-04,1,1,1
1729,646,6,201,2025-08-13,1,1,1
1730,647,6,201,2026-01-31,1,1,1
1731,647,6,101,2025-09-04,1,0,1
1732,648,4,201,2026-01-07,1,1,1
1733,648,4,301,2025-07-03,1,1,1
1734,648,4,302,2025-09-19,1,1,1
1735,648,4,201,2025-03-18,1,1,1
1736,648,4,301,2025-08-17,1,1,1
1737,648,4,201,2025-02-18,1,1,1
1738,649,6,101,2025-07-31,1,1,1
1739,649,6,201,2025-09-29,1,1,1
1740,650,7,402,2025-09-26,1,1,1
1741,651,2,102,2025-08-14,1,1,1
1742,651,2,102,2025-02-26,1,1,1
1743,651,2,201,2026-02-04,1,1,1
1744,653,1,302,2025-08-31,1,1,1
1745,653,1,102,2025-06-01,1,1,1
1746,654,6,302,2025-11-14,1,1,1
1747,654,6,302,2025-12-11,1,1,1
1748,654,6,301,2025-06-25,1,1,1
1749,654,6,301,2025-06-07,1,1,1
1750,654,6,201,2026-02-21,1,1,1
1751,654,6,201,2025-06-30,1,1,1
1752,655,5,201,2025-07-07,1,1,1
1753,655,5,302,2025-11-19,1,1,1
1754,655,5,302,2026-02-21,1,1,1
1755,655,5,302,2026-01-28,1,1,1
1756,656,6,302,2025-05-27,1,1,1
1757,656,6,302,2025-08-29,1,1,1
1758,656,6,201,2026-02-24,1,0,1
1759,656,6,302,2025-05-26,1,1,1
1760,656,6,101,2025-10-15,1,1,1
1761,657,6,102,2026-01-09,1,1,1
1762,657,6,302,2025-10-26,1,1,1
1763,658,6,102,2025-02-05,1,1,1
1764,658,6,302,2025-03-04,1,1,1
1765,658,6,102,2025-10-04,1,1,1
1766,660,6,102,2026-01-30,1,1,1
1767,660,6,301,2025-09-30,1,1,1
1768,660,6,302,2026-03-06,1,1,1
1769,661,3,101,2025-11-18,1,1,1
1770,662,4,101,2025-12-10,1,1,1
1771,662,4,102,2025-02-15,1,1,1
1772,662,4,102,2025-08-02,1,1,1
1773,663,1,301,2025-08-21,1,1,1
1774,664,7,402,2025-12-19,1,1,1
1775,664,7,402,2025-11-12,1,1,1
1776,664,7,402,2025-03-13,1,1,1
1777,664,7,401,2025-06-14,1,1,1
1778,664,7,402,2025-05-08,1,1,1
1779,665,6,301,2025-03-10,1,1,1
1780,665,6,102,2025-11-09,1,1,1
1781,666,2,102,2025-08-28,1,1,1
1782,666,2,102,2026-02-15,1,1,1
1783,667,3,201,2025-05-05,1,1,1
1784,668,1,101,2026-01-06,1,1,1
1785,668,1,301,2025-09-01,1,1,1
1786,669,7,401,2025-12-31,1,1,1
1787,669,7,402,2025-04-14,1,1,1
1788,669,7,402,2025-11-26,1,1,1
1789,670,5,101,2025-10-08,1,1,1
1790,670,5,301,2025-03-05,1,1,1
1791,670,5,301,2025-02-20,1,1,1
1792,670,5,201,2025-07-14,1,1,1
1793,670,5,101,2025-11-02,1,1,1
1794,670,5,201,2025-04-25,1,1,1
1795,671,6,301,2025-09-18,1,1,1
1796,672,3,102,2025-04-20,1,1,1
1797,672,3,302,2025-02-05,1,1,1
1798,672,3,102,2025-07-20,1,0,1
1799,672,3,301,2025-03-28,1,1,1
1800,673,1,101,2025-06-10,1,1,1
1801,674,7,401,2025-09-08,1,1,1
1802,674,7,402,2025-02-06,1,1,1
1803,675,7,402,2025-07-28,1,1,1
1804,675,7,402,2026-02-19,1,1,1
1805,675,7,401,2025-12-26,1,1,1
1806,676,1,102,2026-02-12,1,1,1
1807,676,1,302,2025-06-13,1,1,1
1808,677,3,101,2026-02-02,1,1,1
1809,677,3,102,2025-11-04,1,0,1
1810,677,3,201,2025-11-25,1,1,1
1811,677,3,101,2026-02-03,1,1,1
1812,678,5,102,2025-08-11,1,1,1
1813,680,7,402,2025-03-25,1,1,1
1814,680,7,402,2026-01-20,1,1,1
1815,680,7,402,2025-06-14,1,1,1
1816,680,7,402,2025-12-05,1,1,1
1817,681,4,101,2025-12-25,1,1,1
1818,681,4,302,2025-09-14,1,1,1
1819,681,4,102,2025-09-29,1,1,1
1820,681,4,102,2025-03-05,1,1,1
1821,681,4,102,2025-12-04,1,1,1
1822,683,6,301,2025-06-25,1,1,1
1823,683,6,201,2026-02-07,1,1,1
1824,683,6,102,2025-10-07,1,1,1
1825,683,6,102,2025-09-20,1,1,1
1826,683,6,302,2025-03-12,1,1,1
1827,683,6,102,2025-03-16,1,1,1
1828,684,1,302,2025-10-21,1,1,1
1829,686,6,302,2025-03-10,1,0,1
1830,686,6,301,2025-10-07,1,1,1
1831,686,6,201,2025-12-20,1,1,1
1832,686,6,102,2025-07-31,1,1,1
1833,687,6,102,2026-02-12,1,1,1
1834,688,2,101,2025-04-14,1,1,1
1835,688,2,301,2026-02-19,1,1,1
1836,688,2,201,2025-11-13,1,1,1
1837,688,2,301,2025-02-11,1,1,1
1838,688,2,201,2025-04-18,1,1,1
1839,689,3,301,2026-01-17,1,1,1
1840,690,6,102,2026-02-14,1,1,1
1841,690,6,101,2025-05-12,1,1,1
1842,690,6,102,2025-07-01,1,1,1
1843,690,6,201,2025-02-10,1,1,1
1844,691,7,401,2025-02-11,1,1,1
1845,691,7,401,2025-08-11,1,0,1
1846,692,5,201,2026-02-28,1,0,1
1847,692,5,201,2026-01-16,1,1,1
1848,692,5,301,2025-12-17,1,1,1
1849,693,4,301,2025-05-19,1,1,1
1850,693,4,102,2025-12-04,1,1,1
1851,693,4,201,2025-06-18,1,1,1
1852,693,4,102,2025-10-13,1,1,1
1853,694,3,201,2025-02-09,1,1,1
1854,694,3,301,2025-08-24,1,1,1
1855,694,3,201,2025-04-14,1,1,1
1856,695,1,201,2025-04-22,1,1,1
1857,695,1,102,2025-04-01,1,1,1
1858,695,1,101,2026-03-01,1,1,1
1859,695,1,301,2025-04-19,1,1,1
1860,696,5,302,2025-09-12,1,1,1
1861,696,5,102,2026-02-04,1,1,1
1862,696,5,102,2025-04-30,1,1,1
1863,697,6,102,2025-08-13,1,0,1
1864,697,6,101,2025-06-13,1,1,1
1865,697,6,302,2025-12-28,1,1,1
1866,697,6,302,2025-05-11,1,1,1
1867,698,1,302,2025-02-21,1,1,1
1868,700,1,101,2025-03-15,1,1,1
1869,700,1,102,2025-03-21,1,1,1
1870,700,1,102,2025-08-10,1,1,1
1871,701,2,302,2025-09-11,1,1,1
1872,701,2,302,2025-10-14,1,1,1
1873,701,2,301,2025-02-05,1,1,1
1874,701,2,101,2025-03-29,1,1,1
1875,702,6,301,2025-07-07,1,1,1
1876,702,6,102,2026-01-11,1,1,1
1877,702,6,101,2025-08-18,1,0,1
1878,703,6,301,2025-10-04,1,1,1
1879,704,6,301,2025-06-25,1,1,1
1880,704,6,301,2026-03-04,1,1,1
1881,705,7,401,2025-05-04,1,1,1
1882,705,7,401,2026-02-02,1,1,1
1883,705,7,402,2025-05-03,1,1,1
1884,705,7,401,2025-02-09,1,1,1
1885,706,1,201,2025-06-10,1,1,1
1886,706,1,302,2025-03-30,1,1,1
1887,707,5,302,2026-01-25,1,1,1
1888,707,5,101,2025-12-12,1,1,1
1889,708,7,401,2025-10-22,1,1,1
1890,708,7,401,2025-11-09,1,1,1
1891,708,7,401,2025-09-10,1,0,1
1892,709,1,101,2025-07-29,1,0,1
1893,709,1,102,2025-11-04,1,1,1
1894,710,6,102,2025-02-02,1,1,1
1895,710,6,201,2025-07-18,1,1,1
1896,711,6,302,2025-11-09,1,1,1
1897,711,6,101,2025-11-11,1,1,1
1898,711,6,102,2025-12-13,1,1,1
1899,711,6,102,2025-11-17,1,1,1
1900,712,1,301,2026-01-24,1,1,1
1901,712,1,301,2025-09-23,1,1,1
1902,712,1,301,2025-05-28,1,1,1
1903,712,1,102,2025-05-17,1,1,1
1904,713,6,102,2025-10-06,1,1,1
1905,713,6,301,2025-03-15,1,1,1
1906,713,6,302,2025-03-31,1,1,1
1907,713,6,302,2026-02-20,1,1,1
1908,713,6,301,2025-09-21,1,1,1
1909,714,5,201,2025-03-28,1,1,1
1910,717,6,102,2026-02-03,1,1,1
1911,718,1,201,2025-09-25,1,1,1
1912,718,1,302,2025-03-05,1,1,1
1913,718,1,302,2026-01-29,1,1,1
1914,719,6,301,2025-10-05,1,1,1
1915,719,6,301,2025-12-31,1,1,1
1916,719,6,101,2025-12-20,1,1,1
1917,719,6,201,2025-04-27,1,1,1
1918,719,6,101,2025-11-03,1,1,1
1919,720,6,102,2025-12-16,1,1,1
1920,720,6,102,2025-09-16,1,1,1
1921,720,6,301,2025-10-16,1,1,1
1922,721,6,302,2025-12-27,1,1,1
1923,721,6,102,2025-07-04,1,1,1
1924,721,6,201,2025-05-03,1,1,1
1925,721,6,101,2026-02-10,1,1,1
1926,723,6,302,2025-04-29,1,1,1
1927,723,6,302,2025-11-22,1,1,1
1928,724,4,301,2025-12-13,1,1,1
1929,724,4,302,2025-04-25,1,1,1
1930,724,4,201,2025-12-06,1,1,1
1931,724,4,201,2025-12-19,1,1,1
1932,725,5,201,2025-11-24,1,1,1
1933,725,5,302,2025-06-18,1,0,1
1934,725,5,301,2025-12-14,1,1,1
1935,726,6,301,2025-08-22,1,1,1
1936,726,6,301,2025-02-02,1,0,1
1937,727,7,402,2025-07-31,1,1,1
1938,727,7,402,2025-03-11,1,1,1
1939,727,7,401,2025-10-17,1,1,1
1940,728,2,301,2025-09-23,1,1,1
1941,728,2,302,2025-07-26,1,1,1
1942,728,2,102,2025-11-25,1,1,1
1943,728,2,302,2025-03-27,1,1,1
1944,728,2,301,2025-11-27,1,1,1
1945,729,4,201,2025-12-07,1,0,1
1946,729,4,102,2025-10-22,1,1,1
1947,729,4,301,2025-07-18,1,1,1
1948,730,1,102,2025-09-23,1,1,1
1949,730,1,101,2025-06-29,1,1,1
1950,730,1,302,2025-03-04,1,1,1
1951,730,1,101,2025-05-03,1,1,1
1952,730,1,201,2025-06-10,1,1,1
1953,730,1,201,2026-03-02,1,1,1
1954,732,6,101,2025-07-07,1,1,1
1955,732,6,302,2025-12-14,1,1,1
1956,732,6,302,2025-06-15,1,1,1
1957,733,6,302,2025-06-02,1,1,1
1958,733,6,101,2025-09-17,1,1,1
1959,733,6,201,2025-02-25,1,1,1
1960,733,6,101,2026-01-14,1,1,1
1961,733,6,201,2026-02-25,1,1,1
1962,735,6,102,2025-08-03,1,0,1
1963,736,2,302,2025-09-13,1,1,1
1964,736,2,302,2025-07-01,1,1,1
1965,737,2,101,2025-10-30,1,1,1
1966,737,2,301,2025-12-27,1,1,1
1967,737,2,101,2025-12-21,1,0,1
1968,738,7,401,2025-06-19,1,0,1
1969,738,7,402,2025-06-10,1,1,1
1970,738,7,401,2025-02-23,1,1,1
1971,738,7,402,2026-01-07,1,1,1
1972,739,5,301,2025-08-11,1,1,1
1973,739,5,102,2025-02-20,1,1,1
1974,740,3,201,2025-12-10,1,1,1
1975,740,3,302,2025-10-03,1,1,1
1976,741,7,401,2025-05-04,1,1,1
1977,742,2,102,2025-12-23,1,1,1
1978,743,4,101,2025-07-08,1,1,1
1979,743,4,301,2025-07-06,1,1,1
1980,743,4,302,2025-07-17,1,1,1
1981,744,2,201,2025-05-30,1,1,1
1982,744,2,302,2025-02-04,1,1,1
1983,746,4,201,2025-05-23,1,1,1
1984,747,6,101,2025-08-21,1,1,1
1985,748,3,101,2026-03-06,1,1,1
1986,749,6,301,2025-09-06,1,1,1
1987,749,6,201,2025-11-07,1,1,1
1988,749,6,102,2025-11-12,1,1,1
1989,750,6,302,2025-05-04,1,1,1
1990,750,6,302,2025-04-29,1,1,1
1991,751,6,201,2025-04-01,1,1,1
1992,751,6,302,2025-08-08,1,1,1
1993,751,6,302,2025-03-07,1,1,1
1994,751,6,101,2025-02-27,1,1,1
1995,752,2,201,2025-06-13,1,1,1
1996,752,2,301,2025-06-18,1,1,1
1997,752,2,301,2025-08-07,1,1,1
1998,753,6,201,2025-10-29,1,1,1
1999,753,6,201,2025-09-25,1,1,1
2000,753,6,101,2025-07-04,1,1,1
2001,754,7,402,2025-12-06,1,1,1
2002,754,7,401,2025-05-30,1,0,1
2003,754,7,402,2025-02-16,1,1,1
2004,754,7,401,2025-10-30,1,1,1
2005,755,1,102,2025-12-27,1,1,1
2006,756,6,301,2025-10-21,1,1,1
2007,756,6,301,2025-05-01,1,1,1
2008,756,6,302,2025-05-01,1,0,1
2009,757,7,401,2025-11-12,1,1,1
2010,757,7,402,2026-01-17,1,1,1
2011,757,7,401,2025-04-04,1,1,1
2012,758,4,201,2025-05-20,1,1,1
2013,758,4,201,2025-10-06,1,1,1
2014,758,4,302,2025-10-21,1,0,1
2015,759,2,301,2025-05-08,1,1,1
2016,759,2,201,2025-08-15,1,1,1
2017,759,2,301,2025-10-04,1,1,1
2018,760,7,402,2025-03-06,1,1,1
2019,760,7,402,2025-08-22,1,1,1
2020,760,7,401,2025-11-22,1,1,1
2021,762,7,402,2025-11-28,1,0,1
2022,762,7,401,2025-03-30,1,1,1
2023,764,4,102,2025-10-31,1,1,1
2024,764,4,102,2026-01-17,1,1,1
2025,764,4,201,2026-01-27,1,1,1
2026,765,6,302,2025-06-28,1,1,1
2027,766,4,201,2025-10-22,1,1,1
2028,767,6,302,2025-04-29,1,1,1
2029,767,6,302,2025-08-09,1,1,1
2030,767,6,301,2026-01-30,1,1,1
2031,767,6,302,2025-10-25,1,1,1
2032,768,6,302,2025-04-15,1,0,1
2033,770,7,401,2025-11-04,1,1,1
2034,770,7,401,2025-09-20,1,1,1
2035,770,7,401,2025-07-19,1,1,1
2036,770,7,402,2025-06-15,1,1,1
2037,771,2,102,2026-02-25,1,1,1
2038,771,2,102,2025-08-20,1,1,1
2039,771,2,302,2025-05-05,1,1,1
2040,771,2,102,2025-05-19,1,1,1
2041,771,2,302,2026-02-21,1,1,1
2042,772,6,101,2025-12-10,1,1,1
2043,772,6,301,2025-03-13,1,1,1
2044,772,6,201,2025-07-23,1,1,1
2045,774,1,101,2025-11-23,1,1,1
2046,774,1,101,2025-04-17,1,1,1
2047,774,1,302,2025-09-05,1,1,1
2048,774,1,302,2025-08-11,1,1,1
2049,774,1,101,2026-01-03,1,1,1
2050,775,6,301,2025-02-07,1,1,1
2051,775,6,201,2026-01-11,1,1,1
2052,776,1,302,2025-11-27,1,1,1
2053,776,1,101,2025-10-31,1,0,1
2054,777,7,401,2025-07-12,1,1,1
2055,778,5,301,2025-03-03,1,0,1
2056,778,5,302,2025-11-01,1,1,1
2057,779,1,201,2025-04-11,1,1,1
2058,779,1,201,2025-09-25,1,1,1
2059,779,1,102,2025-07-26,1,1,1
2060,779,1,302,2025-08-14,1,1,1
2061,780,4,101,2025-07-29,1,1,1
2062,780,4,302,2025-08-25,1,1,1
2063,780,4,302,2025-07-31,1,1,1
2064,780,4,102,2025-03-03,1,1,1
2065,781,6,301,2025-12-22,1,1,1
2066,781,6,201,2025-06-07,1,1,1
2067,781,6,101,2025-08-17,1,1,1
2068,781,6,301,2025-10-08,1,1,1
2069,782,6,101,2025-06-29,1,1,1
2070,782,6,102,2026-01-14,1,1,1
2071,782,6,302,2025-04-10,1,0,1
2072,783,2,301,2025-02-15,1,1,1
2073,783,2,102,2025-09-04,1,1,1
2074,783,2,301,2025-07-26,1,1,1
2075,783,2,102,2025-10-25,1,1,1
2076,783,2,101,2025-06-11,1,1,1
2077,784,6,101,2025-03-26,1,0,1
2078,784,6,302,2025-09-25,1,1,1
2079,785,5,102,2025-12-23,1,1,1
2080,785,5,201,2025-06-16,1,1,1
2081,785,5,101,2025-04-05,1,1,1
2082,785,5,101,2025-11-14,1,1,1
2083,785,5,302,2025-10-10,1,0,1
2084,785,5,102,2025-04-15,1,0,1
2085,786,2,102,2025-10-19,1,1,1
2086,786,2,101,2025-06-13,1,1,1
2087,786,2,201,2025-10-29,1,1,1
2088,787,5,201,2025-02-12,1,1,1
2089,787,5,302,2025-02-23,1,1,1
2090,787,5,301,2025-06-14,1,1,1
2091,787,5,302,2026-01-21,1,1,1
2092,788,3,302,2025-06-23,1,1,1
2093,788,3,302,2026-02-27,1,1,1
2094,788,3,201,2026-02-22,1,1,1
2095,788,3,201,2026-01-28,1,1,1
2096,788,3,102,2026-02-28,1,1,1
2097,789,7,402,2025-06-17,1,1,1
2098,789,7,401,2025-09-06,1,0,1
2099,791,1,301,2025-06-19,1,1,1
2100,791,1,101,2025-05-18,1,1,1
2101,791,1,302,2025-10-26,1,1,1
2102,791,1,101,2025-05-17,1,1,1
2103,791,1,302,2025-12-31,1,1,1
2104,791,1,201,2025-05-25,1,1,1
2105,792,2,201,2025-09-19,1,1,1
2106,792,2,101,2025-03-21,1,1,1
2107,792,2,102,2025-12-07,1,1,1
2108,792,2,101,2025-03-30,1,1,1
2109,793,6,302,2025-09-03,1,1,1
2110,793,6,101,2025-04-07,1,1,1
2111,793,6,301,2025-06-16,1,1,1
2112,793,6,102,2025-06-15,1,1,1
2113,793,6,101,2025-04-29,1,1,1
2114,794,3,302,2026-01-01,1,0,1
2115,794,3,201,2025-04-10,1,1,1
2116,794,3,101,2025-06-24,1,1,1
2117,794,3,101,2026-01-29,1,0,1
2118,794,3,301,2026-01-27,1,1,1
2119,795,3,201,2026-03-07,1,1,1
2120,795,3,102,2025-12-27,1,1,1
2121,797,6,101,2025-04-15,1,1,1
2122,797,6,102,2025-11-06,1,1,1
2123,797,6,301,2026-02-09,1,0,1
2124,798,7,402,2025-11-22,1,1,1
2125,798,7,402,2025-05-02,1,1,1
2126,798,7,402,2025-10-12,1,0,1
2127,798,7,402,2025-05-06,1,1,1
2128,799,6,102,2025-03-28,1,1,1
2129,799,6,302,2025-02-27,1,1,1
2130,801,6,101,2025-05-22,1,1,1
2131,801,6,101,2025-04-18,1,1,1
2132,802,5,102,2025-04-19,1,0,1
2133,802,5,101,2025-07-22,1,0,1
2134,802,5,102,2025-09-01,1,1,1
2135,803,2,102,2025-11-06,1,1,1
2136,803,2,302,2025-07-24,1,0,1
2137,803,2,301,2025-07-11,1,1,1
2138,803,2,101,2025-10-12,1,0,1
2139,804,5,101,2025-09-25,1,0,1
2140,804,5,102,2025-03-18,1,1,1
2141,805,2,102,2025-03-28,1,1,1
2142,806,7,402,2026-01-02,1,1,1
2143,807,1,101,2025-06-10,1,0,1
2144,807,1,201,2026-01-30,1,1,1
2145,808,7,402,2025-04-27,1,1,1
2146,808,7,401,2025-02-04,1,1,1
2147,808,7,402,2025-06-06,1,1,1
2148,808,7,402,2025-04-16,1,0,1
2149,809,6,102,2025-04-15,1,1,1
2150,809,6,101,2025-02-08,1,1,1
2151,809,6,102,2025-05-21,1,1,1
2152,809,6,302,2025-03-15,1,1,1
2153,810,6,302,2026-02-15,1,1,1
2154,811,3,301,2025-05-18,1,1,1
2155,811,3,102,2025-12-18,1,1,1
2156,811,3,201,2025-05-27,1,1,1
2157,811,3,102,2025-03-13,1,1,1
2158,812,6,302,2026-01-13,1,0,1
2159,812,6,102,2025-07-27,1,1,1
2160,812,6,201,2025-07-30,1,1,1
2161,812,6,101,2025-04-09,1,1,1
2162,813,2,302,2025-03-19,1,1,1
2163,814,5,301,2026-01-26,1,1,1
2164,815,7,402,2025-10-22,1,1,1
2165,815,7,402,2025-09-26,1,1,1
2166,816,1,302,2025-07-10,1,1,1
2167,816,1,301,2025-10-20,1,1,1
2168,817,7,401,2025-10-10,1,1,1
2169,817,7,402,2025-11-18,1,1,1
2170,817,7,401,2025-07-04,1,1,1
2171,817,7,401,2025-11-20,1,0,1
2172,818,4,302,2025-12-18,1,1,1
2173,818,4,102,2025-07-17,1,1,1
2174,818,4,102,2025-06-18,1,1,1
2175,818,4,302,2025-09-18,1,1,1
2176,819,1,101,2025-10-29,1,1,1
2177,819,1,301,2025-09-10,1,1,1
2178,819,1,102,2025-02-05,1,1,1
2179,819,1,102,2025-04-27,1,0,1
2180,819,1,102,2025-10-10,1,1,1
2181,820,6,101,2025-07-19,1,1,1
2182,820,6,101,2026-02-25,1,1,1
2183,820,6,102,2025-02-11,1,0,1
2184,820,6,101,2025-08-12,1,1,1
2185,821,6,301,2025-03-29,1,1,1
2186,821,6,302,2025-10-23,1,0,1
2187,822,6,101,2025-08-27,1,1,1
2188,822,6,101,2025-03-20,1,0,1
2189,822,6,301,2026-02-15,1,1,1
2190,823,1,301,2025-09-22,1,1,1
2191,823,1,302,2026-03-03,1,1,1
2192,823,1,302,2026-02-14,1,1,1
2193,824,2,101,2026-02-11,1,1,1
2194,824,2,201,2025-03-15,1,1,1
2195,824,2,302,2025-06-13,1,1,1
2196,824,2,301,2025-02-26,1,1,1
2197,826,6,102,2025-03-22,1,1,1
2198,826,6,102,2025-03-15,1,1,1
2199,826,6,101,2025-03-16,1,1,1
2200,827,6,201,2026-02-24,1,1,1
2201,827,6,302,2025-07-09,1,1,1
2202,828,1,201,2026-01-07,1,1,1
2203,830,3,201,2025-02-16,1,1,1
2204,830,3,301,2025-11-22,1,1,1
2205,831,4,302,2025-06-20,1,1,1
2206,831,4,301,2025-04-17,1,1,1
2207,831,4,101,2025-11-09,1,1,1
2208,832,6,102,2025-11-04,1,1,1
2209,833,6,102,2025-10-21,1,1,1
2210,833,6,301,2026-02-28,1,1,1
2211,833,6,201,2025-04-18,1,1,1
2212,833,6,301,2025-10-30,1,1,1
2213,833,6,201,2025-03-08,1,1,1
2214,834,6,301,2025-08-03,1,1,1
2215,834,6,102,2025-04-23,1,1,1
2216,834,6,102,2025-09-21,1,1,1
2217,836,1,302,2025-11-10,1,1,1
2218,836,1,201,2025-04-01,1,1,1
2219,837,1,201,2025-02-10,1,1,1
2220,837,1,201,2025-08-23,1,1,1
2221,837,1,101,2025-03-04,1,1,1
2222,837,1,301,2025-05-24,1,1,1
2223,839,1,101,2025-06-05,1,1,1
2224,839,1,302,2025-03-17,1,1,1
2225,841,6,102,2025-04-07,1,1,1
2226,841,6,302,2025-12-19,1,1,1
2227,841,6,301,2025-03-18,1,0,1
2228,841,6,102,2025-06-16,1,0,1
2229,842,6,101,2025-09-08,1,1,1
2230,842,6,301,2025-05-26,1,1,1
2231,842,6,201,2026-02-07,1,1,1
2232,842,6,101,2025-07-07,1,1,1
2233,842,6,102,2025-09-14,1,1,1
2234,843,5,201,2025-02-13,1,1,1
2235,843,5,101,2025-07-21,1,1,1
2236,844,6,102,2025-07-09,1,1,1
2237,844,6,301,2025-06-13,1,1,1
2238,845,7,402,2025-11-01,1,1,1
2239,845,7,401,2025-07-13,1,1,1
2240,846,6,301,2025-05-05,1,1,1
2241,846,6,301,2025-02-02,1,1,1
2242,846,6,302,2025-09-03,1,1,1
2243,846,6,301,2026-01-24,1,1,1
2244,847,3,201,2025-12-16,1,1,1
2245,847,3,301,2025-08-29,1,1,1
2246,847,3,302,2025-06-19,1,1,1
2247,847,3,302,2025-09-28,1,1,1
2248,848,5,101,2025-08-05,1,1,1
2249,848,5,101,2025-03-28,1,0,1
2250,848,5,302,2025-11-17,1,1,1
2251,848,5,301,2025-04-16,1,1,1
2252,849,4,102,2025-07-08,1,1,1
2253,850,6,302,2025-03-29,1,1,1
2254,850,6,102,2025-12-24,1,1,1
2255,850,6,301,2025-12-07,1,1,1
2256,850,6,201,2025-06-12,1,1,1
2257,851,1,301,2025-06-22,1,1,1
2258,851,1,201,2025-03-18,1,1,1
2259,851,1,101,2026-01-30,1,1,1
2260,852,1,302,2025-06-08,1,1,1
2261,852,1,101,2025-09-08,1,1,1
2262,852,1,102,2025-07-23,1,1,1
2263,853,6,101,2025-06-22,1,1,1
2264,853,6,302,2025-11-02,1,1,1
2265,853,6,101,2025-08-27,1,1,1
2266,853,6,201,2025-02-10,1,1,1
2267,854,1,101,2025-04-24,1,1,1
2268,854,1,201,2026-01-03,1,1,1
2269,855,1,102,2025-04-02,1,1,1
2270,855,1,301,2025-12-10,1,0,1
2271,855,1,302,2025-06-03,1,1,1
2272,855,1,301,2026-02-01,1,1,1
2273,856,7,401,2025-03-04,1,1,1
2274,856,7,401,2025-09-17,1,1,1
2275,856,7,401,2025-06-22,1,1,1
2276,856,7,401,2025-05-19,1,1,1
2277,857,7,401,2026-01-20,1,1,1
2278,857,7,402,2025-11-29,1,1,1
2279,858,7,401,2026-02-23,1,1,1
2280,858,7,402,2025-04-21,1,1,1
2281,858,7,402,2025-12-13,1,1,1
2282,858,7,401,2025-06-13,1,1,1
2283,859,6,301,2025-07-19,1,1,1
2284,860,1,101,2025-09-13,1,1,1
2285,860,1,201,2025-10-30,1,1,1
2286,860,1,102,2025-02-12,1,1,1
2287,860,1,301,2025-11-13,1,1,1
2288,860,1,302,2025-09-16,1,1,1
2289,861,2,102,2025-12-04,1,1,1
2290,861,2,101,2025-09-28,1,1,1
2291,861,2,101,2025-03-27,1,1,1
2292,862,2,102,2025-05-15,1,1,1
2293,862,2,302,2025-11-29,1,1,1
2294,863,7,402,2025-04-03,1,1,1
2295,863,7,401,2025-05-28,1,1,1
2296,863,7,401,2025-09-03,1,1,1
2297,864,1,102,2025-11-08,1,1,1
2298,864,1,101,2026-02-02,1,1,1
2299,864,1,302,2025-07-31,1,1,1
2300,866,1,102,2026-01-09,1,1,1
2301,866,1,201,2026-03-01,1,1,1
2302,866,1,102,2025-08-22,1,1,1
2303,866,1,102,2025-04-04,1,1,1
2304,866,1,301,2025-08-16,1,1,1
2305,866,1,302,2025-08-15,1,1,1
2306,867,7,402,2025-02-11,1,1,1
2307,867,7,402,2026-01-16,1,1,1
2308,867,7,402,2025-12-15,1,0,1
2309,868,5,201,2025-04-14,1,1,1
2310,868,5,101,2026-02-12,1,1,1
2311,868,5,101,2025-07-03,1,1,1
2312,868,5,102,2025-02-03,1,1,1
2313,869,1,102,2025-12-30,1,1,1
2314,869,1,302,2026-03-08,1,1,1
2315,869,1,102,2025-05-20,1,1,1
2316,870,1,302,2025-11-05,1,1,1
2317,870,1,201,2025-05-24,1,1,1
2318,870,1,101,2025-03-27,1,0,1
2319,870,1,301,2025-03-11,1,1,1
2320,871,6,101,2025-08-08,1,1,1
2321,871,6,101,2026-02-04,1,1,1
2322,871,6,201,2026-02-01,1,1,1
2323,871,6,302,2026-01-24,1,1,1
2324,873,3,302,2025-05-31,1,1,1
2325,873,3,201,2025-03-20,1,1,1
2326,873,3,101,2025-04-02,1,1,1
2327,873,3,201,2025-09-04,1,1,1
2328,874,2,302,2025-11-27,1,1,1
2329,874,2,301,2025-04-04,1,1,1
2330,875,5,201,2026-02-27,1,1,1
2331,875,5,101,2026-03-02,1,1,1
2332,877,7,401,2025-12-01,1,1,1
2333,877,7,402,2025-10-13,1,1,1
2334,877,7,401,2025-06-13,1,1,1
2335,878,6,302,2025-05-28,1,1,1
2336,879,1,201,2025-09-11,1,1,1
2337,879,1,201,2025-09-05,1,1,1
2338,879,1,301,2025-02-19,1,1,1
2339,879,1,201,2025-03-25,1,0,1
2340,881,7,402,2025-06-15,1,1,1
2341,882,5,102,2026-02-06,1,1,1
2342,882,5,101,2025-10-08,1,1,1
2343,882,5,201,2025-05-28,1,1,1
2344,882,5,302,2025-05-07,1,0,1
2345,883,6,201,2025-07-17,1,1,1
2346,883,6,301,2025-08-16,1,1,1
2347,883,6,101,2025-04-30,1,1,1
2348,883,6,201,2026-02-20,1,1,1
2349,883,6,301,2025-08-26,1,1,1
2350,884,7,402,2025-09-18,1,1,1
2351,884,7,402,2025-04-11,1,1,1
2352,884,7,401,2025-08-13,1,1,1
2353,884,7,401,2025-03-07,1,1,1
2354,884,7,401,2025-05-18,1,1,1
2355,884,7,402,2026-01-21,1,1,1
2356,885,6,102,2025-09-09,1,1,1
2357,886,7,402,2026-01-22,1,1,1
2358,886,7,401,2025-10-23,1,1,1
2359,886,7,402,2025-05-31,1,1,1
2360,886,7,401,2025-07-22,1,0,1
2361,887,2,101,2025-02-14,1,1,1
2362,887,2,302,2025-12-07,1,1,1
2363,887,2,102,2025-11-23,1,1,1
2364,887,2,301,2025-07-18,1,1,1
2365,888,4,201,2025-07-11,1,1,1
2366,888,4,102,2026-02-13,1,1,1
2367,888,4,201,2025-03-02,1,1,1
2368,889,7,402,2025-04-23,1,1,1
2369,889,7,402,2025-11-28,1,1,1
2370,889,7,401,2026-03-08,1,1,1
2371,889,7,402,2025-05-04,1,1,1
2372,890,5,102,2025-05-17,1,1,1
2373,890,5,102,2025-05-02,1,0,1
2374,890,5,102,2025-04-17,1,1,1
2375,891,1,301,2025-12-31,1,1,1
2376,891,1,301,2025-04-03,1,1,1
2377,891,1,301,2025-04-26,1,1,1
2378,893,6,101,2025-11-10,1,1,1
2379,893,6,301,2025-05-31,1,1,1
2380,895,2,302,2025-11-27,1,0,1
2381,896,3,101,2026-02-18,1,1,1
2382,896,3,301,2025-11-19,1,1,1
2383,896,3,302,2025-06-17,1,0,1
2384,896,3,102,2025-06-18,1,1,1
2385,896,3,301,2025-03-04,1,1,1
2386,897,1,301,2026-02-24,1,1,1
2387,897,1,101,2025-03-14,1,1,1
2388,898,2,101,2026-01-17,1,1,1
2389,898,2,101,2025-06-30,1,1,1
2390,899,1,301,2025-05-05,1,1,1
2391,899,1,201,2025-08-12,1,1,1
2392,899,1,302,2025-03-30,1,1,1
2393,900,3,302,2025-09-16,1,1,1
2394,900,3,301,2025-11-12,1,1,1
2395,900,3,101,2025-11-16,1,1,1
2396,900,3,101,2026-02-23,1,1,1
2397,900,3,201,2025-04-22,1,1,1
2398,901,6,101,2025-05-24,1,1,1
2399,901,6,302,2025-09-25,1,1,1
2400,901,6,102,2025-10-11,1,1,1
2401,901,6,102,2025-03-17,1,1,1
2402,901,6,102,2025-04-02,1,1,1
2403,902,4,101,2026-03-03,1,1,1
2404,902,4,302,2025-03-03,1,1,1
2405,902,4,102,2026-02-03,1,1,1
2406,902,4,301,2025-12-28,1,1,1
2407,903,2,102,2025-07-06,1,1,1
2408,903,2,201,2025-11-29,1,1,1
2409,906,6,301,2025-10-17,1,1,1
2410,906,6,302,2025-02-02,1,1,1
2411,906,6,301,2025-08-06,1,1,1
2412,907,1,101,2026-01-07,1,1,1
2413,907,1,101,2025-04-29,1,1,1
2414,907,1,302,2025-05-07,1,0,1
2415,907,1,101,2026-03-05,1,1,1
2416,908,3,302,2025-06-13,1,0,1
2417,908,3,302,2025-02-18,1,1,1
2418,908,3,302,2025-04-22,1,1,1
2419,908,3,201,2025-06-07,1,1,1
2420,909,1,102,2025-02-21,1,1,1
2421,910,6,201,2025-03-03,1,1,1
2422,911,4,201,2026-02-03,1,1,1
2423,912,1,301,2025-11-11,1,1,1
2424,912,1,302,2025-05-18,1,1,1
2425,912,1,302,2026-03-05,1,1,1
2426,912,1,102,2025-04-25,1,1,1
2427,913,2,102,2025-04-09,1,1,1
2428,913,2,101,2025-02-14,1,1,1
2429,914,6,101,2025-06-18,1,1,1
2430,914,6,201,2025-11-24,1,1,1
2431,916,6,201,2025-12-11,1,1,1
2432,916,6,302,2025-03-01,1,1,1
2433,916,6,101,2025-10-13,1,1,1
2434,916,6,301,2025-10-05,1,1,1
2435,917,6,201,2025-02-08,1,1,1
2436,917,6,301,2026-03-04,1,1,1
2437,917,6,201,2025-11-17,1,1,1
2438,918,4,302,2025-03-23,1,1,1
2439,919,2,301,2025-05-29,1,0,1
2440,919,2,101,2025-05-30,1,1,1
2441,919,2,301,2025-09-05,1,1,1
2442,920,4,201,2025-10-19,1,1,1
2443,920,4,301,2025-03-25,1,1,1
2444,920,4,102,2025-12-15,1,1,1
2445,920,4,301,2026-02-28,1,1,1
2446,920,4,102,2025-11-20,1,0,1
2447,921,6,102,2025-05-09,1,1,1
2448,921,6,102,2025-03-05,1,1,1
2449,921,6,201,2025-07-20,1,1,1
2450,922,3,201,2026-03-03,1,1,1
2451,922,3,102,2025-12-25,1,1,1
2452,923,1,302,2025-10-07,1,1,1
2453,924,7,402,2025-04-06,1,1,1
2454,924,7,402,2025-06-09,1,1,1
2455,924,7,401,2025-03-20,1,1,1
2456,924,7,401,2025-06-11,1,1,1
2457,924,7,402,2025-11-04,1,1,1
2458,925,5,101,2025-11-05,1,1,1
2459,925,5,301,2025-09-09,1,1,1
2460,925,5,301,2025-11-22,1,1,1
2461,925,5,102,2025-06-01,1,1,1
2462,926,7,401,2025-12-14,1,1,1
2463,926,7,401,2025-09-28,1,1,1
2464,926,7,402,2025-06-21,1,1,1
2465,926,7,401,2025-07-21,1,1,1
2466,927,6,302,2026-03-04,1,1,1
2467,927,6,201,2026-01-30,1,1,1
2468,927,6,301,2025-04-30,1,1,1
2469,929,7,401,2026-03-06,1,1,1
2470,929,7,401,2025-05-22,1,1,1
2471,929,7,402,2025-03-14,1,1,1
2472,930,3,302,2025-05-05,1,1,1
2473,930,3,201,2025-03-27,1,0,1
2474,930,3,302,2026-02-09,1,1,1
2475,930,3,301,2025-07-04,1,1,1
2476,931,7,402,2025-12-28,1,1,1
2477,931,7,401,2025-04-28,1,1,1
2478,931,7,401,2025-06-21,1,1,1
2479,932,5,101,2025-12-08,1,1,1
2480,933,7,401,2025-09-16,1,1,1
2481,933,7,401,2025-08-24,1,1,1
2482,933,7,401,2025-07-26,1,1,1
2483,933,7,401,2025-08-04,1,1,1
2484,934,3,301,2025-12-29,1,1,1
2485,934,3,101,2025-05-30,1,0,1
2486,934,3,302,2026-02-13,1,0,1
2487,935,6,102,2025-05-14,1,1,1
2488,935,6,302,2025-04-10,1,1,1
2489,935,6,102,2025-09-26,1,1,1
2490,935,6,101,2025-12-01,1,1,1
2491,936,1,301,2025-10-29,1,1,1
2492,937,7,402,2025-08-24,1,1,1
2493,938,6,101,2025-09-12,1,1,1
2494,939,4,102,2026-02-01,1,1,1
2495,939,4,201,2025-11-21,1,0,1
2496,939,4,201,2025-04-30,1,1,1
2497,939,4,102,2025-03-19,1,1,1
2498,939,4,301,2026-01-04,1,1,1
2499,940,1,102,2025-05-13,1,1,1
2500,941,1,302,2026-01-31,1,1,1
2501,941,1,101,2025-07-04,1,1,1
2502,941,1,102,2026-02-02,1,1,1
2503,941,1,101,2025-06-22,1,1,1
2504,942,6,102,2025-09-26,1,1,1
2505,942,6,301,2025-08-18,1,1,1
2506,942,6,302,2025-09-04,1,1,1
2507,942,6,101,2026-01-21,1,1,1
2508,942,6,102,2025-12-07,1,1,1
2509,943,2,301,2025-10-01,1,1,1
2510,943,2,201,2025-03-24,1,1,1
2511,944,7,401,2025-10-12,1,1,1
2512,944,7,401,2026-01-24,1,1,1
2513,944,7,401,2025-04-28,1,0,1
2514,945,2,201,2025-06-17,1,1,1
2515,945,2,101,2025-04-28,1,1,1
2516,946,6,201,2025-10-15,1,1,1
2517,947,6,301,2025-02-06,1,1,1
2518,947,6,102,2025-07-01,1,1,1
2519,947,6,302,2025-05-27,1,1,1
2520,947,6,301,2025-04-12,1,1,1
2521,948,2,301,2025-10-23,1,1,1
2522,948,2,301,2025-06-17,1,1,1
2523,951,6,302,2025-12-18,1,1,1
2524,951,6,201,2025-06-18,1,1,1
2525,951,6,102,2026-02-07,1,1,1
2526,951,6,201,2026-03-07,1,1,1
2527,951,6,302,2025-02-17,1,1,1
2528,951,6,302,2025-10-03,1,1,1
2529,952,5,301,2025-10-09,1,0,1
2530,952,5,301,2025-07-01,1,1,1
2531,952,5,102,2025-10-26,1,1,1
2532,953,2,101,2025-08-12,1,1,1
2533,953,2,101,2025-09-20,1,1,1
2534,954,4,201,2025-09-28,1,1,1
2535,954,4,102,2025-08-18,1,1,1
2536,954,4,102,2026-03-08,1,1,1
2537,954,4,101,2025-07-03,1,1,1
2538,954,4,101,2025-10-23,1,1,1
2539,955,1,102,2026-01-23,1,1,1
2540,955,1,102,2025-03-29,1,1,1
2541,955,1,101,2025-07-08,1,1,1
2542,955,1,201,2025-09-21,1,0,1
2543,956,6,101,2025-06-01,1,1,1
2544,956,6,201,2025-09-08,1,1,1
2545,956,6,101,2025-02-19,1,1,1
2546,957,4,201,2025-12-01,1,1,1
2547,958,1,301,2025-09-14,1,1,1
2548,958,1,102,2025-08-27,1,0,1
2549,958,1,301,2025-04-03,1,1,1
2550,959,1,102,2025-10-02,1,1,1
2551,959,1,302,2026-03-05,1,1,1
2552,959,1,101,2026-03-02,1,1,1
2553,960,7,401,2025-07-19,1,1,1
2554,960,7,401,2026-02-20,1,1,1
2555,960,7,401,2025-05-16,1,1,1
2556,961,2,301,2025-07-12,1,0,1
2557,961,2,201,2026-01-10,1,1,1
2558,963,1,301,2025-12-29,1,0,1
2559,963,1,302,2026-01-25,1,1,1
2560,963,1,101,2025-08-25,1,1,1
2561,964,7,402,2025-05-07,1,1,1
2562,964,7,401,2025-08-25,1,1,1
2563,964,7,401,2026-01-13,1,1,1
2564,964,7,401,2025-11-25,1,1,1
2565,965,6,302,2025-04-23,1,1,1
2566,965,6,301,2025-04-20,1,1,1
2567,965,6,301,2026-03-01,1,1,1
2568,966,2,101,2025-02-04,1,1,1
2569,967,6,102,2025-06-30,1,1,1
2570,967,6,102,2026-02-03,1,0,1
2571,967,6,302,2026-01-07,1,1,1
2572,968,1,201,2025-12-25,1,1,1
2573,968,1,302,2025-03-30,1,1,1
2574,969,6,301,2025-08-14,1,0,1
2575,969,6,302,2025-12-13,1,1,1
2576,970,6,102,2025-06-13,1,0,1
2577,970,6,302,2025-06-20,1,1,1
2578,971,6,101,2026-03-08,1,1,1
2579,971,6,101,2025-11-03,1,1,1
2580,972,7,402,2025-12-26,1,1,1
2581,973,1,201,2025-10-29,1,1,1
2582,973,1,302,2026-02-24,1,1,1
2583,974,1,301,2025-06-10,1,1,1
2584,974,1,302,2026-01-03,1,1,1
2585,974,1,102,2026-01-01,1,1,1
2586,974,1,302,2025-02-01,1,1,1
2587,974,1,102,2026-03-04,1,1,1
2588,976,4,201,2025-02-25,1,0,1
2589,976,4,102,2025-12-20,1,0,1
2590,976,4,302,2025-12-25,1,0,1
2591,977,2,102,2025-10-29,1,1,1
2592,977,2,102,2025-09-01,1,1,1
2593,977,2,302,2026-03-02,1,1,1
2594,977,2,201,2025-10-28,1,1,1
2595,977,2,201,2025-02-16,1,1,1
2596,978,2,102,2026-01-04,1,1,1
2597,978,2,302,2025-11-17,1,1,1
2598,978,2,102,2025-09-28,1,1,1
2599,978,2,201,2025-09-03,1,1,1
2600,979,5,101,2025-08-17,1,1,1
2601,979,5,101,2025-09-30,1,1,1
2602,979,5,301,2025-02-08,1,1,1
2603,980,6,101,2025-04-03,1,1,1
2604,980,6,301,2026-02-23,1,0,1
2605,980,6,102,2025-09-04,1,1,1
2606,981,4,201,2025-12-02,1,1,1
2607,982,5,201,2025-10-26,1,1,1
2608,982,5,301,2025-03-14,1,1,1
2609,983,6,102,2026-01-03,1,1,1
2610,984,2,302,2025-03-19,1,0,1
2611,984,2,102,2025-09-23,1,1,1
2612,984,2,201,2025-05-05,1,1,1
2613,984,2,302,2025-11-19,1,1,1
2614,984,2,301,2026-01-27,1,1,1
2615,986,7,401,2025-07-01,1,1,1
2616,986,7,401,2025-04-10,1,1,1
2617,986,7,402,2025-08-01,1,0,1
2618,987,4,302,2026-01-25,1,1,1
2619,988,7,402,2025-06-05,1,1,1
2620,988,7,402,2025-06-20,1,1,1
2621,988,7,401,2026-02-03,1,1,1
2622,989,7,402,2026-01-31,1,1,1
2623,989,7,402,2025-05-13,1,1,1
2624,989,7,401,2025-02-20,1,1,1
2625,990,5,302,2025-08-28,1,1,1
2626,990,5,201,2025-04-08,1,1,1
2627,991,5,301,2026-01-08,1,1,1
2628,991,5,102,2025-02-26,1,1,1
2629,992,5,302,2025-04-26,1,1,1
2630,992,5,301,2025-04-07,1,1,1
2631,992,5,101,2025-08-23,1,1,1
2632,992,5,101,2025-11-19,1,1,1
2633,992,5,302,2025-05-08,1,1,1
2634,992,5,201,2025-11-30,1,1,1
2635,993,5,302,2026-02-11,1,1,1
2636,993,5,302,2025-07-15,1,1,1
2637,993,5,302,2025-08-24,1,1,1
2638,993,5,302,2026-01-30,1,1,1
2639,993,5,301,2025-05-07,1,1,1
2640,995,2,101,2025-10-27,1,1,1
2641,995,2,102,2025-06-09,1,0,1
2642,995,2,302,2025-03-21,1,1,1
2643,995,2,201,2025-10-29,1,1,1
2644,996,6,102,2025-08-26,1,1,1
2645,996,6,101,2025-03-07,1,0,1
2646,996,6,201,2026-01-01,1,1,1
2647,996,6,301,2025-04-17,1,1,1
2648,997,2,102,2025-06-26,1,1,1
2649,997,2,302,2025-07-04,1,0,1
2650,997,2,101,2025-10-23,1,0,1
2651,997,2,302,2025-04-19,1,1,1
2652,997,2,302,2025-02-17,1,1,1
2653,998,6,201,2025-08-16,1,1,1
2654,998,6,201,2026-01-08,1,1,1
2655,998,6,102,2025-02-06,1,1,1
2656,999,3,302,2025-07-23,1,1,1
2657,999,3,102,2025-10-07,1,0,1
2658,1000,5,101,2025-06-14,1,1,1
2659,1000,5,302,2025-08-25,1,1,1
2660,1000,5,102,2025-11-19,1,1,1
2661,1000,5,302,2025-02-18,1,1,1
2662,1000,5,201,2025-04-09,1,1,1
2663,1000,5,101,2026-01-04,1,1,1
2664,1001,2,302,2025-03-24,1,1,1
2665,1001,2,302,2025-07-21,1,1,1
2666,1002,2,101,2025-07-08,1,1,1
2667,1002,2,301,2026-01-30,1,1,1
2668,1002,2,102,2025-03-10,1,1,1
2669,1002,2,102,2025-12-14,1,1,1
2670,1002,2,201,2025-03-22,1,1,1
2671,1002,2,101,2025-10-09,1,0,1
2672,1003,3,301,2025-07-30,1,1,1
2673,1003,3,101,2025-03-17,1,1,1
2674,1003,3,302,2025-05-03,1,1,1
2675,1004,5,201,2026-02-17,1,1,1
2676,1004,5,302,2025-03-09,1,1,1
2677,1004,5,302,2025-10-06,1,1,1
2678,1004,5,102,2025-02-21,1,1,1
2679,1004,5,102,2025-05-06,1,1,1
2680,1004,5,201,2025-07-09,1,1,1
2681,1005,7,401,2025-10-11,1,1,1
2682,1005,7,402,2026-02-19,1,0,1
2683,1006,3,102,2025-03-06,1,1,1
2684,1006,3,101,2025-09-29,1,1,1
2685,1006,3,301,2026-03-06,1,1,1
2686,1006,3,302,2025-09-30,1,0,1
2687,1006,3,101,2026-01-19,1,1,1
2688,1006,3,302,2025-08-02,1,1,1
2689,1008,6,302,2025-03-13,1,1,1
2690,1008,6,201,2025-05-10,1,1,1
2691,1008,6,201,2025-03-10,1,0,1
2692,1008,6,302,2025-10-19,1,1,1
2693,1010,1,201,2025-09-20,1,1,1
2694,1010,1,201,2025-12-15,1,1,1
2695,1011,6,302,2025-08-23,1,1,1
2696,1011,6,101,2025-10-01,1,1,1
2697,1013,3,201,2025-07-10,1,1,1
2698,1013,3,101,2025-02-10,1,1,1
2699,1014,5,302,2025-03-14,1,1,1
2700,1014,5,302,2025-05-19,1,0,1
2701,1014,5,302,2026-03-01,1,1,1
2702,1014,5,102,2026-02-14,1,1,1
2703,1014,5,101,2025-08-10,1,1,1
2704,1014,5,302,2026-01-17,1,1,1
2705,1015,2,302,2025-04-19,1,1,1
2706,1015,2,301,2025-12-09,1,1,1
2707,1015,2,201,2025-08-15,1,1,1
2708,1015,2,201,2026-01-30,1,1,1
2709,1015,2,302,2025-05-16,1,1,1
2710,1016,6,102,2025-05-09,1,1,1
2711,1016,6,302,2025-07-04,1,1,1
2712,1016,6,201,2025-10-16,1,1,1
2713,1016,6,302,2026-02-26,1,1,1
2714,1017,7,401,2025-12-07,1,1,1
2715,1017,7,402,2025-02-22,1,1,1
2716,1017,7,401,2026-01-14,1,0,1
2717,1017,7,401,2025-12-12,1,1,1
2718,1018,6,101,2026-01-15,1,1,1
2719,1019,2,301,2025-07-22,1,1,1
2720,1019,2,302,2025-07-24,1,1,1
2721,1019,2,302,2025-04-25,1,0,1
2722,1019,2,301,2026-01-03,1,1,1
2723,1019,2,101,2026-01-02,1,1,1
2724,1020,6,102,2025-07-11,1,1,1
2725,1020,6,102,2025-09-29,1,1,1
2726,1021,4,201,2025-06-23,1,1,1
2727,1021,4,201,2026-01-24,1,1,1
2728,1021,4,101,2026-01-14,1,1,1
2729,1021,4,102,2025-05-12,1,1,1
2730,1023,6,101,2025-11-21,1,1,1
2731,1023,6,201,2025-11-23,1,1,1
2732,1023,6,201,2025-10-07,1,1,1
2733,1023,6,301,2025-04-09,1,1,1
2734,1024,3,201,2025-11-23,1,1,1
2735,1024,3,301,2025-08-06,1,1,1
2736,1024,3,102,2025-04-12,1,1,1
2737,1024,3,301,2025-11-01,1,0,1
2738,1024,3,201,2025-08-11,1,0,1
2739,1025,7,401,2025-10-23,1,1,1
2740,1025,7,402,2025-02-27,1,0,1
2741,1025,7,402,2025-08-22,1,1,1
2742,1026,7,402,2026-02-10,1,0,1
2743,1026,7,401,2025-09-08,1,1,1
2744,1027,1,101,2025-11-28,1,1,1
2745,1027,1,101,2025-04-26,1,1,1
2746,1029,6,102,2025-02-12,1,1,1
2747,1029,6,302,2025-04-22,1,1,1
2748,1029,6,102,2025-09-24,1,1,1
2749,1029,6,201,2026-01-23,1,1,1
2750,1030,3,302,2025-05-07,1,1,1
2751,1030,3,301,2025-12-17,1,0,1
2752,1030,3,302,2025-04-10,1,1,1
2753,1031,7,402,2026-01-05,1,1,1
2754,1031,7,402,2025-06-20,1,1,1
2755,1031,7,401,2025-06-27,1,0,1
2756,1031,7,402,2025-07-19,1,1,1
2757,1031,7,401,2025-04-05,1,1,1
2758,1032,6,302,2025-07-29,1,1,1
2759,1032,6,201,2025-06-26,1,1,1
2760,1032,6,201,2025-08-23,1,1,1
2761,1033,3,302,2025-08-09,1,1,1
2762,1033,3,102,2025-12-13,1,1,1
2763,1033,3,301,2026-01-25,1,0,1
2764,1033,3,301,2025-06-01,1,1,1
2765,1033,3,301,2025-09-04,1,1,1
2766,1033,3,102,2025-09-05,1,1,1
2767,1036,4,301,2025-05-12,1,0,1
2768,1036,4,201,2025-03-05,1,1,1
2769,1036,4,201,2025-02-14,1,1,1
2770,1038,1,301,2026-02-07,1,1,1
2771,1038,1,101,2025-03-21,1,1,1
2772,1038,1,201,2025-07-28,1,1,1
2773,1038,1,302,2025-03-04,1,1,1
2774,1038,1,201,2025-06-11,1,1,1
2775,1038,1,201,2025-06-06,1,0,1
2776,1039,6,302,2026-01-30,1,1,1
2777,1039,6,301,2026-02-10,1,1,1
2778,1039,6,201,2026-01-15,1,1,1
2779,1040,6,302,2026-02-06,1,0,1
2780,1040,6,301,2026-02-12,1,1,1
2781,1040,6,101,2025-10-27,1,1,1
2782,1040,6,302,2025-09-11,1,1,1
2783,1041,6,302,2025-07-20,1,1,1
2784,1041,6,301,2025-11-11,1,1,1
2785,1041,6,102,2025-07-16,1,1,1
2786,1041,6,302,2025-12-19,1,1,1
2787,1041,6,302,2025-11-08,1,1,1
2788,1041,6,101,2025-09-28,1,1,1
2789,1043,5,301,2026-02-10,1,1,1
2790,1044,3,101,2025-03-24,1,1,1
2791,1045,1,302,2025-10-09,1,1,1
2792,1045,1,102,2025-04-15,1,1,1
2793,1045,1,302,2025-05-20,1,1,1
2794,1046,3,302,2025-08-27,1,1,1
2795,1046,3,201,2025-05-07,1,1,1
2796,1046,3,302,2025-07-15,1,1,1
2797,1046,3,102,2025-08-22,1,1,1
2798,1047,7,401,2025-09-13,1,1,1
2799,1047,7,402,2025-12-16,1,1,1
2800,1047,7,401,2025-11-01,1,1,1
2801,1047,7,402,2025-02-24,1,1,1
2802,1047,7,401,2025-05-05,1,1,1
2803,1049,1,301,2025-05-28,1,1,1
2804,1050,2,201,2025-07-03,1,1,1
2805,1050,2,301,2025-12-07,1,1,1
2806,1050,2,302,2025-12-09,1,1,1
2807,1050,2,101,2025-10-06,1,1,1
2808,1051,6,201,2026-01-20,1,1,1
2809,1051,6,201,2025-08-19,1,1,1
2810,1053,4,302,2025-12-16,1,1,1
2811,1053,4,101,2025-05-25,1,1,1
2812,1053,4,101,2026-02-02,1,0,1
2813,1053,4,301,2025-06-06,1,1,1
2814,1053,4,102,2025-05-06,1,1,1
2815,1054,5,102,2025-10-11,1,1,1
2816,1054,5,301,2025-05-23,1,1,1
2817,1054,5,102,2025-09-01,1,1,1
2818,1054,5,302,2025-02-18,1,1,1
2819,1055,4,301,2025-09-15,1,0,1
2820,1055,4,101,2025-08-05,1,1,1
2821,1055,4,101,2025-02-18,1,1,1
2822,1055,4,201,2025-04-28,1,1,1
2823,1055,4,302,2025-07-06,1,1,1
2824,1055,4,102,2025-03-16,1,1,1
2825,1056,2,201,2025-04-09,1,1,1
2826,1056,2,301,2026-01-12,1,1,1
2827,1056,2,301,2026-02-24,1,1,1
2828,1056,2,201,2025-09-08,1,1,1
2829,1057,4,302,2025-09-09,1,1,1
2830,1057,4,102,2025-02-21,1,0,1
2831,1057,4,102,2025-05-09,1,1,1
2832,1058,6,201,2026-02-09,1,1,1
2833,1058,6,101,2025-09-18,1,1,1
2834,1058,6,201,2025-10-07,1,1,1
2835,1058,6,302,2025-10-26,1,1,1
2836,1059,7,401,2026-01-28,1,1,1
2837,1059,7,402,2026-02-14,1,0,1
2838,1059,7,402,2025-02-08,1,1,1
2839,1059,7,402,2026-01-05,1,1,1
2840,1059,7,401,2025-09-02,1,1,1
2841,1060,7,401,2026-02-17,1,1,1
2842,1060,7,401,2025-06-12,1,1,1
2843,1060,7,402,2025-03-24,1,1,1
2844,1060,7,401,2025-11-27,1,1,1
2845,1061,1,201,2025-11-15,1,1,1
2846,1061,1,201,2025-02-09,1,1,1
2847,1061,1,101,2025-05-05,1,1,1
2848,1061,1,301,2026-01-24,1,1,1
2849,1062,3,102,2025-10-30,1,1,1
2850,1062,3,201,2025-07-04,1,1,1
2851,1062,3,102,2025-12-24,1,1,1
2852,1062,3,102,2026-02-02,1,1,1
2853,1062,3,301,2026-01-23,1,1,1
2854,1062,3,301,2025-10-21,1,0,1
2855,1063,3,102,2025-12-27,1,1,1
2856,1063,3,302,2025-03-02,1,1,1
2857,1063,3,201,2025-06-29,1,1,1
2858,1063,3,101,2025-02-26,1,1,1
2859,1064,1,201,2025-08-09,1,1,1
2860,1064,1,301,2026-02-18,1,1,1
2861,1065,6,301,2026-01-14,1,0,1
2862,1065,6,201,2026-01-18,1,1,1
2863,1065,6,301,2025-11-18,1,1,1
2864,1065,6,301,2026-01-14,1,1,1
2865,1065,6,302,2025-02-02,1,1,1
2866,1065,6,302,2025-09-16,1,1,1
2867,1066,7,401,2025-03-03,1,1,1
2868,1067,2,101,2025-04-09,1,1,1
2869,1067,2,101,2025-07-16,1,1,1
2870,1067,2,201,2026-02-11,1,1,1
2871,1068,7,402,2025-10-26,1,1,1
2872,1068,7,402,2026-02-20,1,1,1
2873,1068,7,402,2025-07-31,1,1,1
2874,1069,4,301,2025-02-03,1,1,1
2875,1071,4,302,2025-09-01,1,1,1
2876,1071,4,302,2025-06-30,1,1,1
2877,1072,6,301,2025-06-11,1,1,1
2878,1072,6,201,2025-05-01,1,1,1
2879,1072,6,201,2025-06-14,1,1,1
2880,1072,6,101,2025-11-29,1,1,1
2881,1073,3,102,2025-05-15,1,1,1
2882,1073,3,102,2025-11-01,1,1,1
2883,1073,3,301,2026-03-05,1,0,1
2884,1074,4,101,2025-09-20,1,1,1
2885,1074,4,101,2025-08-29,1,1,1
2886,1075,6,201,2025-05-20,1,1,1
2887,1076,3,102,2026-01-22,1,0,1
2888,1076,3,201,2025-11-04,1,1,1
2889,1076,3,302,2025-05-26,1,1,1
2890,1078,5,101,2026-01-09,1,1,1
2891,1078,5,302,2026-03-02,1,0,1
2892,1078,5,301,2025-12-08,1,1,1
2893,1079,5,301,2025-06-20,1,1,1
2894,1079,5,201,2025-11-12,1,1,1
2895,1079,5,201,2025-08-05,1,1,1
2896,1080,6,201,2025-02-22,1,1,1
2897,1080,6,301,2026-02-21,1,1,1
2898,1081,6,201,2025-02-08,1,1,1
2899,1081,6,302,2025-12-25,1,1,1
2900,1081,6,102,2026-01-13,1,1,1
2901,1081,6,101,2025-11-27,1,1,1
2902,1082,1,301,2026-02-03,1,0,1
2903,1082,1,302,2025-04-17,1,1,1
2904,1082,1,101,2025-03-19,1,1,1
2905,1082,1,201,2025-12-05,1,1,1
2906,1083,4,302,2025-02-09,1,1,1
2907,1083,4,301,2025-07-10,1,1,1
2908,1083,4,102,2025-03-22,1,0,1
2909,1083,4,302,2026-01-07,1,1,1
2910,1083,4,301,2025-10-31,1,1,1
2911,1083,4,301,2025-12-10,1,1,1
2912,1084,2,101,2025-09-06,1,1,1
2913,1084,2,201,2026-01-18,1,1,1
2914,1085,3,101,2026-02-22,1,1,1
2915,1085,3,102,2025-07-14,1,1,1
2916,1085,3,302,2026-01-23,1,1,1
2917,1086,3,302,2025-06-06,1,1,1
2918,1086,3,102,2025-09-08,1,1,1
2919,1086,3,101,2025-08-04,1,1,1
2920,1087,7,401,2025-10-05,1,1,1
2921,1087,7,402,2025-05-19,1,1,1
2922,1087,7,401,2025-09-16,1,1,1
2923,1087,7,401,2025-08-16,1,1,1
2924,1088,5,101,2025-10-30,1,1,1
2925,1088,5,101,2025-10-15,1,1,1
2926,1089,4,201,2025-11-16,1,1,1
2927,1090,6,301,2025-06-01,1,1,1
2928,1090,6,102,2025-04-15,1,1,1
2929,1091,3,301,2025-11-24,1,1,1
2930,1093,3,301,2025-11-21,1,1,1
2931,1095,4,201,2026-02-01,1,1,1
2932,1095,4,302,2025-09-18,1,1,1
2933,1095,4,101,2025-11-10,1,1,1
2934,1095,4,201,2025-09-17,1,1,1
2935,1096,6,101,2025-09-16,1,1,1
2936,1096,6,301,2025-07-11,1,1,1
2937,1096,6,102,2025-03-12,1,1,1
2938,1097,2,102,2025-03-06,1,1,1
2939,1097,2,201,2025-07-15,1,1,1
2940,1097,2,301,2025-11-13,1,1,1
2941,1097,2,302,2025-10-20,1,1,1
2942,1097,2,302,2025-12-19,1,1,1
2943,1097,2,301,2025-11-09,1,1,1
2944,1098,5,302,2025-05-17,1,1,1
2945,1099,1,301,2025-04-19,1,1,1
2946,1099,1,102,2026-01-15,1,1,1
2947,1099,1,101,2025-12-21,1,1,1
2948,1101,6,302,2025-11-07,1,1,1
2949,1101,6,101,2025-11-18,1,1,1
2950,1101,6,302,2025-08-18,1,1,1
2951,1103,1,101,2025-10-09,1,1,1
2952,1103,1,101,2025-08-18,1,1,1
2953,1103,1,302,2025-04-02,1,0,1
2954,1103,1,101,2025-04-09,1,1,1
2955,1104,1,301,2025-05-30,1,1,1
2956,1105,6,201,2025-09-21,1,1,1
2957,1107,6,301,2025-09-24,1,1,1
2958,1107,6,302,2025-10-24,1,1,1
2959,1108,1,201,2025-09-17,1,1,1
2960,1108,1,101,2025-09-15,1,1,1
2961,1108,1,102,2026-02-28,1,1,1
2962,1108,1,102,2026-01-03,1,1,1
2963,1109,3,201,2025-12-21,1,1,1
2964,1109,3,101,2026-03-01,1,1,1
2965,1109,3,201,2025-02-17,1,1,1
2966,1109,3,201,2025-03-20,1,1,1
2967,1109,3,302,2025-12-06,1,1,1
2968,1110,5,201,2025-06-24,1,1,1
2969,1110,5,201,2025-08-08,1,0,1
2970,1110,5,302,2025-03-26,1,1,1
2971,1110,5,101,2025-07-08,1,1,1
2972,1111,1,102,2025-12-29,1,1,1
2973,1111,1,201,2025-05-13,1,1,1
2974,1111,1,301,2025-09-16,1,1,1
2975,1111,1,101,2026-02-20,1,1,1
2976,1111,1,301,2026-03-05,1,1,1
2977,1112,1,302,2025-09-19,1,1,1
2978,1112,1,302,2025-02-28,1,1,1
2979,1112,1,102,2025-07-05,1,1,1
2980,1113,6,301,2025-06-15,1,1,1
2981,1113,6,301,2025-11-22,1,1,1
2982,1113,6,201,2026-02-25,1,0,1
2983,1113,6,102,2025-09-05,1,1,1
2984,1114,4,101,2025-05-23,1,0,1
2985,1114,4,102,2025-10-04,1,1,1
2986,1114,4,102,2025-10-18,1,1,1
2987,1114,4,102,2025-08-01,1,1,1
2988,1115,7,402,2025-04-24,1,1,1
2989,1115,7,401,2025-05-31,1,1,1
2990,1115,7,401,2025-11-14,1,1,1
2991,1116,5,101,2025-03-18,1,1,1
2992,1116,5,201,2026-01-28,1,1,1
2993,1116,5,201,2025-05-28,1,1,1
2994,1116,5,102,2025-03-19,1,1,1
2995,1117,6,302,2026-02-14,1,1,1
2996,1117,6,201,2025-11-26,1,1,1
2997,1118,7,402,2025-07-04,1,1,1
2998,1118,7,402,2025-09-30,1,1,1
2999,1118,7,402,2026-02-08,1,1,1
3000,1119,6,302,2025-03-15,1,1,1
3001,1120,7,401,2025-09-15,1,1,1
3002,1120,7,401,2025-04-24,1,1,1
3003,1120,7,401,2026-01-07,1,0,1
3004,1120,7,401,2025-11-10,1,1,1
3005,1120,7,401,2025-06-27,1,1,1
3006,1121,1,201,2026-01-08,1,1,1
3007,1121,1,301,2025-03-02,1,1,1
3008,1121,1,302,2025-11-15,1,1,1
3009,1121,1,102,2025-09-19,1,1,1
3010,1121,1,201,2025-04-07,1,0,1
3011,1122,6,302,2026-01-07,1,1,1
3012,1122,6,102,2026-03-02,1,1,1
3013,1122,6,101,2025-09-06,1,1,1
3014,1123,6,101,2025-12-28,1,1,1
3015,1123,6,302,2025-05-07,1,1,1
3016,1123,6,101,2025-05-08,1,1,1
3017,1123,6,301,2025-09-24,1,1,1
3018,1123,6,101,2025-08-13,1,1,1
3019,1123,6,301,2025-03-12,1,1,1
3020,1125,6,102,2025-02-17,1,1,1
3021,1125,6,102,2025-04-07,1,1,1
3022,1125,6,102,2025-05-24,1,1,1
3023,1125,6,201,2025-11-06,1,1,1
3024,1125,6,101,2025-05-18,1,0,1
3025,1125,6,301,2025-11-11,1,1,1
3026,1126,7,402,2025-02-09,1,1,1
3027,1127,7,402,2025-07-06,1,1,1
3028,1128,7,402,2025-12-13,1,1,1
3029,1128,7,401,2026-03-05,1,1,1
3030,1129,2,201,2025-08-04,1,1,1
3031,1129,2,301,2025-04-13,1,1,1
3032,1129,2,301,2025-03-29,1,1,1
3033,1129,2,302,2025-10-09,1,1,1
3034,1129,2,102,2025-03-07,1,1,1
3035,1130,5,301,2025-12-22,1,1,1
3036,1130,5,201,2026-02-24,1,1,1
3037,1130,5,102,2025-10-07,1,1,1
3038,1131,7,401,2025-02-24,1,1,1
3039,1131,7,401,2025-11-08,1,1,1
3040,1131,7,402,2025-05-03,1,0,1
3041,1131,7,402,2026-02-09,1,1,1
3042,1132,4,201,2025-06-11,1,1,1
3043,1132,4,302,2025-04-14,1,1,1
3044,1132,4,102,2025-11-02,1,1,1
3045,1132,4,102,2025-07-04,1,1,1
3046,1135,6,201,2026-02-14,1,1,1
3047,1135,6,101,2025-10-05,1,1,1
3048,1136,3,201,2025-06-14,1,1,1
3049,1136,3,302,2025-10-23,1,1,1
3050,1137,3,101,2026-01-19,1,1,1
3051,1137,3,101,2025-11-26,1,1,1
3052,1137,3,201,2025-09-14,1,1,1
3053,1138,4,101,2025-02-27,1,1,1
3054,1138,4,302,2025-10-16,1,1,1
3055,1138,4,101,2026-02-06,1,0,1
3056,1139,3,101,2025-11-26,1,1,1
3057,1139,3,101,2025-03-06,1,1,1
3058,1139,3,201,2025-10-05,1,1,1
3059,1139,3,302,2025-12-21,1,1,1
3060,1140,2,302,2025-09-22,1,0,1
3061,1141,7,402,2025-07-20,1,1,1
3062,1142,2,302,2025-02-02,1,1,1
3063,1142,2,102,2025-11-24,1,1,1
3064,1142,2,102,2026-02-05,1,1,1
3065,1142,2,101,2025-06-15,1,1,1
3066,1143,6,101,2025-02-28,1,1,1
3067,1144,1,302,2025-07-22,1,1,1
3068,1145,6,101,2025-04-12,1,1,1
3069,1145,6,102,2025-03-21,1,1,1
3070,1145,6,101,2025-04-20,1,1,1
3071,1145,6,101,2025-10-04,1,1,1
3072,1145,6,101,2025-03-11,1,1,1
3073,1145,6,201,2025-11-29,1,1,1
3074,1146,1,301,2025-06-08,1,1,1
3075,1146,1,102,2025-10-24,1,1,1
3076,1146,1,102,2025-04-11,1,1,1
3077,1147,2,102,2025-11-28,1,1,1
3078,1147,2,102,2025-05-02,1,1,1
3079,1149,1,302,2025-03-11,1,1,1
3080,1149,1,101,2025-06-12,1,1,1
3081,1150,1,302,2025-05-28,1,1,1
3082,1150,1,102,2025-10-23,1,1,1
3083,1150,1,301,2025-04-01,1,1,1
3084,1151,1,302,2025-08-30,1,1,1
3085,1151,1,201,2025-05-22,1,1,1
3086,1151,1,201,2025-08-24,1,1,1
3087,1151,1,201,2025-07-03,1,1,1
3088,1152,3,102,2025-10-21,1,1,1
3089,1152,3,301,2025-06-18,1,1,1
3090,1152,3,102,2026-02-09,1,1,1
3091,1153,6,301,2025-12-23,1,1,1
3092,1153,6,301,2025-06-05,1,1,1
3093,1153,6,201,2025-11-09,1,1,1
3094,1153,6,201,2025-09-30,1,1,1
3095,1154,6,101,2025-05-02,1,1,1
3096,1154,6,301,2025-08-26,1,1,1
3097,1154,6,201,2025-11-16,1,1,1
3098,1154,6,101,2026-02-27,1,1,1
3099,1154,6,301,2025-08-09,1,1,1
3100,1155,6,302,2025-09-02,1,1,1
3101,1155,6,201,2025-10-01,1,1,1
3102,1155,6,201,2025-08-27,1,1,1
3103,1155,6,302,2025-04-23,1,1,1
3104,1156,7,402,2025-07-13,1,1,1
3105,1156,7,401,2025-11-15,1,1,1
3106,1157,7,402,2025-04-20,1,1,1
3107,1157,7,402,2026-01-29,1,1,1
3108,1157,7,402,2025-12-01,1,1,1
3109,1158,2,301,2025-12-26,1,1,1
3110,1159,6,102,2025-11-08,1,1,1
3111,1159,6,102,2025-05-20,1,1,1
3112,1159,6,201,2025-07-19,1,1,1
3113,1160,7,401,2025-03-24,1,1,1
3114,1160,7,402,2025-04-17,1,1,1
3115,1160,7,402,2025-11-30,1,1,1
3116,1161,2,101,2025-05-26,1,1,1
3117,1161,2,302,2025-08-21,1,1,1
3118,1161,2,302,2026-01-22,1,1,1
3119,1162,1,101,2025-05-18,1,1,1
3120,1162,1,301,2025-03-03,1,1,1
3121,1162,1,301,2026-03-04,1,1,1
3122,1163,1,201,2025-09-05,1,1,1
3123,1163,1,301,2026-01-31,1,1,1
3124,1163,1,101,2025-04-13,1,1,1
3125,1163,1,301,2025-11-21,1,1,1
3126,1163,1,102,2025-04-04,1,1,1
3127,1164,3,302,2026-03-08,1,1,1
3128,1164,3,301,2025-07-16,1,1,1
3129,1164,3,201,2026-02-19,1,1,1
3130,1164,3,302,2025-12-22,1,1,1
3131,1164,3,102,2026-01-26,1,1,1
3132,1164,3,201,2025-08-27,1,1,1
3133,1165,5,101,2026-02-19,1,1,1
3134,1166,6,101,2025-11-21,1,1,1
3135,1166,6,201,2026-01-07,1,1,1
3136,1166,6,101,2025-03-29,1,1,1
3137,1166,6,102,2026-01-26,1,1,1
3138,1166,6,301,2025-11-18,1,1,1
3139,1167,7,401,2025-11-09,1,1,1
3140,1167,7,401,2025-05-24,1,1,1
3141,1167,7,401,2025-08-19,1,0,1
3142,1168,5,101,2026-03-05,1,1,1
3143,1169,6,101,2025-05-30,1,1,1
3144,1169,6,201,2025-05-22,1,1,1
3145,1169,6,301,2025-09-03,1,1,1
3146,1169,6,301,2025-05-17,1,1,1
3147,1170,6,201,2025-11-16,1,0,1
3148,1170,6,302,2025-06-16,1,1,1
3149,1170,6,101,2025-03-09,1,1,1
3150,1170,6,301,2025-05-22,1,1,1
3151,1170,6,101,2025-06-09,1,0,1
3152,1170,6,302,2025-08-25,1,1,1
3153,1172,1,101,2026-01-02,1,1,1
3154,1172,1,102,2025-02-20,1,1,1
3155,1173,6,301,2025-08-26,1,1,1
3156,1174,1,302,2025-06-07,1,1,1
3157,1174,1,201,2026-03-02,1,1,1
3158,1174,1,102,2026-02-16,1,1,1
3159,1174,1,201,2025-06-14,1,1,1
3160,1174,1,102,2025-05-19,1,1,1
3161,1175,2,101,2025-11-17,1,1,1
3162,1175,2,101,2025-11-30,1,1,1
3163,1176,6,101,2025-10-05,1,0,1
3164,1177,2,101,2025-04-11,1,1,1
3165,1178,2,101,2025-07-06,1,1,1
3166,1178,2,301,2025-02-03,1,1,1
3167,1178,2,102,2025-10-25,1,1,1
3168,1178,2,302,2025-03-18,1,1,1
3169,1179,1,302,2025-12-21,1,1,1
3170,1179,1,201,2025-10-07,1,1,1
3171,1180,1,301,2025-10-20,1,1,1
3172,1180,1,201,2025-07-01,1,1,1
3173,1180,1,301,2025-03-09,1,1,1
3174,1180,1,102,2025-03-13,1,1,1
3175,1180,1,101,2025-10-14,1,1,1
3176,1181,2,101,2025-06-27,1,1,1
3177,1181,2,102,2025-04-19,1,1,1
3178,1182,3,101,2025-03-15,1,1,1
3179,1183,2,101,2026-01-06,1,1,1
3180,1183,2,301,2025-05-06,1,1,1
3181,1183,2,301,2025-11-08,1,0,1
3182,1183,2,201,2025-07-23,1,1,1
3183,1183,2,102,2025-05-01,1,1,1
3184,1184,7,401,2025-12-22,1,0,1
3185,1184,7,402,2026-02-04,1,1,1
3186,1184,7,401,2025-09-27,1,1,1
3187,1184,7,402,2025-08-03,1,1,1
3188,1185,6,302,2025-12-04,1,1,1
3189,1185,6,102,2025-02-16,1,1,1
3190,1186,6,301,2026-01-06,1,1,1
3191,1186,6,301,2025-08-06,1,1,1
3192,1187,6,102,2026-02-06,1,1,1
3193,1187,6,101,2025-08-19,1,1,1
3194,1187,6,301,2026-01-01,1,1,1
3195,1187,6,201,2025-02-14,1,1,1
3196,1188,2,101,2025-03-15,1,1,1
3197,1188,2,201,2026-01-01,1,1,1
3198,1189,1,101,2025-08-13,1,1,1
3199,1189,1,302,2025-09-04,1,1,1
3200,1189,1,102,2026-01-25,1,1,1
3201,1189,1,302,2025-03-25,1,1,1
3202,1189,1,101,2025-12-24,1,0,1
3203,1190,7,401,2026-02-24,1,1,1
3204,1190,7,401,2025-11-02,1,1,1
3205,1190,7,401,2025-08-28,1,0,1
3206,1190,7,401,2026-02-04,1,1,1
3207,1190,7,401,2026-01-04,1,1,1
3208,1190,7,401,2025-04-15,1,1,1
3209,1191,3,302,2025-02-07,1,1,1
3210,1191,3,302,2025-07-18,1,1,1
3211,1191,3,102,2025-08-03,1,1,1
3212,1192,6,101,2025-02-20,1,1,1
3213,1192,6,302,2025-12-07,1,1,1
3214,1192,6,101,2026-03-08,1,1,1
3215,1192,6,101,2025-06-07,1,1,1
3216,1192,6,201,2026-03-04,1,1,1
3217,1192,6,201,2026-03-07,1,1,1
3218,1193,3,302,2025-02-04,1,1,1
3219,1193,3,301,2025-12-25,1,1,1
3220,1193,3,201,2025-11-12,1,1,1
3221,1193,3,101,2025-09-26,1,1,1
3222,1193,3,302,2025-04-07,1,1,1
3223,1194,1,101,2025-03-25,1,1,1
3224,1194,1,302,2026-01-31,1,1,1
3225,1194,1,201,2025-03-12,1,1,1
3226,1194,1,302,2026-02-24,1,1,1
3227,1194,1,102,2025-10-20,1,1,1
3228,1195,2,201,2025-08-29,1,1,1
3229,1195,2,301,2025-12-19,1,1,1
3230,1195,2,102,2025-05-01,1,1,1
3231,1195,2,101,2026-01-12,1,1,1
3232,1196,3,301,2025-07-27,1,1,1
3233,1196,3,301,2025-11-14,1,1,1
3234,1196,3,101,2025-05-28,1,1,1
3235,1198,1,101,2026-01-05,1,1,1
3236,1198,1,302,2026-02-03,1,1,1
3237,1198,1,301,2025-06-03,1,1,1
3238,1199,7,402,2025-11-10,1,1,1
3239,1199,7,402,2025-10-11,1,1,1
3240,1199,7,402,2025-07-07,1,1,1
3241,1199,7,401,2025-06-23,1,1,1
3242,1200,2,302,2025-11-18,1,1,1
3243,1202,6,302,2025-11-06,1,1,1
3244,1202,6,301,2025-03-07,1,0,1
3245,1202,6,101,2025-09-04,1,1,1
3246,1202,6,301,2025-09-20,1,1,1
3247,1203,4,101,2025-07-13,1,1,1
3248,1203,4,102,2025-03-20,1,1,1
3249,1203,4,102,2025-11-14,1,1,1
3250,1203,4,101,2025-11-10,1,1,1
3251,1205,6,302,2025-10-04,1,1,1
3252,1205,6,301,2025-04-24,1,1,1
3253,1206,7,402,2026-03-04,1,1,1
3254,1206,7,402,2025-05-04,1,1,1
3255,1206,7,402,2025-02-05,1,1,1
3256,1207,3,102,2025-05-01,1,1,1
3257,1207,3,102,2025-02-03,1,1,1
3258,1207,3,101,2025-09-21,1,1,1
3259,1208,6,201,2025-08-23,1,1,1
3260,1208,6,302,2025-11-01,1,1,1
3261,1208,6,201,2025-06-25,1,1,1
3262,1208,6,302,2025-08-16,1,1,1
3263,1209,7,401,2025-04-26,1,1,1
3264,1210,1,102,2025-04-15,1,1,1
3265,1210,1,302,2026-01-12,1,1,1
3266,1211,3,102,2025-07-15,1,1,1
3267,1211,3,302,2025-04-13,1,1,1
3268,1211,3,302,2025-02-24,1,1,1
3269,1212,5,301,2026-01-20,1,1,1
3270,1212,5,302,2025-09-15,1,1,1
3271,1213,4,102,2025-04-09,1,1,1
3272,1215,7,401,2025-06-04,1,1,1
3273,1216,4,302,2025-02-03,1,1,1
3274,1216,4,301,2025-04-06,1,1,1
3275,1216,4,201,2025-05-22,1,1,1
3276,1217,5,102,2025-07-05,1,1,1
3277,1218,6,102,2025-09-03,1,1,1
3278,1218,6,101,2025-02-25,1,1,1
3279,1218,6,101,2025-12-27,1,1,1
3280,1219,5,102,2025-10-08,1,1,1
3281,1219,5,101,2025-02-02,1,1,1
3282,1222,6,101,2025-05-06,1,1,1
3283,1222,6,201,2026-02-03,1,1,1
3284,1222,6,201,2025-03-05,1,1,1
3285,1222,6,302,2025-08-01,1,1,1
3286,1223,3,301,2025-12-16,1,1,1
3287,1223,3,102,2025-06-27,1,1,1
3288,1223,3,201,2025-05-23,1,1,1
3289,1223,3,102,2025-03-15,1,1,1
3290,1223,3,301,2025-09-28,1,1,1
3291,1223,3,301,2025-11-01,1,1,1
3292,1224,4,301,2026-02-11,1,1,1
3293,1224,4,201,2025-09-16,1,1,1
3294,1224,4,101,2025-04-02,1,1,1
3295,1224,4,302,2026-02-23,1,1,1
3296,1225,1,301,2025-09-08,1,1,1
3297,1225,1,301,2025-07-25,1,1,1
3298,1227,5,301,2025-02-14,1,0,1
3299,1228,5,101,2025-12-29,1,1,1
3300,1228,5,201,2025-03-01,1,1,1
3301,1228,5,301,2026-02-05,1,1,1
3302,1228,5,302,2025-04-09,1,0,1
3303,1230,4,302,2025-09-15,1,1,1
3304,1230,4,101,2025-10-03,1,1,1
3305,1230,4,301,2025-06-06,1,1,1
3306,1230,4,102,2026-01-17,1,1,1
3307,1231,6,302,2025-04-12,1,1,1
3308,1231,6,301,2025-10-23,1,1,1
3309,1231,6,201,2025-08-08,1,1,1
3310,1232,3,101,2025-04-19,1,1,1
3311,1232,3,302,2025-02-12,1,1,1
3312,1234,2,201,2025-06-06,1,1,1
3313,1234,2,302,2025-11-17,1,1,1
3314,1234,2,102,2026-01-26,1,1,1
3315,1234,2,101,2025-06-13,1,1,1
3316,1234,2,301,2026-01-04,1,1,1
3317,1236,5,102,2025-10-04,1,1,1
3318,1236,5,302,2025-03-25,1,1,1
3319,1236,5,301,2025-05-15,1,1,1
3320,1236,5,301,2025-11-19,1,1,1
3321,1236,5,101,2025-07-25,1,1,1
3322,1237,6,101,2026-03-06,1,1,1
3323,1237,6,201,2025-02-16,1,1,1
3324,1237,6,301,2025-04-25,1,1,1
3325,1237,6,301,2025-05-06,1,1,1
3326,1237,6,301,2025-05-24,1,1,1
3327,1238,3,102,2025-06-24,1,1,1
3328,1238,3,201,2025-05-24,1,1,1
3329,1238,3,102,2025-08-07,1,1,1
3330,1238,3,301,2026-02-20,1,1,1
3331,1238,3,301,2025-08-30,1,1,1
3332,1239,7,402,2025-06-23,1,1,1
3333,1239,7,402,2025-04-03,1,1,1
3334,1241,4,101,2025-11-24,1,1,1
3335,1241,4,102,2025-09-03,1,1,1
3336,1242,6,102,2025-02-28,1,1,1
3337,1242,6,301,2026-02-20,1,1,1
3338,1243,5,301,2025-05-30,1,1,1
3339,1243,5,201,2025-12-12,1,1,1
3340,1243,5,301,2025-05-22,1,1,1
3341,1244,3,101,2025-03-29,1,1,1
3342,1244,3,201,2026-03-08,1,1,1
3343,1245,1,102,2025-06-30,1,1,1
3344,1245,1,301,2026-01-20,1,1,1
3345,1245,1,101,2025-07-27,1,1,1
3346,1245,1,301,2025-09-26,1,1,1
3347,1246,4,101,2025-06-30,1,1,1
3348,1246,4,101,2025-05-16,1,1,1
3349,1246,4,102,2025-10-30,1,1,1
3350,1246,4,102,2025-09-20,1,1,1
3351,1246,4,302,2025-04-15,1,1,1
3352,1248,5,101,2026-01-24,1,1,1
3353,1249,6,301,2026-02-28,1,1,1
3354,1249,6,301,2025-05-12,1,0,1
3355,1249,6,301,2026-01-10,1,1,1
3356,1249,6,102,2025-10-25,1,1,1
3357,1250,1,101,2025-04-19,1,1,1
3358,1250,1,101,2025-02-26,1,1,1
3359,1251,6,102,2025-06-10,1,1,1
3360,1251,6,302,2026-02-21,1,1,1
3361,1251,6,102,2025-09-20,1,1,1
3362,1251,6,302,2025-10-19,1,1,1
3363,1251,6,102,2026-01-20,1,1,1
3364,1252,4,101,2025-08-15,1,1,1
3365,1252,4,101,2025-12-25,1,1,1
3366,1252,4,201,2025-06-27,1,1,1
3367,1253,6,101,2025-08-09,1,1,1
3368,1253,6,301,2026-02-02,1,1,1
3369,1253,6,101,2025-05-08,1,1,1
3370,1253,6,102,2025-08-09,1,1,1
3371,1253,6,101,2025-05-22,1,1,1
3372,1254,1,101,2025-06-30,1,1,1
3373,1254,1,301,2025-07-27,1,1,1
3374,1255,1,102,2026-02-11,1,1,1
3375,1255,1,302,2026-02-23,1,1,1
3376,1255,1,101,2025-12-24,1,1,1
3377,1255,1,101,2025-03-04,1,0,1
3378,1258,6,101,2025-07-20,1,1,1
3379,1258,6,102,2026-01-02,1,1,1
3380,1259,6,301,2025-07-14,1,1,1
3381,1260,1,101,2025-02-07,1,1,1
3382,1260,1,101,2025-10-23,1,1,1
3383,1261,7,402,2025-09-19,1,1,1
3384,1261,7,402,2025-12-09,1,0,1
3385,1261,7,401,2025-09-25,1,1,1
3386,1261,7,401,2025-12-08,1,1,1
3387,1261,7,401,2025-03-25,1,1,1
3388,1262,2,302,2025-09-06,1,1,1
3389,1262,2,302,2025-03-30,1,1,1
3390,1262,2,101,2025-09-29,1,1,1
3391,1263,4,201,2026-01-31,1,1,1
3392,1263,4,302,2025-05-13,1,1,1
3393,1263,4,102,2025-10-02,1,1,1
3394,1263,4,101,2025-02-15,1,1,1
3395,1264,4,102,2025-12-27,1,1,1
3396,1264,4,302,2025-07-29,1,0,1
3397,1265,5,102,2025-06-07,1,1,1
3398,1265,5,201,2025-06-07,1,1,1
3399,1266,4,102,2026-01-04,1,1,1
3400,1266,4,102,2026-03-05,1,1,1
3401,1266,4,301,2025-02-23,1,1,1
3402,1268,6,301,2025-12-07,1,1,1
3403,1268,6,102,2026-03-05,1,0,1
3404,1269,2,102,2025-09-25,1,1,1
3405,1270,7,401,2025-03-08,1,1,1
3406,1271,6,102,2025-10-24,1,1,1
3407,1271,6,201,2025-09-07,1,1,1
3408,1271,6,101,2025-02-03,1,1,1
3409,1272,7,401,2025-11-16,1,1,1
3410,1272,7,402,2026-02-05,1,1,1
3411,1272,7,401,2026-02-27,1,1,1
3412,1272,7,401,2026-02-02,1,1,1
3413,1273,4,301,2026-02-18,1,1,1
3414,1273,4,101,2026-02-25,1,1,1
3415,1273,4,302,2025-07-14,1,1,1
3416,1273,4,102,2025-10-05,1,1,1
3417,1273,4,302,2025-05-13,1,1,1
3418,1275,2,101,2025-02-25,1,1,1
3419,1275,2,102,2025-06-23,1,1,1
3420,1275,2,102,2026-01-12,1,1,1
3421,1276,1,201,2025-10-06,1,1,1
3422,1276,1,301,2025-03-21,1,1,1
3423,1277,6,101,2025-11-26,1,1,1
3424,1277,6,301,2025-08-06,1,1,1
3425,1277,6,302,2026-03-03,1,1,1
3426,1277,6,301,2025-09-22,1,1,1
3427,1278,2,302,2025-05-11,1,1,1
3428,1278,2,201,2025-02-09,1,1,1
3429,1280,3,201,2026-01-12,1,1,1
3430,1280,3,301,2025-08-06,1,1,1
3431,1280,3,102,2025-12-17,1,1,1
3432,1280,3,102,2025-05-05,1,1,1
3433,1281,1,201,2025-12-17,1,1,1
3434,1282,3,201,2025-10-03,1,1,1
3435,1282,3,102,2026-02-26,1,1,1
3436,1282,3,101,2025-12-25,1,1,1
3437,1282,3,302,2025-07-19,1,1,1
3438,1284,1,301,2025-04-19,1,1,1
3439,1284,1,301,2025-10-17,1,0,1
3440,1284,1,101,2025-07-29,1,1,1
3441,1284,1,302,2025-05-18,1,1,1
3442,1285,4,302,2025-11-12,1,1,1
3443,1285,4,102,2025-06-28,1,1,1
3444,1285,4,302,2025-05-17,1,1,1
3445,1285,4,201,2025-03-18,1,1,1
3446,1286,2,302,2025-11-19,1,1,1
3447,1286,2,101,2025-08-16,1,1,1
3448,1286,2,102,2026-01-30,1,1,1
3449,1287,7,402,2025-06-03,1,1,1
3450,1287,7,401,2025-05-18,1,0,1
3451,1287,7,401,2025-10-12,1,1,1
3452,1288,7,402,2025-10-24,1,1,1
3453,1288,7,401,2025-11-03,1,1,1
3454,1288,7,402,2025-12-01,1,1,1
3455,1288,7,401,2025-10-14,1,1,1
3456,1289,3,101,2026-01-19,1,1,1
3457,1289,3,102,2025-08-20,1,0,1
3458,1289,3,101,2026-01-08,1,1,1
3459,1289,3,301,2025-07-14,1,1,1
3460,1290,2,201,2025-04-15,1,1,1
3461,1291,2,102,2025-12-28,1,1,1
3462,1291,2,102,2025-07-14,1,1,1
3463,1291,2,301,2025-05-23,1,1,1
3464,1292,6,101,2025-03-02,1,1,1
3465,1292,6,101,2025-11-29,1,1,1
3466,1294,6,101,2025-10-25,1,1,1
3467,1294,6,101,2025-07-09,1,1,1
3468,1294,6,302,2025-04-30,1,1,1
3469,1294,6,302,2025-05-30,1,1,1
3470,1295,6,201,2025-12-05,1,1,1
3471,1295,6,102,2025-02-26,1,1,1
3472,1296,3,201,2025-12-22,1,1,1
3473,1296,3,301,2025-03-18,1,1,1
3474,1296,3,102,2025-08-21,1,1,1
3475,1297,1,102,2026-01-12,1,1,1
3476,1298,2,302,2025-09-23,1,1,1
3477,1298,2,201,2025-02-02,1,1,1
3478,1298,2,201,2025-05-24,1,1,1
3479,1300,1,201,2025-05-20,1,1,1
3480,1300,1,102,2025-12-11,1,0,1
3481,1300,1,301,2025-05-15,1,1,1
3482,1300,1,302,2025-10-16,1,1,1
3483,1301,3,302,2025-04-05,1,1,1
3484,1301,3,201,2025-09-05,1,1,1
3485,1302,4,201,2026-02-23,1,1,1
3486,1302,4,101,2025-10-07,1,1,1
3487,1302,4,301,2025-03-23,1,1,1
3488,1303,4,102,2025-11-05,1,1,1
3489,1303,4,102,2025-06-01,1,1,1
3490,1303,4,301,2026-01-07,1,1,1
3491,1304,1,301,2026-03-08,1,1,1
3492,1304,1,102,2025-08-25,1,1,1
3493,1304,1,102,2025-05-06,1,1,1
3494,1304,1,301,2025-09-16,1,1,1
3495,1305,1,301,2025-03-16,1,1,1
3496,1305,1,301,2025-07-17,1,1,1
3497,1305,1,102,2025-12-26,1,1,1
3498,1306,2,201,2025-06-04,1,1,1
3499,1306,2,201,2025-03-27,1,1,1
3500,1306,2,102,2025-12-16,1,1,1
3501,1307,7,402,2025-12-06,1,1,1
3502,1307,7,402,2025-02-13,1,1,1
3503,1307,7,401,2025-08-09,1,1,1
3504,1308,6,201,2025-03-10,1,0,1
3505,1308,6,201,2025-09-14,1,1,1
3506,1308,6,101,2026-03-07,1,1,1
3507,1308,6,301,2025-11-10,1,1,1
3508,1308,6,302,2025-03-08,1,1,1
3509,1308,6,102,2025-07-31,1,1,1
3510,1309,3,302,2025-03-14,1,1,1
3511,1309,3,101,2025-07-08,1,1,1
3512,1309,3,302,2025-03-01,1,1,1
3513,1309,3,201,2025-02-03,1,1,1
3514,1309,3,302,2025-06-19,1,1,1
3515,1310,6,302,2025-11-15,1,1,1
3516,1310,6,301,2025-09-26,1,1,1
3517,1310,6,101,2025-12-26,1,1,1
3518,1312,1,101,2025-04-18,1,1,1
3519,1313,1,302,2025-12-18,1,1,1
3520,1313,1,101,2025-04-29,1,1,1
3521,1314,2,302,2025-05-04,1,1,1
3522,1314,2,102,2025-05-08,1,1,1
3523,1314,2,301,2025-04-02,1,1,1
3524,1315,2,102,2025-02-07,1,1,1
3525,1315,2,301,2025-02-11,1,1,1
3526,1315,2,102,2025-04-30,1,1,1
3527,1316,7,402,2025-11-21,1,1,1
3528,1316,7,402,2025-09-29,1,1,1
3529,1316,7,402,2026-01-24,1,1,1
3530,1316,7,402,2026-03-08,1,1,1
3531,1316,7,401,2026-02-26,1,1,1
3532,1317,5,302,2025-08-28,1,1,1
3533,1317,5,301,2026-02-04,1,1,1
3534,1318,7,402,2025-06-10,1,1,1
3535,1318,7,402,2025-07-20,1,1,1
3536,1319,4,301,2025-11-02,1,1,1
3537,1319,4,301,2025-10-22,1,1,1
3538,1319,4,102,2025-06-18,1,1,1
3539,1319,4,302,2025-07-02,1,1,1
3540,1320,5,201,2025-09-08,1,1,1
3541,1320,5,102,2025-10-12,1,1,1
3542,1320,5,102,2025-08-20,1,1,1
3543,1321,6,102,2026-01-06,1,1,1
3544,1321,6,301,2025-10-27,1,1,1
3545,1321,6,301,2025-10-19,1,0,1
3546,1321,6,302,2025-04-23,1,1,1
3547,1322,7,402,2026-02-09,1,1,1
3548,1322,7,402,2026-01-20,1,1,1
3549,1322,7,402,2025-02-17,1,1,1
3550,1322,7,402,2026-02-06,1,0,1
3551,1323,6,201,2025-02-17,1,1,1
3552,1323,6,302,2025-06-18,1,1,1
3553,1323,6,301,2026-02-11,1,1,1
3554,1323,6,101,2025-05-12,1,0,1
3555,1324,5,101,2025-09-17,1,1,1
3556,1324,5,102,2025-10-09,1,1,1
3557,1325,6,201,2026-01-18,1,1,1
3558,1325,6,101,2025-02-15,1,1,1
3559,1325,6,101,2025-07-22,1,1,1
3560,1325,6,302,2025-03-29,1,1,1
3561,1325,6,201,2025-04-09,1,0,1
3562,1326,6,201,2025-02-12,1,1,1
3563,1326,6,102,2025-03-21,1,1,1
3564,1326,6,201,2025-05-28,1,1,1
3565,1326,6,101,2025-09-26,1,1,1
3566,1327,3,301,2026-02-24,1,1,1
3567,1327,3,201,2026-02-05,1,1,1
3568,1327,3,101,2025-06-03,1,1,1
3569,1328,2,102,2025-05-06,1,1,1
3570,1328,2,301,2025-04-18,1,1,1
3571,1328,2,302,2026-01-12,1,1,1
3572,1328,2,301,2026-01-08,1,1,1
3573,1329,2,301,2025-05-10,1,1,1
3574,1329,2,302,2025-07-30,1,1,1
3575,1330,6,201,2025-09-09,1,1,1
3576,1330,6,101,2025-12-18,1,1,1
3577,1331,2,101,2026-01-07,1,0,1
3578,1332,4,201,2026-01-17,1,1,1
3579,1332,4,102,2026-01-24,1,1,1
3580,1332,4,101,2025-09-02,1,1,1
3581,1332,4,102,2025-11-06,1,1,1
3582,1332,4,101,2025-05-14,1,1,1
3583,1334,1,101,2025-10-02,1,1,1
3584,1334,1,201,2026-02-04,1,1,1
3585,1336,4,201,2025-04-30,1,1,1
3586,1336,4,301,2025-06-12,1,0,1
3587,1336,4,302,2026-01-02,1,1,1
3588,1336,4,301,2025-02-08,1,1,1
3589,1336,4,302,2025-03-03,1,1,1
3590,1337,1,302,2025-06-04,1,1,1
3591,1337,1,101,2025-06-01,1,1,1
3592,1338,6,301,2025-03-03,1,1,1
3593,1338,6,201,2026-01-31,1,1,1
3594,1338,6,201,2025-11-30,1,1,1
3595,1338,6,302,2025-04-06,1,1,1
3596,1338,6,301,2026-01-13,1,1,1
3597,1339,3,201,2026-03-05,1,1,1
3598,1339,3,302,2025-10-30,1,1,1
3599,1339,3,101,2025-07-27,1,1,1
3600,1339,3,101,2025-12-30,1,1,1
3601,1340,4,302,2025-08-25,1,1,1
3602,1341,1,302,2026-02-05,1,1,1
3603,1341,1,102,2025-06-11,1,1,1
3604,1342,4,301,2025-05-06,1,1,1
3605,1343,1,201,2025-02-13,1,1,1
3606,1343,1,201,2025-05-11,1,1,1
3607,1343,1,101,2026-01-29,1,1,1
3608,1344,3,301,2025-08-10,1,1,1
3609,1345,1,102,2025-11-27,1,1,1
3610,1346,1,201,2025-04-17,1,0,1
3611,1346,1,302,2026-01-11,1,1,1
3612,1346,1,301,2025-08-19,1,1,1
3613,1347,3,301,2025-04-24,1,1,1
3614,1347,3,302,2025-09-07,1,1,1
3615,1347,3,102,2025-03-15,1,1,1
3616,1347,3,101,2025-10-09,1,1,1
3617,1347,3,102,2025-04-21,1,1,1
3618,1348,4,302,2025-07-15,1,1,1
3619,1349,6,301,2025-03-31,1,1,1
3620,1349,6,101,2025-11-17,1,1,1
3621,1349,6,302,2025-10-08,1,1,1
3622,1351,6,201,2025-03-01,1,1,1
3623,1351,6,201,2025-02-27,1,1,1
3624,1351,6,101,2025-05-02,1,1,1
3625,1353,7,402,2025-02-18,1,1,1
3626,1353,7,401,2025-07-09,1,1,1
3627,1353,7,402,2025-04-29,1,1,1
3628,1353,7,402,2025-09-20,1,1,1
3629,1354,1,101,2025-12-07,1,1,1
3630,1354,1,102,2026-01-17,1,1,1
3631,1354,1,301,2025-07-03,1,1,1
3632,1354,1,101,2026-02-06,1,1,1
3633,1355,7,401,2025-06-05,1,0,1
3634,1356,4,102,2026-02-20,1,0,1
3635,1356,4,201,2025-06-06,1,1,1
3636,1356,4,201,2025-03-24,1,1,1
3637,1356,4,302,2025-04-18,1,1,1
3638,1356,4,101,2025-11-02,1,1,1
3639,1357,4,102,2026-03-02,1,1,1
3640,1357,4,302,2026-01-17,1,1,1
3641,1357,4,101,2026-01-11,1,1,1
3642,1357,4,301,2026-02-06,1,1,1
3643,1358,7,402,2025-06-02,1,1,1
3644,1358,7,401,2026-01-26,1,1,1
3645,1358,7,402,2026-02-13,1,1,1
3646,1358,7,402,2025-09-27,1,1,1
3647,1359,6,301,2025-05-06,1,1,1
3648,1359,6,101,2025-08-01,1,0,1
3649,1359,6,102,2026-01-24,1,1,1
3650,1359,6,101,2025-10-01,1,1,1
3651,1360,3,301,2025-11-15,1,1,1
3652,1360,3,201,2025-02-15,1,1,1
3653,1360,3,302,2025-07-15,1,1,1
3654,1360,3,101,2025-09-23,1,1,1
3655,1360,3,101,2025-03-14,1,1,1
3656,1361,6,302,2025-12-27,1,1,1
3657,1361,6,201,2025-08-06,1,1,1
3658,1361,6,301,2025-04-14,1,1,1
3659,1361,6,302,2025-07-24,1,1,1
3660,1362,1,301,2025-03-13,1,1,1
3661,1362,1,102,2026-02-11,1,1,1
3662,1363,2,102,2025-06-04,1,1,1
3663,1363,2,302,2025-03-27,1,1,1
3664,1363,2,102,2026-02-27,1,1,1
3665,1363,2,301,2025-09-14,1,1,1
3666,1364,2,201,2025-09-23,1,1,1
3667,1364,2,101,2025-10-27,1,1,1
3668,1364,2,301,2025-02-24,1,1,1
3669,1365,3,201,2025-03-08,1,1,1
3670,1366,4,102,2025-05-16,1,1,1
3671,1366,4,102,2026-01-15,1,0,1
3672,1367,4,101,2025-05-01,1,1,1
3673,1368,2,102,2025-05-28,1,1,1
3674,1368,2,101,2025-10-31,1,1,1
3675,1368,2,301,2025-09-01,1,1,1
3676,1369,2,301,2025-11-03,1,1,1
3677,1369,2,302,2025-10-20,1,1,1
3678,1370,1,301,2026-03-07,1,1,1
3679,1370,1,102,2025-06-23,1,0,1
3680,1370,1,302,2026-01-16,1,1,1
3681,1370,1,302,2025-05-28,1,1,1
3682,1370,1,301,2026-01-20,1,1,1
3683,1371,5,102,2025-04-16,1,1,1
3684,1371,5,302,2025-12-27,1,1,1
3685,1371,5,102,2025-03-02,1,1,1
3686,1371,5,301,2025-05-26,1,1,1
3687,1371,5,201,2025-06-16,1,0,1
3688,1373,6,302,2025-11-06,1,1,1
3689,1373,6,301,2025-10-21,1,1,1
3690,1373,6,102,2025-04-05,1,1,1
3691,1373,6,302,2025-03-17,1,1,1
3692,1374,7,401,2025-10-04,1,1,1
3693,1374,7,402,2025-10-28,1,1,1
3694,1374,7,402,2025-10-03,1,1,1
3695,1375,7,402,2025-04-11,1,1,1
3696,1375,7,401,2025-03-29,1,1,1
3697,1375,7,402,2025-08-29,1,1,1
3698,1375,7,402,2025-08-02,1,1,1
3699,1375,7,401,2025-11-01,1,1,1
3700,1376,2,101,2025-12-21,1,1,1
3701,1376,2,201,2025-06-05,1,1,1
3702,1376,2,101,2025-05-14,1,1,1
3703,1376,2,101,2025-09-25,1,1,1
3704,1377,6,301,2026-02-17,1,1,1
3705,1377,6,301,2025-12-03,1,1,1
3706,1377,6,201,2025-05-23,1,1,1
3707,1377,6,301,2025-10-18,1,1,1
3708,1377,6,101,2025-05-20,1,1,1
3709,1377,6,302,2026-01-30,1,1,1
3710,1378,2,302,2025-04-27,1,1,1
3711,1378,2,101,2025-05-18,1,1,1
3712,1378,2,101,2025-09-07,1,1,1
3713,1379,3,102,2025-05-25,1,1,1
3714,1379,3,102,2025-04-03,1,1,1
3715,1379,3,102,2025-12-12,1,0,1
3716,1379,3,302,2025-11-24,1,1,1
3717,1379,3,101,2025-02-24,1,1,1
3718,1379,3,201,2025-03-01,1,1,1
3719,1380,5,201,2025-08-10,1,1,1
3720,1380,5,302,2025-10-16,1,1,1
3721,1381,6,102,2025-11-28,1,1,1
3722,1382,1,301,2026-02-11,1,1,1
3723,1382,1,102,2025-04-20,1,1,1
3724,1382,1,102,2026-03-05,1,1,1
3725,1383,3,301,2025-03-08,1,1,1
3726,1383,3,302,2025-05-06,1,1,1
3727,1383,3,201,2025-03-07,1,1,1
3728,1383,3,201,2025-09-04,1,1,1
3729,1383,3,102,2025-03-27,1,1,1
3730,1383,3,102,2025-08-27,1,1,1
3731,1384,2,102,2025-06-14,1,1,1
3732,1384,2,201,2025-05-18,1,1,1
3733,1384,2,302,2025-05-31,1,1,1
3734,1384,2,101,2025-05-23,1,1,1
3735,1385,6,101,2025-09-29,1,1,1
3736,1385,6,302,2026-01-05,1,1,1
3737,1385,6,201,2025-12-16,1,1,1
3738,1385,6,101,2025-09-08,1,1,1
3739,1386,6,302,2025-04-11,1,1,1
3740,1386,6,201,2025-02-17,1,1,1
3741,1386,6,302,2025-12-10,1,1,1
3742,1386,6,302,2026-01-26,1,1,1
3743,1387,5,102,2026-02-25,1,1,1
3744,1388,7,401,2025-05-17,1,0,1
3745,1388,7,401,2025-09-29,1,1,1
3746,1388,7,401,2025-09-20,1,1,1
3747,1388,7,401,2025-04-11,1,1,1
3748,1388,7,401,2025-05-27,1,1,1
3749,1389,1,201,2025-04-29,1,1,1
3750,1389,1,102,2025-06-19,1,1,1
3751,1389,1,101,2025-10-27,1,1,1
3752,1389,1,102,2025-03-04,1,1,1
3753,1390,3,102,2025-07-08,1,1,1
3754,1390,3,101,2025-11-06,1,1,1
3755,1391,4,201,2026-02-25,1,1,1
3756,1392,3,101,2025-06-24,1,1,1
3757,1392,3,102,2026-02-22,1,1,1
3758,1392,3,201,2025-12-05,1,0,1
3759,1392,3,201,2025-07-30,1,1,1
3760,1392,3,101,2026-02-12,1,1,1
3761,1392,3,302,2025-03-06,1,1,1
3762,1393,7,401,2025-11-22,1,1,1
3763,1393,7,402,2025-10-12,1,1,1
3764,1393,7,402,2025-11-04,1,1,1
3765,1393,7,401,2025-09-28,1,1,1
3766,1393,7,401,2025-12-23,1,1,1
3767,1393,7,401,2025-07-17,1,1,1
3768,1395,6,302,2025-05-03,1,1,1
3769,1395,6,301,2026-01-08,1,1,1
3770,1395,6,101,2025-05-14,1,0,1
3771,1395,6,201,2025-12-13,1,1,1
3772,1396,6,101,2025-05-01,1,1,1
3773,1396,6,102,2026-01-31,1,1,1
3774,1397,6,302,2025-04-27,1,1,1
3775,1397,6,302,2025-05-30,1,1,1
3776,1398,2,101,2025-12-18,1,1,1
3777,1398,2,302,2025-05-10,1,1,1
3778,1398,2,302,2025-12-16,1,1,1
3779,1399,6,201,2025-04-18,1,1,1
3780,1399,6,201,2025-09-06,1,0,1
3781,1399,6,102,2025-05-08,1,1,1
3782,1399,6,201,2025-05-15,1,1,1
3783,1400,3,201,2025-08-09,1,1,1
3784,1400,3,101,2026-02-13,1,1,1
3785,1400,3,302,2025-12-11,1,1,1
3786,1400,3,201,2025-10-18,1,1,1
3787,1401,4,102,2026-02-08,1,1,1
3788,1401,4,302,2025-12-15,1,1,1
3789,1401,4,102,2025-07-26,1,1,1
3790,1403,3,302,2025-04-25,1,1,1
3791,1403,3,302,2025-10-26,1,1,1
3792,1405,6,101,2025-09-07,1,1,1
3793,1405,6,302,2025-09-05,1,1,1
3794,1405,6,201,2025-07-16,1,1,1
3795,1405,6,302,2025-09-29,1,1,1
3796,1405,6,301,2025-06-13,1,1,1
3797,1405,6,301,2025-11-09,1,1,1
3798,1406,1,302,2025-07-25,1,1,1
3799,1406,1,201,2025-10-19,1,1,1
3800,1406,1,301,2025-06-21,1,1,1
3801,1407,7,402,2025-11-29,1,1,1
3802,1407,7,402,2025-08-29,1,1,1
3803,1407,7,401,2025-12-26,1,1,1
3804,1407,7,401,2025-09-10,1,1,1
3805,1407,7,401,2025-06-14,1,1,1
3806,1407,7,402,2025-03-14,1,1,1
3807,1409,6,101,2025-10-04,1,1,1
3808,1409,6,201,2026-02-08,1,1,1
3809,1409,6,201,2025-07-24,1,0,1
3810,1409,6,101,2025-10-17,1,1,1
3811,1410,1,301,2025-06-30,1,1,1
3812,1410,1,201,2026-02-06,1,1,1
3813,1411,2,102,2025-08-08,1,1,1
3814,1411,2,302,2025-09-11,1,1,1
3815,1411,2,302,2025-02-10,1,1,1
3816,1411,2,201,2025-02-09,1,1,1
3817,1412,4,302,2025-05-29,1,1,1
3818,1412,4,301,2025-02-24,1,1,1
3819,1412,4,102,2026-02-19,1,1,1
3820,1413,5,301,2026-01-26,1,0,1
3821,1413,5,302,2025-07-20,1,1,1
3822,1413,5,301,2025-02-18,1,1,1
3823,1413,5,102,2026-01-16,1,1,1
3824,1413,5,102,2026-01-28,1,1,1
3825,1414,5,102,2025-07-05,1,1,1
3826,1414,5,302,2025-03-09,1,1,1
3827,1414,5,301,2025-06-08,1,1,1
3828,1414,5,302,2025-11-21,1,1,1
3829,1414,5,102,2025-08-28,1,1,1
3830,1414,5,302,2026-01-10,1,1,1
3831,1415,5,201,2026-02-04,1,1,1
3832,1415,5,101,2025-03-13,1,0,1
3833,1416,4,302,2025-12-05,1,1,1
3834,1416,4,201,2025-12-10,1,1,1
3835,1416,4,102,2025-07-01,1,0,1
3836,1416,4,302,2025-04-17,1,1,1
3837,1416,4,301,2025-10-27,1,1,1
3838,1417,3,102,2025-09-01,1,1,1
3839,1417,3,102,2025-05-11,1,0,1
3840,1418,2,201,2025-05-20,1,1,1
3841,1418,2,302,2025-10-19,1,1,1
3842,1418,2,302,2026-02-14,1,1,1
3843,1418,2,102,2025-11-03,1,1,1
3844,1420,1,201,2025-09-04,1,1,1
3845,1420,1,101,2026-02-16,1,1,1
3846,1420,1,101,2025-05-24,1,1,1
3847,1420,1,101,2025-07-05,1,1,1
3848,1420,1,201,2025-09-25,1,1,1
3849,1420,1,301,2025-04-30,1,1,1
3850,1421,2,102,2025-09-16,1,1,1
3851,1421,2,302,2025-02-22,1,1,1
3852,1421,2,302,2025-11-11,1,1,1
3853,1421,2,302,2025-10-12,1,1,1
3854,1422,7,402,2025-12-30,1,1,1
3855,1422,7,401,2025-10-16,1,1,1
3856,1423,5,201,2025-09-17,1,1,1
3857,1423,5,301,2025-02-15,1,1,1
3858,1423,5,102,2025-09-27,1,1,1
3859,1423,5,301,2025-06-25,1,1,1
3860,1425,2,301,2025-03-14,1,1,1
3861,1425,2,201,2025-07-30,1,1,1
3862,1425,2,102,2025-03-11,1,1,1
3863,1425,2,201,2026-02-28,1,1,1
3864,1425,2,102,2025-05-18,1,1,1
3865,1427,1,302,2026-02-14,1,1,1
3866,1427,1,101,2025-08-10,1,1,1
3867,1427,1,301,2025-10-18,1,1,1
3868,1428,6,201,2025-07-21,1,1,1
3869,1429,7,401,2025-05-04,1,1,1
3870,1429,7,401,2025-04-08,1,1,1
3871,1429,7,402,2025-02-17,1,1,1
3872,1429,7,401,2025-02-19,1,1,1
3873,1430,1,101,2025-06-06,1,0,1
3874,1430,1,201,2026-02-21,1,1,1
3875,1431,7,401,2026-02-27,1,1,1
3876,1431,7,402,2025-03-14,1,1,1
3877,1431,7,401,2026-01-16,1,1,1
3878,1431,7,402,2026-02-19,1,1,1
3879,1432,4,301,2026-02-09,1,0,1
3880,1432,4,201,2025-09-06,1,1,1
3881,1432,4,101,2026-02-27,1,1,1
3882,1432,4,301,2026-01-09,1,1,1
3883,1432,4,101,2025-09-25,1,1,1
3884,1432,4,302,2026-01-10,1,1,1
3885,1433,7,401,2026-01-31,1,1,1
3886,1433,7,401,2025-07-26,1,1,1
3887,1433,7,402,2025-12-26,1,0,1
3888,1433,7,401,2025-04-26,1,1,1
3889,1434,3,102,2025-05-07,1,1,1
3890,1434,3,301,2025-06-27,1,1,1
3891,1434,3,101,2025-10-05,1,1,1
3892,1434,3,102,2025-09-05,1,1,1
3893,1435,1,201,2025-03-07,1,0,1
3894,1436,2,301,2025-10-07,1,0,1
3895,1437,1,302,2025-03-19,1,1,1
3896,1437,1,201,2026-02-15,1,1,1
3897,1438,2,301,2025-07-05,1,1,1
3898,1438,2,102,2025-07-18,1,0,1
3899,1438,2,302,2025-03-25,1,1,1
3900,1440,5,102,2025-10-05,1,1,1
3901,1440,5,102,2025-03-15,1,1,1
3902,1440,5,302,2026-01-16,1,1,1
3903,1440,5,301,2025-10-13,1,1,1
3904,1440,5,301,2025-05-16,1,1,1
3905,1442,6,302,2025-02-05,1,1,1
3906,1443,6,102,2025-09-03,1,1,1
3907,1444,2,102,2025-10-28,1,1,1
3908,1444,2,302,2025-04-27,1,1,1
3909,1444,2,101,2025-12-06,1,1,1
3910,1444,2,201,2025-12-16,1,1,1
3911,1445,2,101,2025-11-11,1,1,1
3912,1445,2,301,2025-10-24,1,1,1
3913,1445,2,101,2025-07-27,1,1,1
3914,1445,2,302,2025-11-03,1,1,1
3915,1446,1,201,2025-11-20,1,1,1
3916,1447,6,101,2025-10-31,1,1,1
3917,1449,7,402,2025-12-08,1,1,1
3918,1449,7,401,2025-04-22,1,1,1
3919,1451,6,102,2025-02-27,1,1,1
3920,1451,6,302,2025-03-25,1,1,1
3921,1451,6,102,2025-07-11,1,0,1
3922,1452,2,101,2025-07-02,1,1,1
3923,1453,1,102,2025-12-26,1,1,1
3924,1453,1,201,2025-02-28,1,1,1
3925,1453,1,101,2025-02-20,1,1,1
3926,1453,1,102,2025-07-08,1,0,1
3927,1455,1,101,2026-02-15,1,1,1
3928,1455,1,301,2025-11-09,1,1,1
3929,1455,1,201,2025-07-11,1,1,1
3930,1456,7,401,2025-07-07,1,1,1
3931,1456,7,402,2025-07-06,1,1,1
3932,1457,5,302,2025-08-28,1,1,1
3933,1458,6,201,2025-09-02,1,1,1
3934,1458,6,201,2025-12-14,1,1,1
3935,1458,6,101,2025-03-26,1,0,1
3936,1458,6,301,2025-08-14,1,1,1
3937,1458,6,302,2025-03-03,1,1,1
3938,1459,3,201,2026-02-14,1,1,1
3939,1459,3,101,2025-04-14,1,1,1
3940,1459,3,301,2025-04-06,1,1,1
3941,1459,3,102,2025-12-22,1,1,1
3942,1459,3,301,2025-12-24,1,1,1
3943,1460,7,401,2025-05-11,1,0,1
3944,1460,7,402,2026-01-29,1,1,1
3945,1461,1,201,2025-04-13,1,1,1
3946,1463,6,301,2025-04-09,1,1,1
3947,1463,6,302,2025-02-26,1,1,1
3948,1463,6,102,2025-02-16,1,1,1
3949,1465,7,402,2026-02-12,1,1,1
3950,1465,7,401,2025-05-09,1,1,1
3951,1465,7,402,2025-04-16,1,1,1
3952,1466,2,201,2026-02-03,1,1,1
3953,1466,2,101,2025-10-21,1,1,1
3954,1466,2,101,2025-04-17,1,1,1
3955,1467,6,101,2025-02-23,1,1,1
3956,1467,6,201,2025-04-30,1,1,1
3957,1467,6,102,2025-09-03,1,1,1
3958,1467,6,201,2025-10-03,1,1,1
3959,1467,6,201,2025-08-24,1,1,1
3960,1468,6,101,2025-02-12,1,1,1
3961,1468,6,201,2025-12-22,1,1,1
3962,1468,6,302,2025-11-27,1,1,1
3963,1468,6,302,2025-08-20,1,1,1
3964,1469,3,101,2025-08-19,1,1,1
3965,1469,3,201,2025-08-01,1,1,1
3966,1469,3,301,2025-05-24,1,1,1
3967,1469,3,302,2025-10-30,1,1,1
3968,1469,3,302,2025-09-15,1,1,1
3969,1469,3,301,2026-01-23,1,1,1
3970,1470,6,101,2026-01-04,1,1,1
3971,1470,6,101,2025-04-07,1,1,1
3972,1470,6,102,2025-02-12,1,1,1
3973,1470,6,101,2026-02-08,1,1,1
3974,1470,6,102,2025-02-05,1,1,1
3975,1470,6,201,2025-11-29,1,1,1
3976,1471,7,401,2025-02-09,1,1,1
3977,1471,7,401,2026-02-25,1,1,1
3978,1473,6,302,2026-02-03,1,1,1
3979,1473,6,302,2025-03-10,1,1,1
3980,1474,2,301,2026-02-10,1,1,1
3981,1474,2,101,2025-05-31,1,1,1
3982,1474,2,201,2025-11-15,1,1,1
3983,1475,6,301,2025-12-25,1,1,1
3984,1475,6,101,2025-07-20,1,1,1
3985,1476,2,301,2025-11-12,1,0,1
3986,1476,2,201,2026-02-24,1,1,1
3987,1476,2,302,2025-12-18,1,1,1
3988,1476,2,302,2025-08-31,1,1,1
3989,1477,4,102,2025-04-27,1,1,1
3990,1477,4,201,2026-01-06,1,1,1
3991,1477,4,302,2025-04-23,1,1,1
3992,1477,4,302,2026-02-03,1,1,1
3993,1477,4,302,2026-02-25,1,1,1
3994,1478,6,102,2025-05-19,1,1,1
3995,1478,6,101,2025-10-20,1,1,1
3996,1478,6,302,2025-11-02,1,1,1
3997,1478,6,201,2025-09-05,1,1,1
3998,1479,7,401,2025-08-24,1,1,1
3999,1479,7,402,2025-11-10,1,1,1
4000,1479,7,401,2025-06-18,1,1,1
4001,1480,6,302,2025-04-17,1,1,1
4002,1480,6,101,2025-12-23,1,1,1
4003,1480,6,102,2025-10-03,1,1,1
4004,1480,6,201,2026-01-17,1,1,1
4005,1481,6,302,2025-10-09,1,1,1
4006,1481,6,201,2025-09-23,1,1,1
4007,1481,6,201,2026-01-18,1,1,1
4008,1481,6,101,2025-06-30,1,1,1
4009,1482,7,402,2026-02-25,1,1,1
4010,1482,7,401,2025-12-31,1,1,1
4011,1482,7,401,2025-12-14,1,1,1
4012,1482,7,402,2025-07-22,1,1,1
4013,1482,7,401,2025-08-28,1,1,1
4014,1482,7,402,2025-03-09,1,1,1
4015,1483,7,401,2025-09-14,1,1,1
4016,1483,7,402,2026-02-05,1,1,1
4017,1483,7,401,2025-02-26,1,1,1
4018,1483,7,401,2025-10-17,1,1,1
4019,1484,1,301,2025-02-20,1,1,1
4020,1484,1,101,2025-07-18,1,1,1
4021,1484,1,302,2025-12-25,1,1,1
4022,1484,1,102,2025-06-24,1,1,1
4023,1485,6,302,2025-05-22,1,1,1
4024,1486,4,301,2025-02-25,1,1,1
4025,1486,4,302,2026-02-28,1,1,1
4026,1487,1,302,2025-06-21,1,1,1
4027,1487,1,101,2025-05-12,1,1,1
4028,1488,1,201,2025-09-13,1,1,1
4029,1488,1,102,2025-10-28,1,1,1
4030,1488,1,301,2026-02-18,1,1,1
4031,1488,1,301,2025-07-28,1,1,1
4032,1488,1,201,2025-09-02,1,1,1
4033,1489,3,302,2025-08-21,1,1,1
4034,1489,3,101,2025-09-12,1,1,1
4035,1489,3,301,2026-02-18,1,1,1
4036,1489,3,301,2025-04-12,1,1,1
4037,1489,3,301,2025-12-20,1,1,1
4038,1490,2,201,2025-03-05,1,1,1
4039,1490,2,101,2025-04-20,1,1,1
4040,1491,4,301,2026-01-16,1,1,1
4041,1491,4,102,2025-08-06,1,1,1
4042,1491,4,101,2025-03-16,1,1,1
4043,1491,4,201,2026-02-05,1,1,1
4044,1492,6,302,2025-02-11,1,1,1
4045,1492,6,301,2025-07-14,1,1,1
4046,1492,6,302,2025-04-23,1,1,1
4047,1492,6,301,2025-06-14,1,1,1
4048,1492,6,102,2025-08-09,1,1,1
4049,1493,6,201,2025-02-02,1,1,1
4050,1493,6,301,2026-03-05,1,1,1
4051,1494,4,101,2025-11-16,1,1,1
4052,1494,4,302,2025-12-08,1,1,1
4053,1494,4,302,2025-10-06,1,0,1
4054,1494,4,201,2025-04-20,1,1,1
4055,1494,4,302,2025-06-22,1,1,1
4056,1495,6,201,2025-03-24,1,1,1
4057,1495,6,301,2025-12-15,1,1,1
4058,1496,6,302,2025-07-23,1,1,1
4059,1496,6,302,2025-09-14,1,1,1
4060,1496,6,301,2025-08-14,1,1,1
4061,1497,6,301,2025-07-17,1,0,1
4062,1497,6,201,2025-06-15,1,1,1
4063,1497,6,102,2025-07-07,1,1,1
4064,1497,6,102,2025-09-10,1,1,1
4065,1498,7,402,2025-11-16,1,1,1
4066,1498,7,401,2026-02-07,1,1,1
4067,1498,7,401,2025-06-17,1,1,1
4068,1499,2,301,2026-01-22,1,1,1
4069,1499,2,102,2025-03-30,1,1,1
4070,1499,2,201,2025-12-01,1,1,1
4071,1499,2,301,2025-02-27,1,1,1
4072,1500,1,201,2025-09-25,1,1,1
4073,1500,1,301,2026-02-28,1,1,1
4074,1500,1,201,2025-06-15,1,1,1
4075,1500,1,102,2026-01-04,1,1,1
4076,1501,7,401,2025-08-07,1,1,1
4077,1501,7,402,2025-07-23,1,1,1
4078,1502,1,201,2026-02-10,1,1,1
4079,1502,1,301,2025-08-21,1,1,1
4080,1503,6,301,2026-01-07,1,1,1
4081,1503,6,201,2025-04-16,1,1,1
4082,1503,6,302,2025-08-10,1,1,1
4083,1506,6,301,2025-07-05,1,1,1
4084,1506,6,301,2025-10-15,1,1,1
4085,1506,6,101,2025-08-26,1,1,1
4086,1506,6,101,2025-10-30,1,1,1
4087,1507,6,102,2025-06-03,1,1,1
4088,1507,6,102,2026-01-02,1,1,1
4089,1507,6,201,2025-07-04,1,1,1
4090,1507,6,101,2025-06-09,1,1,1
4091,1508,6,101,2025-10-11,1,1,1
4092,1508,6,302,2026-01-22,1,1,1
4093,1509,6,302,2025-07-14,1,1,1
4094,1509,6,302,2025-02-22,1,1,1
4095,1510,2,201,2026-02-28,1,1,1
4096,1510,2,301,2025-09-25,1,0,1
4097,1510,2,101,2025-08-18,1,1,1
4098,1513,1,101,2025-02-19,1,1,1
4099,1513,1,301,2025-12-28,1,1,1
4100,1514,2,302,2025-12-03,1,1,1
4101,1514,2,102,2025-07-11,1,1,1
4102,1515,2,102,2025-08-06,1,1,1
4103,1515,2,302,2025-06-02,1,1,1
4104,1516,7,402,2025-07-31,1,1,1
4105,1516,7,401,2025-10-08,1,1,1
4106,1516,7,401,2026-01-11,1,1,1
4107,1516,7,402,2025-12-02,1,1,1
4108,1517,3,301,2025-11-01,1,1,1
4109,1517,3,302,2026-03-06,1,1,1
4110,1518,3,201,2026-02-21,1,1,1
4111,1519,1,201,2025-12-07,1,1,1
4112,1520,6,301,2025-12-12,1,1,1
4113,1520,6,102,2026-01-11,1,1,1
4114,1520,6,102,2026-01-31,1,1,1
4115,1521,6,301,2025-03-05,1,1,1
4116,1521,6,201,2025-02-12,1,1,1
4117,1521,6,102,2026-01-08,1,1,1
4118,1521,6,101,2025-09-22,1,1,1
4119,1522,2,301,2025-11-15,1,1,1
4120,1522,2,102,2025-02-13,1,1,1
4121,1522,2,302,2025-07-26,1,1,1
4122,1522,2,102,2026-01-09,1,1,1
4123,1523,7,401,2025-10-18,1,1,1
4124,1523,7,402,2025-11-26,1,1,1
4125,1524,5,102,2025-04-27,1,1,1
4126,1526,4,102,2025-03-15,1,1,1
4127,1526,4,101,2025-12-26,1,1,1
4128,1526,4,302,2025-04-17,1,1,1
4129,1527,6,201,2025-06-16,1,1,1
4130,1527,6,201,2025-08-10,1,1,1
4131,1527,6,102,2026-01-18,1,1,1
4132,1527,6,201,2025-03-12,1,1,1
4133,1527,6,101,2026-03-03,1,1,1
4134,1528,6,102,2025-09-19,1,1,1
4135,1528,6,102,2025-02-10,1,1,1
4136,1528,6,201,2025-05-17,1,1,1
4137,1528,6,302,2025-12-27,1,1,1
4138,1529,4,301,2026-03-07,1,1,1
4139,1529,4,101,2025-06-24,1,1,1
4140,1529,4,301,2025-06-14,1,1,1
4141,1530,1,101,2025-06-14,1,1,1
4142,1530,1,302,2025-06-05,1,1,1
4143,1531,1,101,2025-04-28,1,1,1
4144,1531,1,302,2025-08-19,1,1,1
4145,1534,7,402,2025-02-24,1,1,1
4146,1534,7,401,2026-01-05,1,1,1
4147,1534,7,402,2025-11-06,1,1,1
4148,1535,7,401,2025-08-11,1,1,1
4149,1535,7,401,2026-01-01,1,1,1
4150,1536,2,102,2025-10-14,1,1,1
4151,1536,2,102,2025-11-07,1,0,1
4152,1536,2,302,2025-08-22,1,1,1
4153,1537,6,302,2025-11-22,1,1,1
4154,1537,6,102,2026-01-10,1,0,1
4155,1537,6,102,2025-07-03,1,1,1
4156,1539,6,301,2025-11-29,1,1,1
4157,1539,6,302,2025-02-19,1,1,1
4158,1539,6,201,2026-01-17,1,1,1
4159,1539,6,102,2025-02-11,1,1,1
4160,1540,6,302,2026-02-20,1,1,1
4161,1540,6,301,2025-05-29,1,1,1
4162,1541,5,101,2025-12-03,1,1,1
4163,1541,5,301,2025-04-05,1,1,1
4164,1542,6,302,2025-05-08,1,1,1
4165,1542,6,301,2025-04-14,1,1,1
4166,1542,6,302,2025-02-06,1,1,1
4167,1543,3,201,2025-03-07,1,1,1
4168,1543,3,302,2025-08-23,1,1,1
4169,1543,3,102,2025-07-25,1,1,1
4170,1544,7,401,2025-09-05,1,1,1
4171,1544,7,401,2025-10-20,1,1,1
4172,1544,7,402,2025-06-22,1,1,1
4173,1544,7,401,2025-12-06,1,1,1
4174,1544,7,401,2025-08-08,1,1,1
4175,1544,7,401,2025-07-03,1,1,1
4176,1545,1,301,2025-06-03,1,1,1
4177,1546,3,301,2025-06-10,1,1,1
4178,1546,3,301,2026-03-03,1,1,1
4179,1546,3,201,2025-04-25,1,1,1
4180,1546,3,101,2026-02-27,1,1,1
4181,1546,3,101,2025-11-06,1,1,1
4182,1547,2,201,2025-12-23,1,1,1
4183,1547,2,302,2025-11-17,1,1,1
4184,1548,4,302,2025-10-11,1,1,1
4185,1548,4,301,2025-10-07,1,1,1
4186,1548,4,101,2025-07-27,1,1,1
4187,1549,7,402,2025-06-10,1,0,1
4188,1549,7,402,2025-03-20,1,0,1
4189,1550,5,102,2025-12-21,1,1,1
4190,1550,5,302,2025-05-18,1,1,1
4191,1550,5,102,2025-11-14,1,1,1
4192,1550,5,201,2025-11-13,1,1,1
4193,1550,5,301,2025-08-26,1,1,1
4194,1550,5,301,2026-01-08,1,1,1
4195,1551,1,301,2025-07-09,1,1,1
4196,1551,1,201,2026-01-02,1,1,1
4197,1551,1,302,2025-09-21,1,1,1
4198,1553,3,301,2025-02-23,1,1,1
4199,1553,3,102,2025-06-16,1,1,1
4200,1553,3,302,2026-02-19,1,1,1
4201,1553,3,301,2026-02-22,1,1,1
4202,1554,6,101,2025-07-05,1,1,1
4203,1554,6,302,2025-11-01,1,1,1
4204,1554,6,101,2026-01-25,1,1,1
4205,1554,6,301,2025-05-23,1,1,1
4206,1554,6,101,2025-07-27,1,1,1
4207,1554,6,301,2025-07-25,1,0,1
4208,1555,2,101,2026-03-07,1,1,1
4209,1555,2,302,2025-08-04,1,1,1
4210,1555,2,302,2025-07-04,1,1,1
4211,1555,2,301,2025-04-02,1,1,1
4212,1555,2,101,2025-10-06,1,1,1
4213,1556,7,402,2025-08-05,1,1,1
4214,1556,7,402,2025-07-30,1,1,1
4215,1556,7,402,2025-04-18,1,1,1
4216,1556,7,402,2025-08-18,1,1,1
4217,1556,7,401,2025-07-23,1,1,1
4218,1556,7,402,2026-01-15,1,1,1
4219,1558,2,301,2025-07-29,1,1,1
4220,1559,2,301,2026-02-09,1,1,1
4221,1559,2,302,2025-12-30,1,1,1
4222,1559,2,301,2025-10-24,1,0,1
4223,1559,2,102,2026-03-08,1,1,1
4224,1560,2,301,2025-09-13,1,1,1
4225,1560,2,302,2025-02-21,1,1,1
4226,1560,2,102,2025-08-28,1,1,1
4227,1561,2,301,2026-02-17,1,1,1
4228,1562,3,101,2025-09-13,1,0,1
4229,1562,3,102,2025-04-05,1,1,1
4230,1562,3,102,2025-09-03,1,1,1
4231,1562,3,102,2025-02-17,1,1,1
4232,1563,6,201,2025-05-30,1,1,1
4233,1563,6,102,2026-03-05,1,1,1
4234,1564,1,302,2025-05-29,1,1,1
4235,1564,1,201,2025-02-12,1,1,1
4236,1565,2,302,2025-06-13,1,1,1
4237,1565,2,102,2025-02-02,1,1,1
4238,1565,2,301,2026-01-02,1,1,1
4239,1565,2,102,2025-09-13,1,1,1
4240,1566,7,401,2025-03-19,1,1,1
4241,1566,7,401,2025-06-05,1,1,1
4242,1566,7,402,2025-02-25,1,1,1
4243,1568,4,302,2025-11-12,1,1,1
4244,1568,4,201,2025-10-04,1,1,1
4245,1569,3,101,2025-11-24,1,1,1
4246,1569,3,302,2025-06-12,1,1,1
4247,1569,3,102,2025-07-10,1,1,1
4248,1569,3,102,2025-02-04,1,1,1
4249,1570,4,201,2025-08-06,1,1,1
4250,1570,4,201,2025-10-04,1,1,1
4251,1571,7,402,2025-05-04,1,0,1
4252,1571,7,401,2025-11-30,1,1,1
4253,1571,7,401,2025-06-08,1,1,1
4254,1572,3,101,2026-02-03,1,1,1
4255,1572,3,201,2025-09-01,1,1,1
4256,1572,3,102,2026-03-05,1,1,1
4257,1572,3,302,2025-11-04,1,1,1
4258,1572,3,301,2026-03-05,1,1,1
4259,1573,7,401,2025-04-22,1,1,1
4260,1573,7,402,2025-08-29,1,1,1
4261,1573,7,401,2025-03-30,1,1,1
4262,1574,7,402,2025-02-05,1,1,1
4263,1574,7,401,2025-05-05,1,1,1
4264,1574,7,401,2025-02-10,1,1,1
4265,1575,1,302,2025-07-24,1,1,1
4266,1575,1,101,2025-02-11,1,1,1
4267,1576,5,101,2025-10-09,1,1,1
4268,1577,6,101,2025-10-30,1,1,1
4269,1577,6,301,2026-01-04,1,1,1
4270,1578,1,201,2025-04-09,1,1,1
4271,1578,1,301,2026-02-14,1,1,1
4272,1578,1,101,2025-08-02,1,1,1
4273,1578,1,102,2026-01-15,1,1,1
4274,1578,1,302,2025-06-22,1,1,1
4275,1579,1,301,2025-11-01,1,0,1
4276,1580,4,302,2025-05-08,1,1,1
4277,1580,4,102,2025-08-10,1,0,1
4278,1580,4,302,2025-04-14,1,1,1
4279,1580,4,102,2025-05-22,1,1,1
4280,1580,4,301,2025-12-27,1,1,1
4281,1583,6,301,2025-04-20,1,1,1
4282,1584,4,101,2026-01-06,1,1,1
4283,1585,6,302,2025-02-04,1,1,1
4284,1585,6,101,2026-02-05,1,1,1
4285,1585,6,101,2025-10-13,1,1,1
4286,1586,5,102,2025-04-08,1,0,1
4287,1586,5,201,2025-04-08,1,0,1
4288,1586,5,101,2025-11-15,1,1,1
4289,1587,6,102,2025-04-18,1,1,1
4290,1588,7,402,2025-05-13,1,1,1
4291,1588,7,402,2025-10-17,1,1,1
4292,1588,7,401,2025-03-25,1,1,1
4293,1588,7,402,2025-12-21,1,1,1
4294,1588,7,402,2025-04-05,1,1,1
4295,1588,7,401,2025-05-20,1,1,1
4296,1589,6,101,2025-04-26,1,1,1
4297,1589,6,101,2025-09-27,1,1,1
4298,1589,6,201,2025-09-24,1,1,1
4299,1589,6,201,2025-03-29,1,1,1
4300,1590,6,201,2025-09-28,1,1,1
4301,1590,6,102,2025-04-23,1,1,1
4302,1590,6,301,2025-12-05,1,1,1
4303,1590,6,101,2025-11-07,1,1,1
4304,1590,6,102,2025-05-03,1,1,1
4305,1590,6,201,2025-09-29,1,1,1
4306,1591,2,301,2026-02-20,1,1,1
4307,1591,2,201,2025-12-23,1,1,1
4308,1591,2,201,2025-07-26,1,1,1
4309,1591,2,201,2025-09-25,1,1,1
4310,1592,2,201,2025-07-23,1,1,1
4311,1592,2,301,2025-07-08,1,1,1
4312,1592,2,102,2026-01-13,1,1,1
4313,1593,5,302,2025-05-27,1,0,1
4314,1593,5,201,2025-12-29,1,1,1
4315,1593,5,101,2025-04-06,1,1,1
4316,1594,6,101,2026-02-05,1,1,1
4317,1594,6,101,2025-02-05,1,1,1
4318,1595,5,201,2025-10-03,1,1,1
4319,1595,5,301,2025-04-27,1,1,1
4320,1595,5,301,2026-03-06,1,1,1
4321,1596,1,201,2025-04-20,1,1,1
4322,1596,1,101,2026-03-08,1,1,1
4323,1596,1,302,2025-12-02,1,1,1
4324,1596,1,101,2025-06-18,1,1,1
4325,1596,1,101,2026-01-14,1,1,1
4326,1596,1,201,2025-06-04,1,1,1
4327,1597,2,102,2025-08-22,1,1,1
4328,1598,2,301,2025-07-19,1,1,1
4329,1598,2,301,2025-02-07,1,1,1
4330,1599,2,102,2025-05-26,1,1,1
4331,1599,2,102,2025-12-10,1,1,1
4332,1599,2,302,2025-06-20,1,1,1
4333,1599,2,301,2025-04-25,1,1,1
4334,1599,2,102,2025-12-24,1,1,1
4335,1600,6,301,2025-10-05,1,1,1
4336,1600,6,301,2025-03-15,1,1,1
4337,1601,1,102,2026-03-01,1,1,1
4338,1601,1,102,2025-09-27,1,1,1
4339,1601,1,102,2025-02-06,1,1,1
4340,1601,1,101,2025-04-15,1,1,1
4341,1601,1,302,2025-11-22,1,1,1
4342,1601,1,101,2025-12-23,1,1,1
4343,1603,7,401,2025-12-28,1,1,1
4344,1603,7,402,2025-09-20,1,1,1
4345,1605,6,201,2025-02-27,1,1,1
4346,1605,6,201,2025-06-08,1,1,1
4347,1606,6,302,2026-01-28,1,1,1
4348,1607,7,402,2025-06-18,1,1,1
4349,1607,7,401,2025-07-07,1,1,1
4350,1607,7,401,2025-08-24,1,1,1
4351,1607,7,401,2025-05-20,1,1,1
4352,1608,6,201,2025-09-29,1,1,1
4353,1608,6,302,2025-07-22,1,1,1
4354,1608,6,301,2025-10-20,1,1,1
4355,1608,6,101,2025-06-07,1,1,1
4356,1610,6,102,2026-01-14,1,1,1
4357,1610,6,102,2025-05-29,1,0,1
4358,1610,6,301,2025-05-03,1,1,1
4359,1611,4,101,2025-11-03,1,1,1
4360,1612,6,102,2025-05-29,1,0,1
4361,1612,6,201,2025-03-10,1,0,1
4362,1613,3,102,2025-02-15,1,1,1
4363,1613,3,301,2025-08-07,1,1,1
4364,1614,5,301,2025-11-28,1,0,1
4365,1614,5,201,2026-01-24,1,1,1
4366,1614,5,101,2025-04-19,1,1,1
4367,1614,5,201,2025-08-21,1,1,1
4368,1614,5,201,2025-12-01,1,0,1
4369,1615,6,101,2025-05-31,1,1,1
4370,1615,6,302,2025-02-19,1,1,1
4371,1615,6,301,2025-03-11,1,1,1
4372,1616,5,201,2025-07-29,1,1,1
4373,1616,5,102,2025-07-09,1,1,1
4374,1616,5,302,2026-02-26,1,1,1
4375,1617,6,101,2025-10-13,1,1,1
4376,1617,6,201,2025-04-04,1,1,1
4377,1617,6,301,2025-05-30,1,1,1
4378,1617,6,102,2025-12-21,1,1,1
4379,1617,6,102,2025-08-29,1,1,1
4380,1617,6,102,2025-09-09,1,0,1
4381,1618,7,401,2025-11-02,1,1,1
4382,1619,7,402,2026-03-06,1,1,1
4383,1619,7,401,2025-03-10,1,1,1
4384,1619,7,402,2025-04-20,1,0,1
4385,1619,7,401,2025-11-15,1,1,1
4386,1620,6,302,2025-03-12,1,1,1
4387,1620,6,201,2025-05-22,1,1,1
4388,1620,6,301,2025-10-17,1,0,1
4389,1620,6,101,2025-12-01,1,1,1
4390,1623,5,101,2026-02-11,1,1,1
4391,1623,5,102,2025-10-07,1,1,1
4392,1623,5,302,2025-11-13,1,1,1
4393,1623,5,101,2025-05-18,1,1,1
4394,1623,5,101,2025-08-20,1,1,1
4395,1624,3,302,2025-08-28,1,1,1
4396,1624,3,302,2025-11-02,1,1,1
4397,1624,3,201,2026-01-17,1,1,1
4398,1624,3,201,2025-12-03,1,1,1
4399,1626,2,201,2026-02-24,1,1,1
4400,1626,2,302,2025-04-24,1,1,1
4401,1627,1,101,2025-04-21,1,1,1
4402,1627,1,301,2025-02-01,1,1,1
4403,1628,2,301,2025-05-10,1,1,1
4404,1628,2,301,2025-09-04,1,1,1
4405,1628,2,201,2025-10-23,1,0,1
4406,1628,2,102,2026-01-31,1,1,1
4407,1629,6,101,2025-12-07,1,1,1
4408,1629,6,301,2025-10-25,1,1,1
4409,1629,6,302,2025-11-19,1,1,1
4410,1629,6,201,2025-06-11,1,1,1
4411,1630,5,302,2025-09-25,1,1,1
4412,1630,5,101,2025-10-05,1,1,1
4413,1631,2,301,2026-02-06,1,1,1
4414,1631,2,301,2025-03-08,1,1,1
4415,1632,6,101,2025-07-06,1,1,1
4416,1632,6,201,2025-07-30,1,1,1
4417,1632,6,302,2025-08-25,1,1,1
4418,1632,6,102,2025-06-08,1,1,1
4419,1632,6,101,2025-12-18,1,1,1
4420,1633,1,101,2025-04-10,1,1,1
4421,1633,1,201,2025-07-28,1,1,1
4422,1633,1,301,2025-05-21,1,1,1
4423,1633,1,102,2026-01-27,1,1,1
4424,1634,1,102,2025-10-12,1,1,1
4425,1634,1,302,2025-12-01,1,1,1
4426,1634,1,102,2025-03-28,1,1,1
4427,1635,7,401,2025-04-15,1,1,1
4428,1635,7,402,2025-04-12,1,1,1
4429,1636,4,201,2025-03-02,1,0,1
4430,1636,4,201,2025-02-17,1,1,1
4431,1636,4,302,2026-02-04,1,1,1
4432,1636,4,101,2025-11-28,1,1,1
4433,1636,4,302,2025-11-18,1,1,1
4434,1636,4,301,2025-09-23,1,1,1
4435,1638,2,301,2025-05-21,1,1,1
4436,1638,2,101,2026-03-03,1,1,1
4437,1638,2,201,2025-05-24,1,1,1
4438,1639,1,101,2025-06-30,1,1,1
4439,1639,1,102,2025-12-12,1,1,1
4440,1639,1,201,2025-05-27,1,1,1
4441,1639,1,101,2026-02-01,1,1,1
4442,1640,5,302,2025-08-31,1,1,1
4443,1640,5,201,2025-08-31,1,1,1
4444,1641,5,302,2025-05-11,1,1,1
4445,1641,5,201,2025-12-08,1,1,1
4446,1641,5,301,2025-07-23,1,1,1
4447,1641,5,102,2025-07-18,1,1,1
4448,1642,1,102,2025-02-20,1,1,1
4449,1642,1,102,2025-06-27,1,1,1
4450,1642,1,101,2026-02-16,1,1,1
4451,1643,1,201,2025-08-08,1,0,1
4452,1643,1,302,2025-02-23,1,1,1
4453,1643,1,201,2025-10-23,1,1,1
4454,1644,5,101,2025-08-31,1,1,1
4455,1644,5,301,2026-01-30,1,1,1
4456,1644,5,302,2025-05-04,1,1,1
4457,1644,5,102,2025-10-08,1,1,1
4458,1644,5,302,2026-03-02,1,1,1
4459,1645,6,302,2025-05-11,1,1,1
4460,1645,6,301,2025-04-13,1,1,1
4461,1646,6,302,2025-06-25,1,1,1
4462,1646,6,201,2025-02-08,1,1,1
4463,1646,6,102,2025-06-13,1,1,1
4464,1647,4,302,2025-08-21,1,1,1
4465,1647,4,102,2025-06-06,1,1,1
4466,1647,4,301,2025-03-12,1,1,1
4467,1647,4,201,2025-05-27,1,1,1
4468,1648,1,102,2025-08-14,1,1,1
4469,1648,1,302,2025-06-15,1,1,1
4470,1648,1,101,2025-06-08,1,1,1
4471,1648,1,302,2025-08-16,1,1,1
4472,1648,1,101,2025-09-21,1,0,1
4473,1649,1,101,2025-12-13,1,1,1
4474,1649,1,102,2025-08-13,1,1,1
4475,1649,1,302,2025-07-06,1,1,1
4476,1649,1,301,2025-11-10,1,1,1
4477,1649,1,102,2025-02-24,1,1,1
4478,1650,2,101,2025-03-08,1,1,1
4479,1651,1,201,2025-07-26,1,0,1
4480,1651,1,101,2025-05-30,1,1,1
4481,1651,1,102,2025-04-01,1,1,1
4482,1652,6,201,2025-02-20,1,1,1
4483,1652,6,302,2025-02-01,1,1,1
4484,1652,6,302,2025-02-25,1,1,1
4485,1653,4,101,2025-10-16,1,1,1
4486,1653,4,301,2025-03-08,1,1,1
4487,1653,4,101,2025-06-15,1,1,1
4488,1653,4,201,2025-08-19,1,1,1
4489,1654,3,102,2026-01-05,1,1,1
4490,1654,3,301,2025-02-28,1,1,1
4491,1656,1,301,2025-12-14,1,1,1
4492,1656,1,302,2025-10-27,1,1,1
4493,1657,3,302,2025-05-29,1,1,1
4494,1657,3,301,2025-12-12,1,1,1
4495,1657,3,201,2025-12-20,1,1,1
4496,1658,3,101,2025-02-09,1,1,1
4497,1658,3,102,2026-02-24,1,1,1
4498,1659,3,101,2025-11-12,1,1,1
4499,1659,3,101,2025-08-23,1,1,1
4500,1659,3,102,2025-02-19,1,1,1
4501,1659,3,101,2025-11-01,1,0,1
4502,1660,6,201,2025-03-21,1,1,1
4503,1660,6,102,2025-08-22,1,1,1
4504,1660,6,101,2025-06-28,1,1,1
4505,1662,6,301,2025-11-15,1,1,1
4506,1662,6,301,2025-12-23,1,1,1
4507,1663,6,302,2025-02-07,1,0,1
4508,1663,6,102,2025-03-27,1,1,1
4509,1663,6,101,2025-09-22,1,1,1
4510,1664,1,301,2026-02-27,1,1,1
4511,1664,1,102,2025-07-11,1,1,1
4512,1664,1,302,2025-12-02,1,1,1
4513,1664,1,102,2025-02-19,1,1,1
4514,1665,1,101,2025-11-21,1,1,1
4515,1665,1,301,2025-02-19,1,1,1
4516,1665,1,201,2025-04-29,1,1,1
4517,1666,6,201,2025-08-02,1,1,1
4518,1666,6,201,2025-09-05,1,1,1
4519,1666,6,301,2025-05-30,1,1,1
4520,1666,6,102,2025-10-24,1,1,1
4521,1666,6,201,2026-02-09,1,1,1
4522,1667,6,201,2025-05-29,1,1,1
4523,1667,6,302,2025-10-04,1,1,1
4524,1668,1,102,2025-02-01,1,1,1
4525,1668,1,101,2026-01-22,1,1,1
4526,1668,1,302,2025-08-16,1,1,1
4527,1668,1,301,2025-05-21,1,1,1
4528,1669,2,301,2025-09-21,1,1,1
4529,1669,2,102,2025-07-06,1,1,1
4530,1669,2,301,2025-04-21,1,1,1
4531,1669,2,201,2026-02-03,1,1,1
4532,1670,5,302,2025-10-28,1,1,1
4533,1670,5,301,2026-01-05,1,1,1
4534,1670,5,102,2025-04-20,1,1,1
4535,1670,5,301,2025-08-18,1,1,1
4536,1672,5,101,2025-06-04,1,1,1
4537,1672,5,201,2025-04-05,1,1,1
4538,1672,5,301,2025-08-19,1,1,1
4539,1672,5,301,2025-09-09,1,1,1
4540,1674,2,102,2025-09-25,1,1,1
4541,1674,2,302,2026-02-03,1,1,1
4542,1675,4,101,2025-11-28,1,1,1
4543,1676,2,201,2025-08-25,1,1,1
4544,1676,2,102,2025-11-01,1,1,1
4545,1676,2,302,2025-03-25,1,1,1
4546,1677,6,301,2025-05-30,1,0,1
4547,1677,6,302,2025-06-09,1,1,1
4548,1677,6,102,2025-03-23,1,1,1
4549,1677,6,302,2025-08-23,1,1,1
4550,1677,6,302,2025-08-05,1,1,1
4551,1678,6,201,2025-04-30,1,0,1
4552,1678,6,301,2025-02-04,1,1,1
4553,1680,1,101,2025-09-06,1,1,1
4554,1683,2,201,2026-02-18,1,1,1
4555,1683,2,302,2025-03-14,1,1,1
4556,1683,2,102,2025-05-30,1,1,1
4557,1686,5,102,2025-07-06,1,1,1
4558,1686,5,301,2025-12-17,1,1,1
4559,1686,5,101,2026-01-18,1,1,1
4560,1687,7,401,2025-05-23,1,1,1
4561,1687,7,401,2026-01-07,1,0,1
4562,1687,7,402,2025-10-11,1,1,1
4563,1687,7,402,2025-06-06,1,1,1
4564,1687,7,402,2025-08-05,1,1,1
4565,1687,7,402,2025-03-08,1,1,1
4566,1689,1,102,2025-05-21,1,0,1
4567,1690,7,401,2025-03-05,1,1,1
4568,1690,7,401,2025-04-21,1,1,1
4569,1690,7,401,2026-02-27,1,1,1
4570,1690,7,401,2025-09-12,1,1,1
4571,1691,7,402,2025-12-10,1,1,1
4572,1691,7,401,2025-09-25,1,1,1
4573,1691,7,402,2025-06-05,1,1,1
4574,1692,6,302,2026-01-04,1,1,1
4575,1693,6,302,2025-12-23,1,1,1
4576,1694,7,401,2025-12-06,1,1,1
4577,1694,7,401,2025-06-14,1,1,1
4578,1694,7,402,2025-04-26,1,1,1
4579,1694,7,401,2025-12-12,1,1,1
4580,1696,5,302,2025-06-08,1,1,1
4581,1696,5,301,2026-02-09,1,1,1
4582,1697,6,101,2026-03-08,1,0,1
4583,1697,6,102,2025-09-07,1,1,1
4584,1697,6,201,2026-01-29,1,0,1
4585,1698,6,301,2025-07-21,1,1,1
4586,1698,6,201,2025-12-02,1,1,1
4587,1698,6,101,2025-08-18,1,1,1
4588,1699,4,302,2025-12-10,1,1,1
4589,1699,4,101,2025-08-02,1,1,1
4590,1699,4,302,2025-04-19,1,1,1
4591,1699,4,101,2025-06-17,1,1,1
4592,1700,2,102,2025-05-03,1,1,1
4593,1700,2,301,2025-02-12,1,1,1
4594,1700,2,102,2025-07-16,1,1,1
4595,1700,2,302,2025-11-02,1,1,1
4596,1700,2,101,2025-07-14,1,1,1
4597,1700,2,201,2025-11-29,1,1,1
4598,1701,7,401,2025-11-20,1,1,1
4599,1701,7,401,2025-08-03,1,1,1
4600,1701,7,402,2025-07-12,1,1,1
4601,1702,1,201,2025-06-18,1,1,1
4602,1702,1,101,2025-10-04,1,0,1
4603,1702,1,102,2025-09-22,1,1,1
4604,1702,1,101,2025-10-29,1,1,1
4605,1703,6,301,2025-03-26,1,1,1
4606,1703,6,101,2025-11-12,1,1,1
4607,1704,3,102,2025-02-08,1,0,1
4608,1704,3,302,2025-08-23,1,0,1
4609,1705,1,302,2025-12-19,1,1,1
4610,1705,1,201,2025-11-14,1,1,1
4611,1705,1,102,2025-05-26,1,1,1
4612,1705,1,102,2025-02-21,1,1,1
4613,1705,1,301,2025-10-26,1,1,1
4614,1705,1,302,2025-04-29,1,1,1
4615,1706,5,301,2026-02-26,1,1,1
4616,1706,5,201,2025-04-18,1,1,1
4617,1706,5,102,2025-04-10,1,0,1
4618,1708,2,102,2025-06-10,1,1,1
4619,1708,2,101,2026-02-02,1,1,1
4620,1708,2,102,2026-01-24,1,1,1
4621,1709,5,301,2025-04-22,1,1,1
4622,1709,5,302,2025-07-18,1,1,1
4623,1710,1,101,2025-03-14,1,1,1
4624,1710,1,101,2025-12-14,1,1,1
4625,1711,6,102,2025-04-30,1,1,1
4626,1711,6,102,2025-02-07,1,1,1
4627,1712,2,102,2025-07-15,1,1,1
4628,1714,3,102,2026-01-16,1,1,1
4629,1714,3,102,2025-12-25,1,1,1
4630,1714,3,201,2025-09-22,1,1,1
4631,1714,3,201,2025-11-22,1,1,1
4632,1715,5,102,2025-11-14,1,1,1
4633,1717,7,401,2025-09-07,1,1,1
4634,1717,7,402,2025-09-30,1,1,1
4635,1717,7,402,2025-05-17,1,0,1
4636,1718,4,201,2025-03-05,1,1,1
4637,1718,4,101,2025-09-12,1,1,1
4638,1718,4,301,2025-09-26,1,1,1
4639,1718,4,101,2025-11-07,1,0,1
4640,1718,4,201,2026-02-12,1,1,1
4641,1719,1,201,2025-03-21,1,1,1
4642,1719,1,301,2025-04-15,1,1,1
4643,1720,7,401,2025-07-02,1,1,1
4644,1720,7,401,2025-02-04,1,1,1
4645,1720,7,402,2026-01-01,1,1,1
4646,1721,7,401,2026-03-03,1,1,1
4647,1721,7,401,2025-04-25,1,1,1
4648,1721,7,402,2026-01-24,1,1,1
4649,1722,3,302,2025-07-17,1,1,1
4650,1722,3,302,2025-05-10,1,1,1
4651,1723,6,201,2025-06-19,1,1,1
4652,1723,6,101,2026-02-01,1,1,1
4653,1723,6,201,2025-08-27,1,1,1
4654,1723,6,102,2026-02-18,1,1,1
4655,1723,6,102,2025-02-24,1,1,1
4656,1723,6,101,2025-07-19,1,1,1
4657,1724,4,302,2025-05-04,1,1,1
4658,1724,4,301,2025-11-06,1,1,1
4659,1724,4,302,2025-08-25,1,1,1
4660,1724,4,101,2025-09-16,1,1,1
4661,1725,1,101,2025-08-03,1,1,1
4662,1725,1,302,2025-10-18,1,1,1
4663,1727,7,402,2025-07-09,1,0,1
4664,1727,7,401,2025-05-24,1,1,1
4665,1727,7,402,2025-07-19,1,1,1
4666,1727,7,402,2025-08-06,1,1,1
4667,1728,1,201,2025-07-31,1,1,1
4668,1728,1,302,2025-07-15,1,1,1
4669,1728,1,301,2025-12-08,1,1,1
4670,1729,1,102,2025-12-01,1,1,1
4671,1729,1,302,2026-01-29,1,1,1
4672,1729,1,201,2025-09-28,1,1,1
4673,1729,1,301,2025-09-15,1,1,1
4674,1729,1,201,2026-01-16,1,1,1
4675,1729,1,101,2025-08-19,1,1,1
4676,1731,6,101,2025-03-28,1,1,1
4677,1731,6,201,2025-04-27,1,1,1
4678,1731,6,102,2025-05-17,1,1,1
4679,1733,6,101,2025-10-22,1,0,1
4680,1733,6,102,2025-09-10,1,1,1
4681,1733,6,101,2025-10-18,1,1,1
4682,1733,6,302,2025-11-28,1,1,1
4683,1734,1,301,2025-03-27,1,1,1
4684,1734,1,101,2026-02-10,1,1,1
4685,1734,1,302,2025-12-25,1,1,1
4686,1735,6,301,2025-07-19,1,1,1
4687,1735,6,301,2026-03-08,1,1,1
4688,1735,6,102,2026-01-13,1,1,1
4689,1736,6,302,2025-12-27,1,1,1
4690,1736,6,302,2025-10-21,1,1,1
4691,1736,6,301,2025-03-26,1,1,1
4692,1737,3,302,2026-01-23,1,1,1
4693,1737,3,102,2025-11-19,1,0,1
4694,1737,3,101,2025-09-29,1,1,1
4695,1738,6,201,2026-01-17,1,1,1
4696,1738,6,201,2025-07-09,1,1,1
4697,1739,2,301,2025-04-29,1,1,1
4698,1739,2,301,2025-12-25,1,1,1
4699,1740,6,102,2025-09-20,1,1,1
4700,1740,6,201,2025-03-28,1,1,1
4701,1740,6,301,2026-02-11,1,0,1
4702,1740,6,201,2025-11-24,1,1,1
4703,1741,6,302,2025-12-18,1,1,1
4704,1741,6,302,2025-09-25,1,1,1
4705,1741,6,302,2025-11-21,1,1,1
4706,1741,6,301,2025-07-11,1,1,1
4707,1742,5,301,2026-01-07,1,1,1
4708,1742,5,302,2025-10-03,1,0,1
4709,1742,5,302,2025-05-23,1,1,1
4710,1743,2,102,2025-09-15,1,0,1
4711,1743,2,101,2025-09-27,1,1,1
4712,1743,2,301,2025-03-21,1,1,1
4713,1743,2,102,2025-02-14,1,1,1
4714,1743,2,101,2025-11-01,1,1,1
4715,1743,2,102,2025-04-22,1,1,1
4716,1744,2,201,2025-05-08,1,0,1
4717,1745,6,102,2025-07-21,1,1,1
4718,1745,6,101,2025-05-26,1,1,1
4719,1746,2,201,2025-09-23,1,1,1
4720,1747,6,101,2025-09-19,1,1,1
4721,1747,6,102,2026-01-20,1,1,1
4722,1749,3,201,2025-03-11,1,1,1
4723,1751,3,302,2025-08-02,1,1,1
4724,1751,3,201,2026-01-22,1,1,1
4725,1751,3,301,2025-02-22,1,1,1
4726,1751,3,102,2025-08-30,1,0,1
4727,1752,3,102,2025-07-09,1,1,1
4728,1753,6,301,2025-03-29,1,1,1
4729,1753,6,102,2025-11-16,1,1,1
4730,1755,1,301,2026-02-22,1,1,1
4731,1755,1,101,2025-07-17,1,1,1
4732,1755,1,101,2025-08-27,1,1,1
4733,1755,1,101,2025-04-28,1,1,1
4734,1756,5,101,2025-07-02,1,1,1
4735,1756,5,201,2026-01-22,1,1,1
4736,1756,5,201,2025-02-03,1,1,1
4737,1756,5,201,2025-07-16,1,1,1
4738,1756,5,201,2025-02-27,1,1,1
4739,1757,3,201,2025-10-14,1,1,1
4740,1758,6,102,2025-04-12,1,1,1
4741,1758,6,301,2025-05-10,1,1,1
4742,1758,6,302,2025-03-04,1,1,1
4743,1759,3,101,2026-01-22,1,1,1
4744,1759,3,102,2025-08-13,1,1,1
4745,1760,4,302,2026-01-18,1,0,1
4746,1760,4,102,2025-11-16,1,1,1
4747,1760,4,301,2025-07-23,1,1,1
4748,1760,4,101,2025-09-23,1,1,1
4749,1761,2,301,2026-02-05,1,0,1
4750,1761,2,101,2026-01-14,1,1,1
4751,1761,2,101,2025-03-01,1,1,1
4752,1761,2,102,2025-05-18,1,1,1
4753,1762,2,301,2025-04-25,1,1,1
4754,1762,2,101,2026-02-08,1,1,1
4755,1764,5,102,2025-12-23,1,1,1
4756,1764,5,101,2025-04-22,1,1,1
4757,1764,5,302,2026-03-08,1,1,1
4758,1765,1,101,2025-05-26,1,1,1
4759,1765,1,101,2025-04-23,1,1,1
4760,1765,1,102,2025-02-22,1,1,1
4761,1766,6,102,2026-01-01,1,1,1
4762,1766,6,301,2025-06-24,1,1,1
4763,1766,6,102,2025-02-28,1,1,1
4764,1766,6,201,2025-11-14,1,1,1
4765,1766,6,201,2025-11-05,1,1,1
4766,1767,7,401,2025-05-11,1,0,1
4767,1767,7,401,2026-01-05,1,1,1
4768,1767,7,401,2025-04-27,1,1,1
4769,1768,2,201,2025-09-03,1,1,1
4770,1768,2,201,2025-07-16,1,1,1
4771,1769,6,301,2025-11-18,1,0,1
4772,1770,2,201,2026-01-22,1,1,1
4773,1770,2,201,2025-07-26,1,1,1
4774,1771,7,402,2026-01-22,1,1,1
4775,1772,5,302,2025-09-15,1,1,1
4776,1772,5,101,2026-01-24,1,1,1
4777,1773,4,301,2026-03-05,1,1,1
4778,1773,4,101,2025-03-17,1,1,1
4779,1773,4,102,2025-10-22,1,1,1
4780,1774,3,302,2025-08-24,1,1,1
4781,1774,3,302,2025-12-04,1,0,1
4782,1774,3,102,2025-04-17,1,1,1
4783,1775,2,201,2025-02-14,1,1,1
4784,1775,2,101,2025-10-11,1,1,1
4785,1775,2,101,2025-09-06,1,1,1
4786,1775,2,101,2026-02-09,1,1,1
4787,1775,2,301,2025-02-06,1,1,1
4788,1776,2,301,2025-09-30,1,1,1
4789,1776,2,302,2025-12-23,1,1,1
4790,1776,2,101,2025-11-26,1,1,1
4791,1776,2,302,2025-04-05,1,1,1
4792,1777,3,302,2025-06-02,1,1,1
4793,1777,3,201,2025-06-19,1,1,1
4794,1777,3,101,2025-02-10,1,1,1
4795,1777,3,101,2025-03-16,1,1,1
4796,1777,3,302,2025-06-14,1,1,1
4797,1778,6,101,2025-04-02,1,1,1
4798,1778,6,301,2025-10-22,1,0,1
4799,1778,6,301,2025-03-25,1,1,1
4800,1779,2,301,2026-02-06,1,1,1
4801,1779,2,101,2025-06-27,1,1,1
4802,1781,7,402,2025-09-20,1,1,1
4803,1782,6,301,2025-02-28,1,1,1
4804,1782,6,201,2025-03-19,1,1,1
4805,1782,6,101,2025-11-20,1,1,1
4806,1782,6,101,2025-09-29,1,0,1
4807,1784,6,102,2025-02-25,1,0,1
4808,1785,6,302,2026-01-18,1,1,1
4809,1786,5,302,2025-03-14,1,1,1
4810,1786,5,101,2025-04-30,1,1,1
4811,1786,5,302,2025-09-29,1,1,1
4812,1786,5,201,2025-12-06,1,1,1
4813,1787,6,201,2025-12-04,1,1,1
4814,1787,6,301,2026-02-19,1,1,1
4815,1787,6,301,2025-06-11,1,1,1
4816,1788,4,102,2026-01-14,1,1,1
4817,1788,4,302,2025-06-13,1,1,1
4818,1788,4,102,2025-03-15,1,0,1
4819,1788,4,301,2025-07-29,1,1,1
4820,1788,4,102,2025-02-21,1,1,1
4821,1789,6,102,2026-03-07,1,1,1
4822,1789,6,302,2025-09-16,1,1,1
4823,1789,6,301,2025-08-22,1,1,1
4824,1789,6,302,2026-01-18,1,1,1
4825,1789,6,302,2025-11-01,1,1,1
4826,1790,7,402,2026-02-28,1,1,1
4827,1791,7,401,2025-10-25,1,1,1
4828,1792,6,302,2025-06-21,1,1,1
4829,1792,6,201,2025-02-18,1,1,1
4830,1793,2,302,2025-06-26,1,1,1
4831,1793,2,101,2025-09-16,1,1,1
4832,1793,2,201,2025-02-14,1,1,1
4833,1794,7,401,2026-02-27,1,1,1
4834,1794,7,401,2025-09-14,1,1,1
4835,1794,7,401,2025-04-01,1,1,1
4836,1795,2,101,2025-06-09,1,1,1
4837,1796,5,302,2026-02-08,1,1,1
4838,1796,5,201,2025-04-26,1,1,1
4839,1798,7,401,2026-01-04,1,0,1
4840,1798,7,402,2025-05-13,1,1,1
4841,1799,6,101,2025-04-17,1,1,1
4842,1799,6,301,2025-07-28,1,1,1
4843,1799,6,302,2025-10-12,1,1,1
4844,1799,6,102,2025-07-20,1,0,1
4845,1800,5,302,2025-10-06,1,1,1
4846,1800,5,302,2026-02-03,1,1,1
4847,1801,2,301,2025-06-11,1,1,1
4848,1801,2,302,2025-06-24,1,1,1
4849,1801,2,301,2025-02-03,1,1,1
4850,1802,6,301,2025-10-05,1,1,1
4851,1802,6,302,2026-01-16,1,1,1
4852,1803,3,201,2025-09-23,1,1,1
4853,1803,3,102,2025-11-02,1,1,1
4854,1803,3,101,2025-07-27,1,1,1
4855,1804,4,301,2025-09-08,1,1,1
4856,1804,4,302,2025-10-24,1,1,1
4857,1804,4,302,2025-11-05,1,1,1
4858,1804,4,302,2025-09-29,1,1,1
4859,1805,6,302,2025-09-20,1,1,1
4860,1805,6,201,2025-06-01,1,1,1
4861,1806,1,302,2025-05-21,1,1,1
4862,1806,1,301,2025-02-02,1,1,1
4863,1807,6,102,2025-07-21,1,1,1
4864,1807,6,101,2025-11-25,1,1,1
4865,1807,6,102,2025-06-08,1,1,1
4866,1807,6,302,2025-03-29,1,1,1
4867,1808,5,201,2025-10-04,1,1,1
4868,1809,7,402,2025-03-08,1,1,1
4869,1809,7,402,2025-08-25,1,1,1
4870,1809,7,401,2026-01-26,1,1,1
4871,1811,2,101,2025-07-22,1,1,1
4872,1811,2,302,2025-02-16,1,1,1
4873,1811,2,201,2025-03-25,1,1,1
4874,1811,2,301,2026-01-28,1,0,1
4875,1811,2,102,2025-07-04,1,1,1
4876,1812,1,301,2025-05-02,1,1,1
4877,1812,1,301,2025-08-31,1,0,1
4878,1813,2,201,2025-07-31,1,1,1
4879,1813,2,301,2025-03-05,1,1,1
4880,1813,2,101,2025-03-12,1,1,1
4881,1814,2,302,2025-11-13,1,1,1
4882,1815,2,301,2026-01-23,1,0,1
4883,1815,2,201,2025-10-20,1,1,1
4884,1815,2,201,2025-08-12,1,1,1
4885,1815,2,102,2025-07-17,1,1,1
4886,1815,2,201,2025-02-15,1,0,1
4887,1816,4,102,2025-04-29,1,0,1
4888,1817,6,301,2025-07-12,1,1,1
4889,1817,6,302,2025-11-29,1,1,1
4890,1817,6,302,2025-07-09,1,1,1
4891,1817,6,102,2025-04-22,1,1,1
4892,1817,6,302,2025-09-18,1,1,1
4893,1818,3,101,2026-01-09,1,1,1
4894,1818,3,102,2025-04-27,1,1,1
4895,1818,3,302,2025-09-24,1,1,1
4896,1818,3,101,2026-02-22,1,1,1
4897,1818,3,102,2025-04-23,1,1,1
4898,1819,4,301,2025-07-01,1,1,1
4899,1819,4,102,2026-02-19,1,1,1
4900,1819,4,301,2025-04-11,1,1,1
4901,1819,4,301,2026-01-26,1,1,1
4902,1819,4,201,2025-04-15,1,1,1
4903,1820,6,101,2025-04-18,1,1,1
4904,1820,6,101,2025-10-06,1,1,1
4905,1820,6,301,2025-06-18,1,1,1
4906,1821,1,301,2025-11-02,1,1,1
4907,1821,1,102,2025-06-17,1,1,1
4908,1821,1,201,2026-02-22,1,1,1
4909,1822,6,301,2025-09-06,1,1,1
4910,1822,6,102,2025-12-30,1,1,1
4911,1822,6,102,2025-09-20,1,1,1
4912,1822,6,301,2026-02-28,1,1,1
4913,1824,2,302,2025-11-27,1,1,1
4914,1824,2,301,2025-04-06,1,1,1
4915,1825,1,102,2025-09-18,1,1,1
4916,1825,1,101,2025-04-25,1,1,1
4917,1825,1,201,2026-02-08,1,0,1
4918,1825,1,102,2025-07-23,1,1,1
4919,1827,6,302,2025-09-23,1,1,1
4920,1827,6,101,2025-03-26,1,1,1
4921,1828,6,201,2025-09-04,1,1,1
4922,1828,6,201,2025-12-28,1,1,1
4923,1829,7,402,2025-07-03,1,1,1
4924,1829,7,402,2025-06-16,1,1,1
4925,1829,7,402,2025-05-28,1,1,1
4926,1830,6,302,2026-01-20,1,1,1
4927,1831,6,302,2026-01-20,1,1,1
4928,1832,2,102,2025-12-12,1,1,1
4929,1832,2,201,2025-11-26,1,1,1
4930,1832,2,302,2025-06-23,1,1,1
4931,1833,7,401,2025-02-13,1,1,1
4932,1833,7,402,2025-03-16,1,1,1
4933,1833,7,401,2025-02-25,1,1,1
4934,1833,7,401,2025-06-06,1,1,1
4935,1833,7,401,2025-06-04,1,1,1
4936,1833,7,402,2026-02-24,1,1,1
4937,1834,6,102,2025-11-09,1,1,1
4938,1834,6,302,2025-11-08,1,0,1
4939,1835,1,302,2025-04-01,1,1,1
4940,1835,1,201,2025-05-17,1,1,1
4941,1835,1,301,2025-05-13,1,1,1
4942,1835,1,201,2025-02-11,1,1,1
4943,1836,6,301,2026-02-28,1,1,1
4944,1837,4,201,2026-01-04,1,1,1
4945,1837,4,302,2026-01-23,1,1,1
4946,1837,4,302,2025-07-02,1,1,1
4947,1838,4,302,2025-11-19,1,1,1
4948,1838,4,201,2025-02-14,1,1,1
4949,1839,5,102,2025-08-18,1,1,1
4950,1839,5,102,2025-12-21,1,1,1
4951,1839,5,101,2025-07-04,1,1,1
4952,1839,5,302,2025-06-27,1,1,1
4953,1839,5,101,2025-12-17,1,1,1
4954,1840,5,201,2026-01-06,1,1,1
4955,1840,5,201,2025-03-04,1,1,1
4956,1841,3,301,2025-03-22,1,1,1
4957,1841,3,101,2026-01-30,1,1,1
4958,1841,3,102,2025-08-11,1,1,1
4959,1841,3,301,2025-07-02,1,1,1
4960,1841,3,201,2025-05-16,1,1,1
4961,1843,4,301,2025-06-15,1,1,1
4962,1843,4,301,2025-10-21,1,1,1
4963,1843,4,302,2025-03-02,1,1,1
4964,1843,4,102,2025-08-05,1,1,1
4965,1844,1,101,2026-02-13,1,1,1
4966,1844,1,201,2025-06-27,1,1,1
4967,1844,1,101,2025-04-30,1,1,1
4968,1844,1,302,2026-03-03,1,1,1
4969,1845,5,101,2025-03-19,1,1,1
4970,1845,5,102,2025-03-18,1,1,1
4971,1845,5,302,2025-08-05,1,1,1
4972,1846,4,301,2025-11-26,1,1,1
4973,1846,4,302,2025-02-14,1,0,1
4974,1846,4,201,2025-10-03,1,1,1
4975,1846,4,302,2025-03-18,1,1,1
4976,1847,6,102,2025-08-28,1,1,1
4977,1849,6,101,2025-07-05,1,1,1
4978,1849,6,102,2025-10-16,1,1,1
4979,1849,6,201,2025-05-15,1,1,1
4980,1850,6,102,2025-09-07,1,1,1
4981,1851,1,301,2025-04-07,1,1,1
4982,1851,1,101,2025-04-19,1,1,1
4983,1851,1,101,2025-12-15,1,1,1
4984,1852,5,101,2025-02-21,1,1,1
4985,1853,6,302,2025-12-14,1,0,1
4986,1854,6,302,2025-10-29,1,1,1
4987,1854,6,101,2026-01-13,1,1,1
4988,1854,6,301,2025-08-04,1,1,1
4989,1856,6,302,2025-02-19,1,1,1
4990,1857,1,102,2025-11-15,1,1,1
4991,1857,1,102,2025-04-19,1,1,1
4992,1857,1,102,2025-12-18,1,1,1
4993,1858,2,101,2025-03-16,1,1,1
4994,1858,2,101,2025-05-23,1,1,1
4995,1859,6,302,2025-10-18,1,1,1
4996,1859,6,301,2025-07-15,1,1,1
4997,1859,6,101,2026-02-05,1,1,1
4998,1859,6,102,2025-02-12,1,1,1
4999,1860,4,201,2025-09-09,1,1,1
5000,1860,4,101,2025-03-12,1,1,1
5001,1860,4,201,2025-10-02,1,1,1
5002,1860,4,301,2026-02-02,1,1,1
5003,1861,5,102,2026-01-01,1,1,1
5004,1861,5,301,2025-03-11,1,1,1
5005,1861,5,301,2025-05-18,1,1,1
5006,1862,1,301,2025-10-16,1,1,1
5007,1863,1,201,2026-01-20,1,1,1
5008,1863,1,301,2025-02-16,1,1,1
5009,1863,1,102,2025-11-21,1,1,1
5010,1863,1,302,2026-03-03,1,1,1
5011,1864,4,301,2025-07-27,1,0,1
5012,1865,6,302,2025-08-23,1,1,1
5013,1865,6,301,2025-06-06,1,1,1
5014,1865,6,102,2025-06-07,1,1,1
5015,1866,7,401,2026-02-16,1,1,1
5016,1867,6,101,2025-03-06,1,1,1
5017,1867,6,201,2025-11-14,1,1,1
5018,1867,6,301,2025-05-05,1,1,1
5019,1867,6,102,2025-02-16,1,1,1
5020,1868,7,402,2026-01-23,1,1,1
5021,1868,7,401,2025-12-31,1,1,1
5022,1868,7,401,2025-07-22,1,1,1
5023,1868,7,401,2025-10-11,1,1,1
5024,1869,6,201,2025-07-23,1,1,1
5025,1870,4,101,2026-03-01,1,1,1
5026,1870,4,101,2025-09-04,1,1,1
5027,1870,4,101,2025-07-10,1,1,1
5028,1870,4,302,2026-03-06,1,1,1
5029,1871,4,302,2025-05-17,1,1,1
5030,1871,4,302,2025-05-12,1,1,1
5031,1871,4,301,2025-12-23,1,1,1
5032,1871,4,102,2025-06-04,1,1,1
5033,1872,2,102,2025-09-13,1,1,1
5034,1872,2,201,2025-08-31,1,1,1
5035,1872,2,301,2025-06-21,1,1,1
5036,1873,7,401,2025-10-10,1,1,1
5037,1873,7,401,2025-08-24,1,1,1
5038,1873,7,401,2025-07-21,1,1,1
5039,1874,2,301,2025-04-04,1,1,1
5040,1874,2,201,2025-07-05,1,1,1
5041,1876,6,101,2025-05-03,1,1,1
5042,1877,6,301,2025-03-10,1,1,1
5043,1877,6,301,2025-04-02,1,1,1
5044,1877,6,101,2025-02-16,1,1,1
5045,1878,3,101,2025-04-27,1,1,1
5046,1878,3,301,2025-02-12,1,1,1
5047,1878,3,201,2026-01-30,1,1,1
5048,1878,3,201,2025-07-30,1,1,1
5049,1878,3,201,2025-08-23,1,1,1
5050,1879,4,302,2026-03-06,1,1,1
5051,1879,4,102,2025-03-18,1,1,1
5052,1879,4,201,2025-05-13,1,1,1
5053,1880,6,201,2025-11-18,1,1,1
5054,1880,6,201,2025-09-06,1,1,1
5055,1886,1,301,2025-05-24,1,1,1
5056,1886,1,302,2025-11-28,1,1,1
5057,1887,6,101,2026-02-08,1,1,1
5058,1887,6,301,2025-05-18,1,1,1
5059,1887,6,301,2025-05-30,1,1,1
5060,1888,2,301,2025-11-27,1,0,1
5061,1888,2,102,2026-03-07,1,1,1
5062,1888,2,302,2025-08-28,1,1,1
5063,1889,6,302,2025-05-08,1,1,1
5064,1889,6,301,2025-06-13,1,1,1
5065,1889,6,101,2025-10-29,1,1,1
5066,1889,6,201,2025-05-08,1,1,1
5067,1890,4,101,2025-09-04,1,0,1
5068,1890,4,102,2025-11-20,1,1,1
5069,1890,4,201,2025-11-23,1,1,1
5070,1890,4,201,2025-04-05,1,1,1
5071,1890,4,201,2025-12-02,1,1,1
5072,1891,4,302,2025-09-08,1,1,1
5073,1891,4,302,2025-04-12,1,1,1
5074,1891,4,101,2026-02-20,1,1,1
5075,1891,4,301,2026-01-24,1,1,1
5076,1891,4,201,2025-04-08,1,1,1
5077,1891,4,301,2025-10-15,1,1,1
5078,1894,6,301,2025-07-07,1,1,1
5079,1894,6,301,2026-03-08,1,1,1
5080,1895,5,102,2026-01-12,1,1,1
5081,1895,5,101,2026-01-31,1,1,1
5082,1896,3,301,2026-02-10,1,1,1
5083,1897,5,101,2026-01-16,1,1,1
5084,1897,5,101,2025-09-16,1,0,1
5085,1897,5,101,2025-03-25,1,1,1
5086,1898,6,301,2025-03-11,1,1,1
5087,1900,5,201,2025-03-19,1,1,1
5088,1900,5,201,2026-01-28,1,1,1
5089,1901,4,201,2025-11-05,1,1,1
5090,1901,4,102,2025-10-06,1,1,1
5091,1901,4,102,2025-09-30,1,1,1
5092,1901,4,201,2026-01-04,1,1,1
5093,1901,4,301,2025-11-12,1,1,1
5094,1902,1,102,2025-07-17,1,1,1
5095,1903,7,401,2025-07-25,1,1,1
5096,1903,7,401,2026-02-09,1,1,1
5097,1904,7,402,2026-02-05,1,0,1
5098,1904,7,401,2025-11-23,1,1,1
5099,1904,7,401,2025-09-02,1,1,1
5100,1904,7,401,2025-08-25,1,0,1
5101,1904,7,402,2026-01-31,1,1,1
5102,1904,7,401,2025-11-26,1,1,1
5103,1905,3,302,2025-07-06,1,1,1
5104,1905,3,102,2025-07-05,1,1,1
5105,1905,3,301,2026-02-10,1,1,1
5106,1905,3,302,2025-12-31,1,1,1
5107,1905,3,201,2025-05-06,1,1,1
5108,1906,6,201,2026-02-08,1,1,1
5109,1906,6,301,2025-03-01,1,1,1
5110,1907,1,201,2025-07-22,1,1,1
5111,1907,1,101,2026-02-20,1,1,1
5112,1907,1,302,2025-11-09,1,1,1
5113,1908,4,301,2025-11-27,1,1,1
5114,1908,4,101,2026-01-07,1,1,1
5115,1908,4,301,2025-02-10,1,1,1
5116,1908,4,102,2025-08-04,1,1,1
5117,1908,4,102,2025-05-22,1,1,1
5118,1908,4,302,2025-08-04,1,1,1
5119,1909,4,301,2026-01-09,1,1,1
5120,1909,4,302,2025-03-28,1,1,1
5121,1909,4,101,2025-05-08,1,1,1
5122,1911,1,301,2025-06-06,1,0,1
5123,1911,1,301,2025-03-04,1,1,1
5124,1911,1,302,2026-02-20,1,1,1
5125,1911,1,301,2026-01-27,1,1,1
5126,1912,6,102,2026-02-21,1,0,1
5127,1912,6,101,2025-10-22,1,1,1
5128,1912,6,102,2025-06-19,1,1,1
5129,1912,6,302,2026-01-22,1,1,1
5130,1913,5,201,2025-08-29,1,1,1
5131,1913,5,102,2025-07-28,1,1,1
5132,1913,5,101,2025-06-27,1,1,1
5133,1913,5,201,2025-08-22,1,1,1
5134,1914,4,301,2026-01-13,1,1,1
5135,1914,4,201,2025-12-04,1,1,1
5136,1915,6,301,2025-06-19,1,1,1
5137,1915,6,301,2025-07-30,1,1,1
5138,1915,6,101,2025-02-21,1,1,1
5139,1917,3,101,2025-05-03,1,1,1
5140,1917,3,301,2025-05-27,1,1,1
5141,1919,7,402,2025-08-10,1,1,1
5142,1920,1,101,2026-02-02,1,1,1
5143,1920,1,101,2025-09-25,1,1,1
5144,1920,1,201,2025-02-21,1,1,1
5145,1920,1,301,2025-03-17,1,1,1
5146,1920,1,301,2025-04-17,1,1,1
5147,1920,1,102,2025-08-24,1,1,1
5148,1921,6,102,2025-11-13,1,1,1
5149,1921,6,102,2025-12-22,1,1,1
5150,1921,6,302,2025-02-13,1,1,1
5151,1921,6,101,2025-08-03,1,1,1
5152,1922,2,301,2025-05-18,1,1,1
5153,1922,2,102,2025-09-11,1,1,1
5154,1922,2,102,2025-06-13,1,1,1
5155,1922,2,102,2025-08-01,1,1,1
5156,1922,2,301,2026-03-02,1,1,1
5157,1923,3,102,2025-05-02,1,1,1
5158,1923,3,102,2025-11-24,1,1,1
5159,1923,3,102,2025-05-31,1,1,1
5160,1924,7,401,2025-11-27,1,1,1
5161,1924,7,402,2025-05-18,1,1,1
5162,1924,7,402,2025-02-18,1,1,1
5163,1924,7,401,2025-02-06,1,1,1
5164,1925,3,102,2025-12-21,1,1,1
5165,1925,3,302,2025-10-22,1,1,1
5166,1926,4,301,2025-03-15,1,1,1
5167,1927,7,402,2025-09-14,1,1,1
5168,1928,6,301,2025-11-20,1,1,1
5169,1929,2,201,2026-01-28,1,1,1
5170,1929,2,201,2026-02-08,1,1,1
5171,1929,2,102,2025-10-09,1,1,1
5172,1929,2,302,2025-09-26,1,1,1
5173,1930,4,201,2025-05-17,1,0,1
5174,1930,4,102,2025-09-19,1,1,1
5175,1930,4,102,2025-12-06,1,1,1
5176,1931,6,201,2025-04-09,1,1,1
5177,1931,6,302,2025-05-21,1,1,1
5178,1932,1,302,2025-12-08,1,1,1
5179,1932,1,301,2026-01-13,1,1,1
5180,1932,1,302,2026-01-13,1,1,1
5181,1933,6,102,2025-12-02,1,1,1
5182,1935,6,201,2026-03-07,1,1,1
5183,1935,6,101,2026-02-08,1,1,1
5184,1935,6,101,2025-02-06,1,1,1
5185,1935,6,301,2026-02-13,1,1,1
5186,1936,7,402,2025-05-26,1,1,1
5187,1936,7,402,2025-09-30,1,1,1
5188,1936,7,401,2025-11-18,1,1,1
5189,1937,6,102,2025-11-26,1,1,1
5190,1937,6,201,2025-03-18,1,1,1
5191,1937,6,101,2025-07-22,1,1,1
5192,1938,2,301,2025-03-25,1,1,1
5193,1940,7,402,2025-11-21,1,1,1
5194,1940,7,402,2025-12-07,1,1,1
5195,1940,7,402,2025-12-03,1,1,1
5196,1942,6,201,2025-06-27,1,1,1
5197,1943,7,401,2025-03-02,1,0,1
5198,1943,7,402,2025-02-28,1,1,1
5199,1944,1,102,2025-09-28,1,1,1
5200,1945,5,301,2026-02-16,1,1,1
5201,1945,5,102,2025-08-19,1,1,1
5202,1945,5,301,2026-01-27,1,1,1
5203,1945,5,102,2026-02-09,1,1,1
5204,1945,5,102,2025-10-17,1,1,1
5205,1946,5,101,2025-08-20,1,1,1
5206,1946,5,101,2025-11-25,1,1,1
5207,1946,5,101,2025-02-06,1,0,1
5208,1947,7,401,2025-05-18,1,1,1
5209,1947,7,401,2025-07-06,1,1,1
5210,1948,7,402,2025-12-12,1,1,1
5211,1948,7,402,2025-06-24,1,1,1
5212,1948,7,401,2025-09-09,1,1,1
5213,1948,7,401,2025-12-13,1,1,1
5214,1948,7,401,2025-10-12,1,1,1
5215,1949,4,201,2025-11-14,1,1,1
5216,1950,6,301,2026-02-02,1,1,1
5217,1951,5,201,2025-10-11,1,1,1
5218,1951,5,102,2025-05-31,1,1,1
5219,1952,2,102,2025-11-21,1,1,1
5220,1952,2,101,2025-08-19,1,1,1
5221,1952,2,301,2025-03-17,1,1,1
5222,1953,7,402,2025-12-01,1,1,1
5223,1953,7,401,2025-06-21,1,1,1
5224,1953,7,401,2025-08-01,1,1,1
5225,1955,6,302,2025-04-22,1,0,1
5226,1955,6,201,2025-06-03,1,0,1
5227,1955,6,101,2025-11-20,1,1,1
5228,1955,6,302,2025-08-19,1,1,1
5229,1956,4,102,2025-05-30,1,1,1
5230,1956,4,201,2025-08-27,1,1,1
5231,1957,3,102,2026-01-18,1,1,1
5232,1957,3,201,2025-06-01,1,1,1
5233,1957,3,302,2025-02-03,1,1,1
5234,1958,1,201,2025-09-03,1,1,1
5235,1958,1,302,2025-09-07,1,1,1
5236,1958,1,101,2025-11-28,1,1,1
5237,1959,4,301,2025-06-22,1,1,1
5238,1959,4,301,2025-11-26,1,1,1
5239,1959,4,101,2025-03-14,1,1,1
5240,1959,4,301,2025-05-02,1,1,1
5241,1960,3,102,2026-01-15,1,1,1
5242,1961,4,302,2026-01-30,1,1,1
5243,1961,4,302,2026-01-26,1,1,1
5244,1963,1,201,2025-10-25,1,1,1
5245,1963,1,302,2025-05-22,1,1,1
5246,1963,1,201,2025-11-06,1,1,1
5247,1965,3,101,2025-10-22,1,1,1
5248,1965,3,201,2025-02-01,1,1,1
5249,1965,3,101,2025-07-24,1,1,1
5250,1965,3,301,2025-10-24,1,1,1
5251,1967,1,102,2025-08-01,1,1,1
5252,1967,1,301,2025-11-05,1,1,1
5253,1967,1,101,2025-11-14,1,1,1
5254,1967,1,101,2026-01-01,1,1,1
5255,1967,1,101,2025-12-09,1,1,1
5256,1967,1,302,2025-04-01,1,1,1
5257,1968,7,401,2025-07-23,1,1,1
5258,1969,1,302,2025-09-13,1,1,1
5259,1970,5,301,2025-02-04,1,0,1
5260,1971,6,302,2025-12-03,1,1,1
5261,1971,6,102,2026-02-20,1,1,1
5262,1971,6,302,2026-03-08,1,1,1
5263,1972,3,301,2026-01-26,1,1,1
5264,1972,3,101,2025-03-15,1,1,1
5265,1972,3,102,2025-05-24,1,1,1
5266,1972,3,102,2025-03-11,1,1,1
5267,1972,3,102,2025-07-31,1,1,1
5268,1973,3,302,2026-03-03,1,1,1
5269,1974,1,102,2026-01-13,1,1,1
5270,1974,1,101,2025-09-30,1,1,1
5271,1974,1,301,2025-11-12,1,1,1
5272,1974,1,201,2026-02-02,1,1,1
5273,1975,2,301,2026-01-20,1,1,1
5274,1975,2,102,2026-02-15,1,1,1
5275,1975,2,102,2025-12-30,1,1,1
5276,1976,2,302,2025-08-09,1,1,1
5277,1977,4,301,2025-04-28,1,1,1
5278,1977,4,101,2025-09-09,1,1,1
5279,1977,4,101,2025-03-05,1,1,1
5280,1977,4,302,2025-04-04,1,1,1
5281,1977,4,102,2026-01-30,1,1,1
5282,1978,1,102,2025-07-17,1,0,1
5283,1978,1,201,2026-02-17,1,1,1
5284,1978,1,302,2025-11-25,1,1,1
5285,1979,1,301,2025-05-25,1,1,1
5286,1979,1,101,2026-01-06,1,1,1
5287,1979,1,201,2025-11-12,1,1,1
5288,1979,1,302,2025-03-26,1,1,1
5289,1981,6,101,2025-08-27,1,1,1
5290,1981,6,302,2025-06-28,1,0,1
5291,1981,6,201,2025-04-25,1,0,1
5292,1981,6,101,2026-02-22,1,0,1
5293,1981,6,101,2025-09-05,1,1,1
5294,1983,6,302,2025-06-10,1,1,1
5295,1984,7,401,2025-10-14,1,1,1
5296,1984,7,401,2026-03-04,1,1,1
5297,1985,4,301,2025-06-15,1,1,1
5298,1985,4,201,2025-07-31,1,1,1
5299,1985,4,101,2025-02-06,1,1,1
5300,1986,6,301,2026-01-21,1,1,1
5301,1986,6,301,2025-08-23,1,1,1
5302,1986,6,301,2025-05-24,1,1,1
5303,1987,6,302,2025-10-08,1,1,1
5304,1987,6,201,2025-06-21,1,1,1
5305,1987,6,101,2026-01-07,1,1,1
5306,1987,6,302,2025-06-29,1,1,1
5307,1988,7,402,2025-05-09,1,1,1
5308,1988,7,402,2026-02-21,1,1,1
5309,1988,7,402,2025-12-05,1,1,1
5310,1989,1,101,2025-06-27,1,1,1
5311,1989,1,301,2025-12-20,1,1,1
5312,1989,1,301,2025-07-01,1,1,1
5313,1989,1,301,2025-07-14,1,1,1
5314,1990,1,301,2025-09-17,1,1,1
5315,1990,1,301,2026-02-24,1,1,1
5316,1990,1,301,2026-03-01,1,1,1
5317,1991,7,401,2025-07-08,1,1,1
5318,1991,7,401,2025-08-24,1,1,1
5319,1991,7,402,2025-02-24,1,1,1
5320,1991,7,401,2025-08-13,1,1,1
5321,1992,7,402,2025-03-05,1,0,1
5322,1993,7,401,2025-04-17,1,1,1
5323,1993,7,402,2025-05-03,1,1,1
5324,1993,7,401,2025-07-25,1,1,1
5325,1993,7,402,2025-02-01,1,1,1
5326,1993,7,402,2025-10-26,1,1,1
5327,1994,5,301,2025-09-20,1,1,1
5328,1994,5,102,2025-03-01,1,1,1
5329,1994,5,201,2025-02-05,1,1,1
5330,1994,5,201,2025-05-28,1,1,1
5331,1994,5,201,2025-03-17,1,1,1
5332,1995,2,201,2025-02-09,1,1,1
5333,1996,6,201,2025-06-05,1,1,1
5334,1996,6,102,2026-02-03,1,1,1
5335,1997,1,102,2025-11-24,1,1,1
5336,1997,1,201,2026-02-17,1,1,1
5337,1997,1,102,2025-06-22,1,1,1
5338,1997,1,101,2025-02-16,1,1,1
5339,1998,7,402,2025-05-12,1,1,1
5340,1998,7,402,2025-10-05,1,1,1
5341,1998,7,401,2025-07-06,1,1,1
5342,1998,7,401,2025-03-22,1,1,1
5343,1999,7,401,2025-10-10,1,1,1
5344,1999,7,401,2026-01-01,1,1,1
5345,1999,7,401,2026-01-15,1,1,1
5346,1999,7,402,2025-07-10,1,1,1
5347,1999,7,401,2025-07-27,1,1,1
5348,2001,6,102,2025-08-05,1,1,1
5349,2001,6,302,2025-06-25,1,1,1
5350,2001,6,201,2025-09-02,1,1,1
5351,2002,6,302,2025-10-31,1,1,1
5352,2003,7,402,2026-02-18,1,1,1
5353,2004,6,201,2025-09-27,1,1,1
5354,2005,6,302,2025-02-24,1,0,1
5355,2005,6,102,2025-08-07,1,1,1
5356,2005,6,102,2025-10-28,1,1,1
5357,2005,6,102,2025-09-30,1,1,1
5358,2005,6,102,2025-06-15,1,0,1
5359,2005,6,301,2025-09-11,1,1,1
5360,2006,5,101,2025-11-04,1,1,1
5361,2006,5,302,2025-07-04,1,1,1
5362,2007,7,401,2025-09-30,1,0,1
5363,2007,7,402,2026-01-17,1,1,1
5364,2008,2,302,2025-05-09,1,1,1
5365,2008,2,101,2026-02-20,1,1,1
5366,2008,2,102,2025-03-21,1,1,1
5367,2008,2,101,2025-07-02,1,1,1
5368,2008,2,101,2025-06-15,1,1,1
5369,2009,1,301,2025-06-27,1,1,1
5370,2010,6,201,2025-09-25,1,1,1
5371,2010,6,201,2025-05-16,1,1,1
5372,2011,6,101,2026-01-16,1,1,1
5373,2012,1,102,2025-11-25,1,1,1
5374,2012,1,301,2025-09-10,1,1,1
5375,2012,1,302,2025-03-20,1,1,1
5376,2012,1,101,2026-02-18,1,1,1
5377,2012,1,102,2025-07-05,1,1,1
5378,2013,5,302,2026-02-14,1,1,1
5379,2014,6,302,2025-12-18,1,1,1
5380,2014,6,101,2025-10-27,1,1,1
5381,2014,6,302,2025-10-02,1,1,1
5382,2014,6,302,2026-01-30,1,1,1
5383,2015,3,201,2025-04-20,1,1,1
5384,2015,3,301,2025-05-23,1,1,1
5385,2015,3,301,2025-05-24,1,1,1
5386,2015,3,302,2025-06-28,1,1,1
5387,2015,3,302,2025-05-19,1,1,1
5388,2015,3,102,2025-04-27,1,1,1
5389,2016,6,201,2025-09-13,1,1,1
5390,2018,2,302,2025-08-22,1,1,1
5391,2018,2,302,2025-09-24,1,1,1
5392,2018,2,301,2025-10-13,1,1,1
5393,2019,7,401,2025-08-30,1,1,1
5394,2019,7,402,2025-02-02,1,1,1
5395,2020,7,401,2025-11-09,1,1,1
5396,2020,7,401,2025-05-04,1,1,1
5397,2020,7,401,2025-05-20,1,1,1
5398,2020,7,402,2025-11-03,1,1,1
5399,2021,6,301,2025-06-14,1,1,1
5400,2022,5,102,2025-02-06,1,1,1
5401,2022,5,201,2025-08-04,1,1,1
5402,2022,5,302,2025-09-09,1,1,1
5403,2022,5,302,2026-02-25,1,1,1
5404,2024,7,402,2025-05-30,1,1,1
5405,2024,7,401,2025-06-10,1,1,1
5406,2025,6,201,2026-02-08,1,1,1
5407,2025,6,201,2025-11-15,1,1,1
5408,2025,6,101,2025-10-25,1,1,1
5409,2025,6,201,2025-09-10,1,1,1
5410,2026,2,102,2025-08-19,1,1,1
5411,2026,2,102,2026-01-16,1,1,1
5412,2027,6,201,2026-02-07,1,1,1
5413,2029,6,101,2026-02-08,1,1,1
5414,2029,6,201,2025-08-05,1,1,1
5415,2029,6,302,2026-01-30,1,1,1
5416,2029,6,201,2025-06-13,1,1,1
5417,2030,4,302,2025-03-26,1,1,1
5418,2031,7,402,2025-10-13,1,1,1
5419,2033,7,402,2025-11-18,1,1,1
5420,2033,7,401,2025-11-14,1,1,1
5421,2034,4,101,2025-12-02,1,1,1
5422,2034,4,101,2025-05-24,1,1,1
5423,2035,6,302,2025-07-03,1,1,1
5424,2035,6,102,2025-10-10,1,1,1
5425,2035,6,102,2025-12-09,1,1,1
5426,2035,6,302,2025-10-09,1,0,1
5427,2036,2,101,2025-03-11,1,0,1
5428,2036,2,101,2025-03-27,1,1,1
5429,2036,2,201,2025-02-01,1,1,1
5430,2036,2,201,2026-02-19,1,1,1
5431,2036,2,102,2025-06-09,1,1,1
5432,2037,1,201,2025-12-07,1,1,1
5433,2037,1,101,2026-02-07,1,1,1
5434,2037,1,302,2025-03-22,1,1,1
5435,2038,4,301,2025-02-10,1,1,1
5436,2038,4,201,2026-01-04,1,1,1
5437,2038,4,302,2025-03-18,1,1,1
5438,2038,4,201,2025-10-05,1,1,1
5439,2039,6,301,2025-11-21,1,1,1
5440,2040,6,301,2025-02-19,1,1,1
5441,2040,6,302,2025-04-02,1,1,1
5442,2042,2,102,2025-05-26,1,1,1
5443,2043,2,302,2025-11-18,1,1,1
5444,2043,2,302,2025-04-23,1,1,1
5445,2043,2,201,2025-12-15,1,1,1
5446,2043,2,301,2026-02-21,1,1,1
5447,2044,5,301,2025-04-22,1,1,1
5448,2044,5,301,2025-04-02,1,1,1
5449,2044,5,101,2025-07-08,1,1,1
5450,2045,2,301,2025-05-05,1,1,1
5451,2045,2,301,2025-11-28,1,0,1
5452,2045,2,301,2025-08-28,1,1,1
5453,2045,2,302,2025-11-02,1,1,1
5454,2046,6,101,2026-02-23,1,0,1
5455,2046,6,302,2025-12-07,1,1,1
5456,2046,6,301,2025-07-28,1,1,1
5457,2046,6,302,2025-10-04,1,1,1
5458,2046,6,302,2025-05-20,1,1,1
5459,2047,4,201,2025-10-13,1,1,1
5460,2047,4,101,2025-05-14,1,1,1
5461,2047,4,102,2025-10-11,1,1,1
5462,2047,4,301,2026-02-27,1,1,1
5463,2047,4,201,2025-06-16,1,1,1
5464,2048,6,301,2025-06-13,1,1,1
5465,2048,6,302,2025-09-15,1,1,1
5466,2048,6,101,2025-12-19,1,1,1
5467,2048,6,102,2025-09-15,1,1,1
5468,2049,6,102,2026-03-04,1,1,1
5469,2049,6,201,2025-10-12,1,1,1
5470,2049,6,102,2025-02-03,1,1,1
5471,2049,6,302,2026-01-14,1,1,1
5472,2049,6,302,2025-07-12,1,1,1
5473,2050,6,201,2025-06-02,1,1,1
5474,2050,6,301,2025-07-29,1,1,1
5475,2050,6,201,2025-02-17,1,1,1
5476,2050,6,301,2025-08-11,1,1,1
5477,2050,6,102,2025-05-13,1,1,1
5478,2051,4,302,2026-02-05,1,1,1
5479,2051,4,302,2025-08-28,1,1,1
5480,2051,4,302,2026-02-15,1,1,1
5481,2051,4,302,2025-06-22,1,0,1
5482,2052,2,102,2025-03-01,1,1,1
5483,2052,2,201,2025-02-01,1,1,1
5484,2052,2,301,2026-01-28,1,1,1
5485,2052,2,201,2025-07-11,1,1,1
5486,2053,4,201,2025-10-31,1,1,1
5487,2054,7,401,2025-08-22,1,1,1
5488,2054,7,402,2025-09-07,1,1,1
5489,2054,7,402,2025-08-21,1,1,1
5490,2055,1,102,2025-04-11,1,1,1
5491,2055,1,301,2025-11-20,1,1,1
5492,2055,1,302,2025-03-30,1,1,1
5493,2055,1,201,2026-03-08,1,1,1
5494,2055,1,101,2026-02-24,1,1,1
5495,2056,1,101,2025-12-19,1,0,1
5496,2056,1,301,2025-10-06,1,1,1
5497,2056,1,302,2025-12-03,1,1,1
5498,2057,4,302,2025-09-25,1,1,1
5499,2057,4,301,2025-09-29,1,1,1
5500,2058,1,101,2025-06-15,1,1,1
5501,2059,4,201,2025-10-01,1,1,1
5502,2059,4,302,2025-07-25,1,1,1
5503,2061,6,301,2026-02-25,1,0,1
5504,2061,6,301,2025-08-26,1,0,1
5505,2061,6,302,2025-09-10,1,1,1
5506,2061,6,301,2025-03-16,1,0,1
5507,2062,6,102,2025-06-03,1,1,1
5508,2062,6,301,2025-05-23,1,1,1
5509,2062,6,302,2025-05-08,1,1,1
5510,2063,4,302,2025-10-25,1,1,1
5511,2063,4,201,2025-03-25,1,1,1
5512,2063,4,102,2025-06-08,1,1,1
5513,2065,7,402,2025-10-17,1,1,1
5514,2065,7,401,2025-03-06,1,1,1
5515,2065,7,401,2026-02-21,1,1,1
5516,2065,7,402,2025-08-06,1,1,1
5517,2065,7,401,2025-09-07,1,1,1
5518,2066,3,301,2026-02-25,1,1,1
5519,2066,3,302,2025-07-05,1,1,1
5520,2067,6,101,2025-10-23,1,1,1
5521,2067,6,201,2025-09-10,1,1,1
5522,2067,6,201,2026-01-20,1,1,1
5523,2068,6,302,2025-05-06,1,1,1
5524,2068,6,302,2025-02-06,1,0,1
5525,2068,6,102,2025-09-20,1,1,1
5526,2068,6,302,2025-10-18,1,1,1
5527,2069,6,201,2025-03-15,1,1,1
5528,2069,6,301,2025-10-24,1,1,1
5529,2070,6,201,2025-02-22,1,1,1
5530,2070,6,302,2025-11-21,1,1,1
5531,2071,6,101,2025-05-07,1,1,1
5532,2071,6,101,2025-08-10,1,1,1
5533,2071,6,301,2026-02-01,1,0,1
5534,2071,6,201,2025-12-15,1,1,1
5535,2071,6,302,2025-04-05,1,1,1
5536,2072,3,101,2025-12-08,1,1,1
5537,2072,3,302,2025-08-25,1,1,1
5538,2072,3,301,2025-02-11,1,1,1
5539,2072,3,302,2025-04-26,1,1,1
5540,2073,6,201,2025-02-02,1,1,1
5541,2073,6,102,2025-12-03,1,0,1
5542,2073,6,302,2025-07-31,1,1,1
5543,2073,6,201,2025-03-03,1,1,1
5544,2073,6,102,2025-05-18,1,1,1
5545,2074,1,102,2025-12-19,1,1,1
5546,2074,1,302,2025-03-20,1,1,1
5547,2074,1,302,2025-07-18,1,1,1
5548,2074,1,101,2025-04-07,1,0,1
5549,2074,1,102,2025-10-31,1,0,1
5550,2075,2,302,2025-03-01,1,1,1
5551,2076,1,302,2025-03-01,1,1,1
5552,2076,1,201,2025-06-28,1,1,1
5553,2077,2,301,2025-10-07,1,1,1
5554,2077,2,302,2025-05-16,1,1,1
5555,2077,2,302,2026-02-19,1,1,1
5556,2077,2,102,2026-02-02,1,1,1
5557,2078,6,102,2025-03-26,1,1,1
5558,2078,6,201,2025-11-02,1,1,1
5559,2079,1,302,2025-09-12,1,1,1
5560,2080,5,201,2025-03-23,1,1,1
5561,2080,5,302,2025-08-05,1,1,1
5562,2080,5,201,2026-01-18,1,1,1
5563,2080,5,301,2025-10-28,1,1,1
5564,2080,5,101,2025-07-24,1,1,1
5565,2081,1,302,2025-09-05,1,1,1
5566,2081,1,302,2025-07-06,1,1,1
5567,2081,1,201,2025-09-21,1,1,1
5568,2082,6,201,2025-06-25,1,1,1
5569,2082,6,302,2026-02-01,1,1,1
5570,2083,1,201,2026-01-31,1,1,1
5571,2083,1,201,2025-07-21,1,0,1
5572,2083,1,101,2025-08-31,1,1,1
5573,2083,1,302,2025-07-28,1,1,1
5574,2083,1,201,2026-03-04,1,1,1
5575,2084,6,302,2025-03-04,1,1,1
5576,2084,6,302,2025-04-10,1,1,1
5577,2084,6,102,2026-03-05,1,1,1
5578,2084,6,201,2026-03-01,1,1,1
5579,2084,6,301,2025-10-11,1,1,1
5580,2085,6,201,2026-01-29,1,1,1
5581,2085,6,101,2025-10-22,1,1,1
5582,2086,6,301,2025-12-13,1,1,1
5583,2086,6,101,2025-03-04,1,0,1
5584,2086,6,201,2025-08-06,1,1,1
5585,2087,6,302,2025-09-02,1,1,1
5586,2087,6,301,2026-02-04,1,1,1
5587,2087,6,101,2025-04-09,1,1,1
5588,2088,6,301,2025-07-19,1,1,1
5589,2089,2,101,2026-03-05,1,1,1
5590,2089,2,301,2025-06-15,1,1,1
5591,2090,2,201,2025-04-21,1,1,1
5592,2090,2,102,2026-01-14,1,1,1
5593,2090,2,301,2025-05-13,1,1,1
5594,2091,4,101,2025-05-15,1,1,1
5595,2091,4,201,2025-12-24,1,1,1
5596,2091,4,101,2025-06-25,1,0,1
5597,2091,4,201,2025-06-04,1,1,1
5598,2092,6,302,2025-08-06,1,1,1
5599,2092,6,301,2025-04-04,1,1,1
5600,2092,6,301,2026-01-06,1,1,1
5601,2092,6,102,2026-01-03,1,1,1
5602,2093,7,401,2026-03-08,1,1,1
5603,2093,7,402,2025-07-05,1,1,1
5604,2093,7,401,2025-09-02,1,0,1
5605,2094,2,102,2025-03-18,1,0,1
5606,2094,2,201,2026-01-15,1,1,1
5607,2094,2,301,2026-02-28,1,1,1
5608,2094,2,102,2026-02-03,1,1,1
5609,2095,6,102,2025-08-16,1,1,1
5610,2095,6,101,2025-12-13,1,1,1
5611,2095,6,102,2026-01-09,1,1,1
5612,2096,2,101,2025-02-18,1,1,1
5613,2096,2,201,2026-02-26,1,1,1
5614,2096,2,302,2025-03-13,1,1,1
5615,2096,2,101,2025-05-16,1,1,1
5616,2097,4,201,2025-12-10,1,0,1
5617,2098,5,102,2025-09-10,1,1,1
5618,2098,5,102,2025-02-22,1,1,1
5619,2098,5,102,2026-01-07,1,1,1
5620,2098,5,102,2025-12-23,1,1,1
5621,2099,1,302,2025-05-20,1,1,1
5622,2099,1,302,2025-09-19,1,1,1
5623,2099,1,302,2026-02-23,1,1,1
5624,2100,4,301,2025-06-20,1,1,1
5625,2100,4,102,2025-11-06,1,1,1
5626,2101,6,102,2026-02-16,1,1,1
5627,2101,6,301,2025-10-05,1,1,1
5628,2102,7,402,2025-06-12,1,1,1
5629,2102,7,402,2025-05-11,1,1,1
5630,2103,2,302,2025-08-28,1,1,1
5631,2103,2,102,2025-12-31,1,1,1
5632,2103,2,201,2026-01-16,1,1,1
5633,2103,2,302,2025-07-05,1,1,1
5634,2104,4,301,2026-01-06,1,1,1
5635,2104,4,101,2025-06-12,1,1,1
5636,2105,6,302,2025-07-22,1,1,1
5637,2105,6,102,2025-07-18,1,1,1
5638,2106,4,201,2025-05-12,1,1,1
5639,2106,4,302,2025-04-20,1,1,1
5640,2107,2,201,2025-11-29,1,1,1
5641,2107,2,301,2026-01-08,1,1,1
5642,2107,2,302,2025-04-04,1,0,1
5643,2108,6,102,2025-04-16,1,1,1
5644,2108,6,102,2025-12-30,1,1,1
5645,2108,6,102,2025-11-14,1,1,1
5646,2108,6,301,2025-02-27,1,1,1
5647,2109,1,301,2026-03-04,1,1,1
5648,2110,5,101,2025-08-31,1,1,1
5649,2110,5,301,2026-01-28,1,1,1
5650,2111,6,302,2025-06-16,1,1,1
5651,2111,6,201,2025-08-17,1,1,1
5652,2111,6,201,2025-09-19,1,1,1
5653,2111,6,301,2026-01-08,1,1,1
5654,2111,6,201,2025-09-24,1,1,1
5655,2112,1,201,2026-02-12,1,1,1
5656,2112,1,102,2025-12-24,1,1,1
5657,2112,1,301,2025-06-14,1,1,1
5658,2113,6,301,2025-04-26,1,1,1
5659,2113,6,301,2025-08-30,1,0,1
5660,2113,6,101,2025-09-11,1,1,1
5661,2114,4,102,2025-06-30,1,0,1
5662,2114,4,102,2026-01-17,1,1,1
5663,2115,4,301,2025-08-08,1,1,1
5664,2115,4,102,2025-07-17,1,0,1
5665,2115,4,101,2025-03-20,1,1,1
5666,2116,6,201,2025-12-19,1,1,1
5667,2116,6,101,2025-07-13,1,1,1
5668,2116,6,302,2025-11-06,1,1,1
5669,2117,3,102,2026-01-30,1,1,1
5670,2118,7,402,2025-05-16,1,1,1
5671,2118,7,401,2026-01-10,1,1,1
5672,2118,7,401,2025-04-07,1,1,1
5673,2119,6,101,2026-02-16,1,1,1
5674,2120,6,301,2025-08-06,1,0,1
5675,2120,6,102,2025-03-14,1,1,1
5676,2120,6,302,2025-09-24,1,1,1
5677,2120,6,201,2026-02-28,1,1,1
5678,2121,6,201,2025-10-01,1,1,1
5679,2121,6,101,2025-07-30,1,1,1
5680,2122,7,401,2025-05-22,1,1,1
5681,2122,7,402,2025-10-16,1,1,1
5682,2122,7,401,2025-02-04,1,0,1
5683,2123,7,401,2025-09-08,1,1,1
5684,2123,7,401,2026-02-20,1,0,1
5685,2123,7,401,2025-04-13,1,1,1
5686,2124,6,201,2025-05-14,1,1,1
5687,2125,2,301,2025-04-21,1,1,1
5688,2125,2,101,2025-03-15,1,1,1
5689,2125,2,302,2025-06-25,1,1,1
5690,2125,2,102,2025-05-03,1,1,1
5691,2126,4,301,2025-05-01,1,1,1
5692,2126,4,102,2025-03-17,1,1,1
5693,2127,6,302,2026-02-26,1,0,1
5694,2127,6,102,2025-07-17,1,1,1
5695,2127,6,201,2025-09-04,1,1,1
5696,2127,6,301,2025-02-28,1,1,1
5697,2127,6,102,2025-10-01,1,1,1
5698,2128,4,201,2025-02-04,1,1,1
5699,2128,4,201,2026-01-17,1,1,1
5700,2128,4,301,2025-02-22,1,1,1
5701,2128,4,301,2025-07-14,1,1,1
5702,2129,1,102,2025-10-26,1,1,1
5703,2129,1,101,2025-09-21,1,1,1
5704,2129,1,302,2025-05-04,1,1,1
5705,2130,3,302,2026-02-25,1,1,1
5706,2130,3,102,2025-08-09,1,0,1
5707,2130,3,201,2026-02-11,1,1,1
5708,2130,3,302,2025-03-14,1,1,1
5709,2130,3,301,2025-03-01,1,1,1
5710,2130,3,301,2025-05-08,1,1,1
5711,2131,1,101,2025-05-02,1,1,1
5712,2132,6,302,2025-12-19,1,1,1
5713,2132,6,201,2025-11-21,1,1,1
5714,2134,6,101,2025-07-07,1,1,1
5715,2134,6,302,2026-03-06,1,1,1
5716,2134,6,201,2025-12-08,1,1,1
5717,2134,6,102,2025-08-20,1,1,1
5718,2135,6,102,2025-05-15,1,1,1
5719,2135,6,102,2025-10-05,1,0,1
5720,2135,6,201,2025-05-11,1,1,1
5721,2135,6,301,2025-02-28,1,1,1
5722,2137,3,301,2025-06-15,1,1,1
5723,2137,3,102,2025-09-18,1,1,1
5724,2137,3,101,2025-04-17,1,1,1
5725,2137,3,101,2025-02-06,1,1,1
5726,2138,6,101,2025-05-06,1,1,1
5727,2138,6,201,2025-12-16,1,1,1
5728,2138,6,102,2026-01-15,1,1,1
5729,2138,6,102,2025-12-19,1,1,1
5730,2139,6,101,2025-11-04,1,1,1
5731,2139,6,201,2025-03-28,1,1,1
5732,2139,6,301,2025-09-16,1,1,1
5733,2139,6,201,2025-12-07,1,0,1
5734,2140,5,302,2026-02-26,1,1,1
5735,2141,2,201,2025-11-29,1,1,1
5736,2141,2,101,2025-12-08,1,1,1
5737,2141,2,302,2026-02-03,1,1,1
5738,2141,2,101,2025-05-20,1,1,1
5739,2142,7,402,2025-12-06,1,0,1
5740,2142,7,402,2025-02-23,1,1,1
5741,2142,7,402,2026-02-03,1,1,1
5742,2142,7,402,2025-08-01,1,1,1
5743,2142,7,401,2025-07-22,1,1,1
5744,2142,7,401,2025-08-08,1,1,1
5745,2143,7,402,2025-06-14,1,0,1
5746,2143,7,402,2025-02-07,1,1,1
5747,2143,7,402,2025-12-29,1,1,1
5748,2144,1,301,2026-01-05,1,1,1
5749,2144,1,102,2026-02-25,1,1,1
5750,2145,6,101,2025-09-12,1,1,1
5751,2146,1,101,2025-05-24,1,1,1
5752,2146,1,301,2025-11-28,1,1,1
5753,2146,1,101,2025-11-20,1,1,1
5754,2148,6,101,2025-05-12,1,0,1
5755,2148,6,102,2025-08-27,1,1,1
5756,2148,6,102,2025-07-27,1,1,1
5757,2150,7,402,2025-02-26,1,1,1
5758,2150,7,401,2025-11-29,1,1,1
5759,2150,7,402,2025-08-17,1,1,1
5760,2150,7,401,2025-03-24,1,1,1
5761,2151,6,302,2025-07-07,1,1,1
5762,2152,7,401,2025-12-02,1,1,1
5763,2152,7,402,2025-11-16,1,1,1
5764,2152,7,401,2025-04-27,1,1,1
5765,2153,6,102,2025-06-03,1,1,1
5766,2154,6,201,2026-03-08,1,1,1
5767,2154,6,302,2025-02-23,1,1,1
5768,2154,6,101,2025-03-27,1,1,1
5769,2154,6,301,2025-06-17,1,1,1
5770,2154,6,302,2025-10-01,1,1,1
5771,2155,6,302,2025-03-30,1,1,1
5772,2156,7,402,2025-06-25,1,1,1
5773,2156,7,402,2025-06-03,1,1,1
5774,2156,7,402,2025-12-12,1,1,1
5775,2157,6,102,2025-08-10,1,1,1
5776,2157,6,301,2025-11-30,1,1,1
5777,2157,6,301,2025-05-02,1,1,1
5778,2157,6,201,2025-02-19,1,1,1
5779,2157,6,101,2025-03-04,1,1,1
5780,2158,6,302,2025-08-15,1,1,1
5781,2158,6,301,2025-03-18,1,1,1
5782,2158,6,302,2025-11-27,1,1,1
5783,2158,6,302,2025-08-09,1,1,1
5784,2159,1,101,2025-11-12,1,1,1
5785,2159,1,301,2025-02-21,1,1,1
5786,2160,7,402,2025-06-01,1,1,1
5787,2160,7,402,2025-05-03,1,1,1
5788,2161,1,102,2025-06-22,1,1,1
5789,2161,1,302,2025-06-10,1,1,1
5790,2162,1,102,2025-08-26,1,1,1
5791,2162,1,302,2025-11-29,1,1,1
5792,2162,1,102,2025-08-08,1,1,1
5793,2163,5,102,2025-04-12,1,1,1
5794,2164,2,301,2025-07-22,1,1,1
5795,2164,2,101,2025-11-18,1,1,1
5796,2164,2,201,2025-09-13,1,1,1
5797,2165,2,201,2026-01-21,1,1,1
5798,2165,2,301,2026-03-07,1,1,1
5799,2166,2,201,2025-04-06,1,1,1
5800,2166,2,201,2025-12-26,1,1,1
5801,2166,2,201,2025-06-07,1,1,1
5802,2166,2,302,2025-03-12,1,1,1
5803,2166,2,101,2025-10-12,1,1,1
5804,2167,4,102,2025-06-20,1,0,1
5805,2167,4,302,2025-05-08,1,0,1
5806,2168,6,301,2025-09-02,1,1,1
5807,2168,6,102,2025-06-12,1,1,1
5808,2169,2,302,2025-09-24,1,1,1
5809,2170,6,101,2026-02-24,1,1,1
5810,2170,6,201,2025-11-24,1,1,1
5811,2170,6,201,2025-03-27,1,1,1
5812,2170,6,101,2025-03-07,1,1,1
5813,2170,6,101,2025-10-08,1,1,1
5814,2170,6,302,2025-12-16,1,1,1
5815,2171,5,102,2025-02-01,1,1,1
5816,2172,2,302,2025-12-16,1,1,1
5817,2173,1,302,2025-09-18,1,1,1
5818,2173,1,201,2025-07-08,1,1,1
5819,2173,1,302,2025-03-12,1,1,1
5820,2174,5,301,2025-05-08,1,0,1
5821,2175,4,101,2025-08-30,1,1,1
5822,2175,4,201,2026-01-18,1,1,1
5823,2176,4,201,2025-06-26,1,1,1
5824,2177,3,102,2025-05-30,1,1,1
5825,2177,3,201,2025-08-19,1,1,1
5826,2178,3,102,2025-02-03,1,1,1
5827,2178,3,301,2025-03-15,1,1,1
5828,2178,3,301,2025-07-02,1,1,1
5829,2179,4,101,2025-12-17,1,1,1
5830,2180,6,101,2025-02-26,1,1,1
5831,2180,6,301,2025-06-08,1,0,1
5832,2180,6,302,2025-03-12,1,1,1
5833,2180,6,101,2026-03-04,1,1,1
5834,2180,6,201,2025-05-09,1,1,1
5835,2181,2,101,2025-02-01,1,1,1
5836,2181,2,102,2025-12-22,1,1,1
5837,2182,6,101,2025-02-22,1,1,1
5838,2184,5,101,2025-07-22,1,1,1
5839,2184,5,201,2025-05-23,1,1,1
5840,2185,7,402,2025-02-07,1,1,1
5841,2185,7,401,2025-12-03,1,1,1
5842,2185,7,401,2025-09-09,1,1,1
5843,2185,7,402,2025-09-13,1,1,1
5844,2186,2,301,2025-11-17,1,1,1
5845,2186,2,101,2025-05-02,1,1,1
5846,2186,2,201,2025-04-29,1,1,1
5847,2187,1,201,2025-11-26,1,1,1
5848,2188,5,101,2025-06-26,1,1,1
5849,2188,5,101,2025-05-22,1,1,1
5850,2188,5,302,2026-01-22,1,1,1
5851,2188,5,301,2025-11-25,1,1,1
5852,2188,5,102,2025-06-26,1,1,1
5853,2189,4,102,2025-04-03,1,0,1
5854,2189,4,102,2025-02-16,1,1,1
5855,2189,4,101,2025-02-22,1,1,1
5856,2189,4,102,2025-10-18,1,0,1
5857,2189,4,201,2025-09-12,1,1,1
5858,2190,6,301,2025-07-03,1,1,1
5859,2190,6,302,2025-11-05,1,0,1
5860,2190,6,102,2025-12-05,1,1,1
5861,2191,6,301,2025-07-18,1,1,1
5862,2192,2,201,2026-01-22,1,1,1
5863,2192,2,302,2025-07-11,1,1,1
5864,2192,2,102,2026-02-04,1,1,1
5865,2192,2,101,2025-02-14,1,1,1
5866,2192,2,101,2025-03-04,1,1,1
5867,2193,3,101,2025-11-01,1,1,1
5868,2193,3,102,2025-06-01,1,1,1
5869,2193,3,201,2025-06-09,1,1,1
5870,2194,1,102,2026-02-12,1,1,1
5871,2194,1,201,2025-08-21,1,1,1
5872,2194,1,301,2025-12-20,1,1,1
5873,2194,1,102,2025-04-22,1,1,1
5874,2194,1,101,2025-07-11,1,1,1
5875,2195,6,102,2025-09-14,1,1,1
5876,2195,6,101,2025-10-01,1,1,1
5877,2196,6,302,2025-05-13,1,1,1
5878,2196,6,302,2025-10-11,1,1,1
5879,2198,7,402,2025-11-04,1,1,1
5880,2198,7,402,2025-04-10,1,1,1
5881,2198,7,401,2025-12-30,1,0,1
5882,2198,7,402,2025-06-30,1,1,1
5883,2198,7,401,2025-05-23,1,0,1
5884,2199,6,101,2026-02-22,1,1,1
5885,2199,6,302,2025-10-11,1,1,1
5886,2199,6,102,2025-09-25,1,1,1
5887,2199,6,102,2025-05-05,1,1,1
5888,2200,6,301,2026-01-08,1,1,1
5889,2200,6,302,2025-05-18,1,1,1
5890,2200,6,302,2025-09-11,1,1,1
5891,2201,5,302,2025-05-06,1,1,1
5892,2201,5,102,2025-03-25,1,1,1
5893,2201,5,302,2025-10-20,1,1,1
5894,2201,5,302,2025-08-15,1,1,1
5895,2202,6,301,2025-09-07,1,1,1
5896,2202,6,302,2026-02-13,1,0,1
5897,2202,6,101,2025-12-31,1,1,1
5898,2203,4,102,2025-12-12,1,0,1
5899,2203,4,302,2025-06-01,1,1,1
5900,2203,4,101,2026-02-07,1,1,1
5901,2203,4,301,2025-12-01,1,1,1
5902,2203,4,102,2025-12-31,1,1,1
5903,2204,2,301,2025-07-28,1,1,1
5904,2206,2,301,2026-02-06,1,1,1
5905,2206,2,302,2026-03-04,1,1,1
5906,2206,2,201,2026-01-04,1,1,1
5907,2207,6,102,2025-09-22,1,1,1
5908,2207,6,301,2026-01-27,1,1,1
5909,2207,6,301,2025-03-09,1,1,1
5910,2208,2,302,2025-12-10,1,1,1
5911,2208,2,201,2026-02-14,1,1,1
5912,2209,6,102,2025-11-26,1,1,1
5913,2209,6,201,2025-05-12,1,1,1
5914,2210,1,201,2025-07-30,1,1,1
5915,2210,1,201,2025-08-31,1,1,1
5916,2210,1,102,2025-08-01,1,1,1
5917,2210,1,101,2026-01-27,1,1,1
5918,2211,1,302,2025-07-09,1,1,1
5919,2211,1,201,2025-05-29,1,1,1
5920,2211,1,301,2026-02-23,1,1,1
5921,2211,1,201,2025-02-06,1,1,1
5922,2211,1,201,2025-06-09,1,1,1
5923,2213,1,102,2025-09-03,1,1,1
5924,2213,1,301,2025-09-27,1,1,1
5925,2214,1,102,2025-11-07,1,1,1
5926,2214,1,101,2025-03-14,1,1,1
5927,2214,1,301,2025-10-28,1,0,1
5928,2214,1,302,2025-11-19,1,1,1
5929,2214,1,102,2025-07-08,1,1,1
5930,2215,6,101,2025-04-24,1,0,1
5931,2215,6,301,2025-11-25,1,1,1
5932,2215,6,301,2025-10-13,1,1,1
5933,2215,6,102,2025-07-07,1,0,1
5934,2216,1,101,2025-11-01,1,1,1
5935,2216,1,302,2025-06-04,1,1,1
5936,2216,1,101,2026-02-10,1,1,1
5937,2217,6,101,2025-10-31,1,1,1
5938,2217,6,101,2025-02-10,1,1,1
5939,2217,6,102,2025-07-03,1,1,1
5940,2217,6,302,2026-02-02,1,1,1
5941,2218,1,102,2025-04-20,1,0,1
5942,2219,6,101,2025-09-18,1,1,1
5943,2219,6,101,2025-06-15,1,1,1
5944,2220,2,302,2025-09-17,1,1,1
5945,2220,2,102,2025-03-05,1,1,1
5946,2220,2,201,2025-11-21,1,1,1
5947,2220,2,301,2025-02-06,1,1,1
5948,2220,2,102,2025-02-11,1,1,1
5949,2220,2,201,2025-07-10,1,1,1
5950,2221,3,102,2025-04-08,1,1,1
5951,2221,3,101,2025-08-04,1,0,1
5952,2221,3,101,2025-02-11,1,1,1
5953,2221,3,201,2025-02-01,1,1,1
5954,2223,1,101,2025-08-07,1,1,1
5955,2223,1,201,2025-09-22,1,1,1
5956,2223,1,302,2025-02-25,1,1,1
5957,2224,1,102,2025-08-02,1,1,1
5958,2224,1,301,2026-01-21,1,1,1
5959,2224,1,301,2025-03-16,1,1,1
5960,2224,1,301,2026-03-07,1,1,1
5961,2226,6,302,2025-09-21,1,1,1
5962,2226,6,301,2026-02-12,1,1,1
5963,2226,6,301,2025-03-05,1,1,1
5964,2227,4,101,2025-05-21,1,1,1
5965,2228,1,302,2025-12-23,1,1,1
5966,2228,1,102,2025-10-18,1,0,1
5967,2228,1,301,2025-06-21,1,1,1
5968,2229,6,201,2025-08-29,1,1,1
5969,2229,6,302,2025-03-16,1,1,1
5970,2230,7,402,2025-11-12,1,1,1
5971,2230,7,401,2025-11-24,1,1,1
5972,2230,7,402,2026-02-08,1,1,1
5973,2231,5,101,2025-10-07,1,1,1
5974,2231,5,201,2025-12-15,1,1,1
5975,2231,5,102,2025-03-27,1,1,1
5976,2231,5,302,2025-06-03,1,1,1
5977,2233,2,201,2025-12-05,1,1,1
5978,2233,2,102,2025-11-26,1,1,1
5979,2233,2,102,2026-01-12,1,1,1
5980,2233,2,302,2025-02-16,1,1,1
5981,2234,2,301,2025-02-05,1,1,1
5982,2234,2,102,2026-02-14,1,1,1
5983,2234,2,301,2025-03-11,1,1,1
5984,2234,2,201,2025-11-14,1,1,1
5985,2234,2,201,2026-01-18,1,1,1
5986,2235,5,201,2026-02-22,1,1,1
5987,2235,5,102,2025-06-17,1,1,1
5988,2235,5,201,2025-02-19,1,1,1
5989,2235,5,301,2025-10-23,1,1,1
5990,2235,5,302,2025-09-22,1,1,1
5991,2236,6,102,2025-03-27,1,1,1
5992,2236,6,101,2025-09-22,1,1,1
5993,2236,6,102,2025-02-05,1,1,1
5994,2237,2,301,2025-03-07,1,1,1
5995,2237,2,101,2025-07-02,1,1,1
5996,2237,2,301,2025-09-16,1,1,1
5997,2237,2,201,2025-11-03,1,1,1
5998,2237,2,101,2025-06-24,1,1,1
5999,2238,2,302,2025-10-06,1,1,1
6000,2239,7,402,2025-09-10,1,1,1
6001,2240,6,301,2025-06-13,1,0,1
6002,2241,7,401,2025-02-09,1,1,1
6003,2241,7,401,2025-09-27,1,1,1
6004,2241,7,401,2025-04-22,1,1,1
6005,2242,2,201,2026-02-22,1,1,1
6006,2242,2,101,2025-04-10,1,1,1
6007,2243,5,301,2025-11-17,1,1,1
6008,2243,5,302,2026-01-03,1,1,1
6009,2244,6,102,2025-03-02,1,1,1
6010,2244,6,201,2025-05-28,1,1,1
6011,2244,6,302,2025-09-26,1,1,1
6012,2244,6,301,2026-02-15,1,1,1
6013,2244,6,302,2025-11-21,1,1,1
6014,2245,7,402,2025-06-25,1,1,1
6015,2246,1,102,2025-10-20,1,0,1
6016,2246,1,301,2025-06-28,1,1,1
6017,2246,1,102,2025-03-15,1,1,1
6018,2246,1,201,2026-01-19,1,1,1
6019,2246,1,301,2025-03-22,1,1,1
6020,2247,1,301,2025-03-14,1,1,1
6021,2247,1,301,2025-06-06,1,0,1
6022,2247,1,201,2026-02-24,1,1,1
6023,2248,1,201,2026-01-16,1,1,1
6024,2248,1,301,2026-03-08,1,1,1
6025,2248,1,201,2025-04-12,1,1,1
6026,2249,3,101,2025-07-23,1,0,1
6027,2249,3,201,2025-03-07,1,1,1
6028,2250,1,101,2025-10-09,1,1,1
6029,2251,6,302,2025-02-17,1,1,1
6030,2252,3,101,2025-07-09,1,1,1
6031,2252,3,201,2025-09-06,1,1,1
6032,2253,7,402,2025-11-14,1,1,1
6033,2253,7,402,2025-07-12,1,1,1
6034,2253,7,402,2025-08-29,1,1,1
6035,2253,7,401,2025-07-11,1,1,1
6036,2254,6,201,2025-08-31,1,1,1
6037,2254,6,101,2025-07-19,1,1,1
6038,2254,6,201,2026-02-26,1,1,1
6039,2254,6,201,2025-04-20,1,1,1
6040,2255,2,101,2025-06-19,1,1,1
6041,2255,2,302,2026-01-03,1,1,1
6042,2256,1,102,2025-07-28,1,1,1
6043,2256,1,302,2025-05-29,1,1,1
6044,2257,6,102,2026-02-13,1,1,1
6045,2257,6,201,2025-04-29,1,1,1
6046,2257,6,302,2025-07-23,1,1,1
6047,2257,6,101,2025-10-12,1,1,1
6048,2258,5,302,2026-01-18,1,1,1
6049,2258,5,301,2025-08-04,1,1,1
6050,2259,6,201,2026-01-27,1,1,1
6051,2259,6,301,2025-10-06,1,1,1
6052,2260,6,201,2025-06-06,1,1,1
6053,2260,6,101,2025-06-25,1,1,1
6054,2261,2,101,2025-10-31,1,1,1
6055,2261,2,302,2025-08-19,1,1,1
6056,2261,2,201,2025-04-06,1,1,1
6057,2261,2,301,2025-08-06,1,1,1
6058,2262,7,401,2025-11-15,1,1,1
6059,2262,7,402,2025-06-29,1,1,1
6060,2262,7,402,2025-03-24,1,0,1
6061,2262,7,401,2025-06-11,1,1,1
6062,2264,4,201,2025-12-06,1,1,1
6063,2265,2,101,2025-12-12,1,1,1
6064,2265,2,102,2025-12-21,1,1,1
6065,2265,2,201,2025-09-14,1,1,1
6066,2266,7,402,2025-03-26,1,1,1
6067,2266,7,402,2025-04-05,1,1,1
6068,2266,7,402,2025-05-23,1,1,1
6069,2267,1,302,2026-01-12,1,1,1
6070,2268,6,102,2025-11-21,1,1,1
6071,2268,6,201,2025-06-05,1,1,1
6072,2268,6,301,2025-10-14,1,1,1
6073,2269,6,201,2025-07-07,1,1,1
6074,2269,6,302,2025-08-01,1,1,1
6075,2269,6,302,2025-09-22,1,1,1
6076,2270,1,301,2026-02-07,1,1,1
6077,2270,1,101,2025-06-28,1,1,1
6078,2270,1,102,2025-03-27,1,1,1
6079,2270,1,302,2025-04-16,1,1,1
6080,2271,3,102,2025-05-18,1,1,1
6081,2271,3,301,2025-04-08,1,1,1
6082,2271,3,301,2025-09-25,1,1,1
6083,2271,3,301,2025-06-19,1,1,1
6084,2271,3,101,2025-06-22,1,1,1
6085,2272,6,201,2025-03-23,1,1,1
6086,2272,6,101,2025-08-13,1,1,1
6087,2272,6,102,2025-04-04,1,1,1
6088,2272,6,101,2025-04-11,1,1,1
6089,2272,6,102,2025-12-06,1,1,1
6090,2272,6,102,2026-03-04,1,0,1
6091,2273,6,102,2025-10-28,1,1,1
6092,2273,6,102,2025-09-04,1,1,1
6093,2273,6,301,2025-06-20,1,1,1
6094,2274,6,201,2025-05-23,1,1,1
6095,2275,2,102,2025-04-10,1,1,1
6096,2275,2,301,2025-05-22,1,1,1
6097,2275,2,302,2026-02-18,1,1,1
6098,2275,2,302,2025-07-27,1,1,1
6099,2275,2,101,2025-04-12,1,0,1
6100,2276,7,401,2025-05-11,1,0,1
6101,2276,7,402,2026-01-23,1,1,1
6102,2277,6,201,2025-10-13,1,1,1
6103,2277,6,101,2025-08-02,1,1,1
6104,2277,6,301,2025-02-14,1,1,1
6105,2278,1,101,2025-05-25,1,1,1
6106,2278,1,101,2025-11-18,1,1,1
6107,2279,2,302,2025-05-31,1,1,1
6108,2279,2,301,2025-05-28,1,1,1
6109,2279,2,101,2025-12-11,1,1,1
6110,2279,2,301,2025-06-21,1,1,1
6111,2279,2,101,2025-10-23,1,1,1
6112,2279,2,201,2026-02-28,1,0,1
6113,2280,7,401,2025-08-30,1,1,1
6114,2281,1,302,2025-04-19,1,0,1
6115,2281,1,102,2026-01-02,1,0,1
6116,2281,1,301,2025-04-22,1,1,1
6117,2282,2,201,2025-12-03,1,1,1
6118,2282,2,201,2026-03-03,1,1,1
6119,2282,2,101,2025-05-19,1,1,1
6120,2282,2,101,2025-12-15,1,1,1
6121,2282,2,302,2025-09-26,1,1,1
6122,2283,2,201,2025-12-15,1,1,1
6123,2283,2,101,2025-05-12,1,1,1
6124,2283,2,101,2025-11-10,1,1,1
6125,2283,2,302,2025-09-11,1,1,1
6126,2283,2,101,2025-06-25,1,1,1
6127,2284,4,101,2026-02-11,1,1,1
6128,2284,4,201,2025-05-25,1,1,1
6129,2284,4,101,2025-10-21,1,0,1
6130,2284,4,302,2025-12-30,1,1,1
6131,2284,4,201,2026-03-08,1,1,1
6132,2286,6,101,2025-11-22,1,1,1
6133,2286,6,101,2025-02-23,1,1,1
6134,2287,3,102,2025-12-16,1,1,1
6135,2287,3,201,2025-04-07,1,1,1
6136,2288,6,201,2025-04-05,1,1,1
6137,2288,6,201,2025-04-10,1,1,1
6138,2288,6,101,2025-05-27,1,1,1
6139,2289,5,201,2026-01-16,1,1,1
6140,2289,5,201,2025-04-16,1,1,1
6141,2289,5,101,2025-08-17,1,1,1
6142,2289,5,201,2025-07-02,1,1,1
6143,2290,2,101,2026-02-02,1,1,1
6144,2290,2,301,2025-02-18,1,1,1
6145,2290,2,301,2026-01-14,1,1,1
6146,2291,7,402,2025-12-15,1,1,1
6147,2291,7,401,2025-03-17,1,1,1
6148,2291,7,401,2025-09-12,1,1,1
6149,2292,2,201,2025-10-17,1,1,1
6150,2292,2,301,2026-01-01,1,1,1
6151,2292,2,302,2025-12-10,1,1,1
6152,2293,4,301,2025-04-23,1,0,1
6153,2293,4,201,2025-03-29,1,1,1
6154,2293,4,301,2025-08-02,1,1,1
6155,2293,4,302,2025-04-17,1,1,1
6156,2293,4,201,2025-09-13,1,1,1
6157,2294,6,101,2025-10-06,1,1,1
6158,2294,6,302,2025-07-27,1,1,1
6159,2294,6,101,2025-09-17,1,1,1
6160,2295,6,301,2025-11-29,1,1,1
6161,2295,6,102,2026-03-04,1,1,1
6162,2296,5,102,2025-05-18,1,1,1
6163,2296,5,201,2025-04-02,1,1,1
6164,2296,5,102,2025-10-06,1,1,1
6165,2296,5,102,2025-04-21,1,1,1
6166,2297,1,302,2025-09-23,1,1,1
6167,2297,1,302,2025-07-29,1,1,1
6168,2297,1,302,2025-05-31,1,1,1
6169,2297,1,102,2025-05-04,1,1,1
6170,2297,1,201,2025-08-14,1,1,1
6171,2299,6,201,2025-11-03,1,1,1
6172,2299,6,102,2025-12-08,1,1,1
6173,2299,6,101,2025-05-17,1,1,1
6174,2301,3,102,2025-08-27,1,1,1
6175,2301,3,201,2025-04-06,1,1,1
6176,2301,3,302,2025-09-11,1,1,1
6177,2301,3,302,2026-01-14,1,1,1
6178,2301,3,302,2025-09-16,1,1,1
6179,2302,7,402,2025-09-07,1,1,1
6180,2302,7,401,2025-06-20,1,0,1
6181,2302,7,402,2025-06-23,1,1,1
6182,2302,7,401,2025-09-16,1,1,1
6183,2302,7,401,2025-06-23,1,1,1
6184,2303,2,201,2025-06-26,1,1,1
6185,2303,2,102,2025-09-13,1,1,1
6186,2303,2,101,2025-12-24,1,1,1
6187,2303,2,301,2026-01-26,1,1,1
6188,2304,1,201,2026-01-29,1,1,1
6189,2304,1,301,2025-02-04,1,1,1
6190,2304,1,201,2025-08-11,1,1,1
6191,2305,4,101,2025-06-29,1,1,1
6192,2305,4,302,2025-07-08,1,1,1
6193,2305,4,101,2025-10-09,1,1,1
6194,2305,4,302,2025-05-31,1,1,1
6195,2305,4,101,2026-02-07,1,1,1
6196,2306,6,102,2026-01-29,1,1,1
6197,2306,6,201,2025-04-30,1,1,1
6198,2306,6,101,2025-04-11,1,1,1
6199,2306,6,102,2025-11-23,1,1,1
6200,2307,6,101,2025-02-13,1,1,1
6201,2307,6,101,2025-04-04,1,1,1
6202,2307,6,102,2025-04-12,1,1,1
6203,2307,6,101,2025-06-20,1,1,1
6204,2307,6,302,2026-03-07,1,1,1
6205,2308,7,401,2026-01-08,1,1,1
6206,2308,7,402,2025-09-26,1,1,1
6207,2309,4,101,2025-09-02,1,1,1
6208,2309,4,302,2025-05-30,1,1,1
6209,2309,4,302,2025-03-23,1,1,1
6210,2310,6,301,2025-10-10,1,1,1
6211,2310,6,301,2025-08-24,1,1,1
6212,2311,5,301,2025-06-09,1,1,1
6213,2311,5,301,2025-02-24,1,1,1
6214,2311,5,302,2025-02-05,1,1,1
6215,2311,5,302,2025-07-26,1,1,1
6216,2311,5,102,2025-07-10,1,1,1
6217,2312,6,101,2025-03-04,1,1,1
6218,2312,6,201,2025-11-03,1,1,1
6219,2313,5,302,2025-04-15,1,1,1
6220,2313,5,301,2026-02-15,1,1,1
6221,2313,5,201,2025-02-03,1,1,1
6222,2314,6,101,2025-12-08,1,1,1
6223,2314,6,102,2025-11-02,1,1,1
6224,2314,6,301,2025-05-30,1,1,1
6225,2315,5,201,2025-08-14,1,0,1
6226,2315,5,301,2025-09-01,1,1,1
6227,2315,5,301,2025-02-20,1,1,1
6228,2316,2,102,2025-03-18,1,0,1
6229,2316,2,302,2025-11-18,1,1,1
6230,2317,1,101,2025-03-28,1,1,1
6231,2317,1,101,2025-10-19,1,1,1
6232,2317,1,201,2025-08-25,1,1,1
6233,2317,1,201,2025-10-31,1,1,1
6234,2318,7,402,2025-06-29,1,1,1
6235,2318,7,402,2025-08-21,1,1,1
6236,2319,2,102,2025-09-23,1,1,1
6237,2320,6,302,2025-03-10,1,1,1
6238,2320,6,301,2025-11-07,1,1,1
6239,2320,6,102,2025-09-22,1,1,1
6240,2320,6,101,2025-07-19,1,1,1
6241,2320,6,201,2025-09-06,1,1,1
6242,2321,3,102,2025-11-05,1,1,1
6243,2321,3,302,2026-02-17,1,1,1
6244,2321,3,302,2025-06-09,1,1,1
6245,2321,3,101,2025-11-01,1,1,1
6246,2321,3,102,2026-01-16,1,1,1
6247,2322,1,302,2025-11-26,1,1,1
6248,2322,1,101,2026-02-12,1,1,1
6249,2323,6,302,2025-09-29,1,1,1
6250,2323,6,301,2025-04-28,1,1,1
6251,2323,6,302,2026-01-17,1,1,1
6252,2324,3,301,2025-08-05,1,1,1
6253,2324,3,101,2025-11-30,1,1,1
6254,2324,3,301,2025-10-05,1,1,1
6255,2324,3,302,2025-12-08,1,1,1
6256,2324,3,101,2025-02-03,1,1,1
6257,2325,7,401,2025-12-15,1,1,1
6258,2326,6,101,2026-01-05,1,1,1
6259,2326,6,301,2025-04-07,1,1,1
6260,2327,6,302,2025-06-21,1,0,1
6261,2328,7,402,2026-02-06,1,1,1
6262,2328,7,402,2025-05-05,1,1,1
6263,2328,7,401,2025-08-20,1,0,1
6264,2328,7,402,2025-05-23,1,1,1
6265,2328,7,401,2026-01-14,1,1,1
6266,2329,6,201,2025-04-09,1,1,1
6267,2329,6,301,2025-06-04,1,1,1
6268,2330,2,101,2025-12-27,1,1,1
6269,2330,2,301,2025-12-02,1,1,1
6270,2330,2,302,2025-03-06,1,1,1
6271,2330,2,201,2025-03-04,1,1,1
6272,2331,6,102,2025-07-28,1,1,1
6273,2333,1,102,2025-10-22,1,1,1
6274,2333,1,101,2025-12-25,1,1,1
6275,2334,6,101,2025-06-19,1,1,1
6276,2334,6,101,2025-05-15,1,1,1
6277,2334,6,101,2025-12-15,1,0,1
6278,2334,6,101,2025-03-22,1,1,1
6279,2334,6,302,2026-01-13,1,1,1
6280,2336,2,301,2025-05-24,1,1,1
6281,2336,2,301,2025-07-26,1,1,1
6282,2336,2,201,2025-03-06,1,1,1
6283,2336,2,301,2025-08-02,1,1,1
6284,2337,2,201,2025-03-27,1,1,1
6285,2337,2,201,2025-03-22,1,1,1
6286,2337,2,102,2025-08-28,1,1,1
6287,2338,6,302,2026-03-03,1,1,1
6288,2338,6,302,2025-04-07,1,1,1
6289,2339,4,101,2025-03-08,1,1,1
6290,2339,4,201,2025-12-26,1,0,1
6291,2339,4,101,2025-06-11,1,1,1
6292,2340,5,102,2025-09-12,1,1,1
6293,2340,5,102,2026-02-15,1,1,1
6294,2340,5,302,2025-12-27,1,1,1
6295,2340,5,201,2025-06-28,1,1,1
6296,2340,5,301,2025-05-22,1,1,1
6297,2341,6,102,2025-12-07,1,1,1
6298,2341,6,101,2025-03-30,1,1,1
6299,2341,6,302,2025-09-15,1,1,1
6300,2341,6,201,2025-11-18,1,1,1
6301,2342,6,301,2025-03-17,1,1,1
6302,2342,6,201,2025-03-16,1,1,1
6303,2342,6,101,2026-01-11,1,1,1
6304,2342,6,102,2025-02-18,1,1,1
6305,2343,7,401,2026-02-03,1,0,1
6306,2343,7,402,2025-05-09,1,1,1
6307,2343,7,402,2025-05-22,1,1,1
6308,2343,7,402,2025-06-09,1,1,1
6309,2343,7,401,2026-02-19,1,1,1
6310,2344,7,402,2026-01-20,1,1,1
6311,2344,7,401,2025-09-26,1,1,1
6312,2344,7,401,2025-09-15,1,1,1
6313,2344,7,402,2025-06-03,1,1,1
6314,2345,5,101,2025-10-18,1,1,1
6315,2345,5,301,2025-07-14,1,1,1
6316,2346,1,302,2025-05-08,1,1,1
6317,2346,1,302,2025-05-23,1,1,1
6318,2346,1,101,2025-11-29,1,0,1
6319,2346,1,101,2026-01-07,1,1,1
6320,2347,6,201,2025-09-06,1,1,1
6321,2347,6,301,2025-07-20,1,1,1
6322,2348,5,301,2025-04-26,1,1,1
6323,2348,5,302,2025-09-25,1,1,1
6324,2349,2,201,2025-12-24,1,1,1
6325,2349,2,102,2026-01-31,1,1,1
6326,2349,2,201,2025-08-01,1,1,1
6327,2349,2,301,2025-10-29,1,1,1
6328,2350,2,201,2026-02-12,1,1,1
6329,2350,2,102,2025-09-27,1,1,1
6330,2351,2,101,2025-10-22,1,1,1
6331,2351,2,201,2026-02-09,1,1,1
6332,2352,7,402,2025-11-17,1,1,1
6333,2352,7,402,2025-08-29,1,1,1
6334,2352,7,402,2025-02-07,1,1,1
6335,2352,7,401,2025-12-25,1,1,1
6336,2352,7,401,2025-09-18,1,1,1
6337,2353,1,302,2026-02-13,1,1,1
6338,2353,1,201,2025-12-24,1,1,1
6339,2353,1,102,2025-11-16,1,1,1
6340,2353,1,102,2025-04-07,1,1,1
6341,2354,6,201,2025-11-28,1,1,1
6342,2354,6,201,2025-05-13,1,1,1
6343,2355,1,301,2025-02-24,1,1,1
6344,2355,1,201,2025-04-15,1,0,1
6345,2355,1,301,2025-03-02,1,1,1
6346,2356,3,302,2025-10-08,1,0,1
6347,2357,3,101,2025-05-14,1,1,1
6348,2358,2,102,2025-04-27,1,1,1
6349,2358,2,302,2025-02-17,1,1,1
6350,2359,6,102,2025-02-14,1,1,1
6351,2360,7,401,2025-11-07,1,1,1
6352,2360,7,402,2025-05-20,1,1,1
6353,2360,7,402,2025-08-26,1,1,1
6354,2361,6,101,2025-09-13,1,1,1
6355,2361,6,302,2025-07-06,1,1,1
6356,2361,6,301,2025-08-20,1,1,1
6357,2362,6,301,2025-02-03,1,1,1
6358,2362,6,302,2025-05-19,1,1,1
6359,2364,6,101,2025-07-22,1,1,1
6360,2364,6,302,2025-12-22,1,1,1
6361,2364,6,301,2025-10-03,1,1,1
6362,2365,7,401,2026-03-06,1,1,1
6363,2365,7,401,2026-02-12,1,1,1
6364,2365,7,401,2025-12-21,1,1,1
6365,2365,7,402,2025-08-31,1,1,1
6366,2366,4,101,2025-06-19,1,1,1
6367,2366,4,301,2026-03-07,1,1,1
6368,2366,4,102,2025-06-09,1,1,1
6369,2366,4,301,2025-03-26,1,1,1
6370,2366,4,101,2025-07-03,1,1,1
6371,2367,7,401,2025-10-21,1,1,1
6372,2367,7,402,2025-11-09,1,1,1
6373,2367,7,402,2026-02-18,1,1,1
6374,2368,7,402,2025-12-07,1,1,1
6375,2368,7,402,2026-02-22,1,1,1
6376,2368,7,401,2026-02-24,1,1,1
6377,2369,6,101,2025-09-07,1,1,1
6378,2369,6,302,2025-09-02,1,1,1
6379,2369,6,101,2025-07-04,1,1,1
6380,2369,6,201,2025-11-15,1,0,1
6381,2370,1,101,2025-11-06,1,1,1
6382,2370,1,101,2025-11-24,1,1,1
6383,2370,1,102,2025-09-04,1,1,1
6384,2370,1,302,2025-04-11,1,0,1
6385,2370,1,102,2025-10-11,1,1,1
6386,2370,1,302,2025-06-07,1,1,1
6387,2371,6,101,2025-04-22,1,1,1
6388,2371,6,102,2025-02-15,1,1,1
6389,2371,6,101,2025-03-22,1,1,1
6390,2372,6,101,2025-04-20,1,0,1
6391,2372,6,102,2025-08-06,1,1,1
6392,2372,6,102,2025-05-11,1,1,1
6393,2373,7,401,2025-02-03,1,1,1
6394,2373,7,401,2025-10-07,1,0,1
6395,2375,7,401,2025-03-30,1,0,1
6396,2375,7,401,2025-12-07,1,1,1
6397,2377,3,301,2025-07-14,1,1,1
6398,2377,3,301,2026-01-24,1,1,1
6399,2377,3,101,2025-02-03,1,0,1
6400,2377,3,101,2025-12-25,1,1,1
6401,2377,3,101,2025-08-12,1,1,1
6402,2378,3,201,2025-10-30,1,1,1
6403,2378,3,102,2025-05-23,1,1,1
6404,2378,3,302,2025-10-05,1,1,1
6405,2378,3,101,2025-03-10,1,1,1
6406,2378,3,201,2025-10-11,1,1,1
6407,2379,1,301,2025-03-02,1,1,1
6408,2379,1,302,2025-04-10,1,1,1
6409,2380,3,201,2025-12-17,1,0,1
6410,2380,3,102,2026-02-11,1,1,1
6411,2380,3,302,2025-11-07,1,0,1
6412,2381,2,302,2025-05-03,1,1,1
6413,2381,2,102,2025-08-14,1,1,1
6414,2381,2,101,2025-12-05,1,0,1
6415,2381,2,102,2026-01-24,1,1,1
6416,2381,2,101,2025-04-13,1,1,1
6417,2382,6,301,2025-08-04,1,1,1
6418,2382,6,102,2025-02-22,1,1,1
6419,2382,6,102,2025-03-30,1,1,1
6420,2382,6,101,2025-11-16,1,1,1
6421,2383,3,302,2026-02-17,1,1,1
6422,2383,3,102,2025-08-17,1,1,1
6423,2384,1,101,2025-10-17,1,1,1
6424,2384,1,101,2025-09-10,1,1,1
6425,2384,1,301,2026-02-15,1,1,1
6426,2385,6,302,2025-07-14,1,0,1
6427,2385,6,101,2025-10-18,1,1,1
6428,2385,6,301,2026-02-22,1,1,1
6429,2386,7,401,2025-02-21,1,1,1
6430,2387,3,301,2025-07-24,1,1,1
6431,2387,3,102,2025-02-12,1,1,1
6432,2387,3,201,2025-02-07,1,1,1
6433,2388,3,302,2026-03-07,1,1,1
6434,2388,3,101,2025-07-26,1,0,1
6435,2390,6,302,2025-07-14,1,1,1
6436,2390,6,102,2025-08-31,1,1,1
6437,2392,4,302,2025-09-20,1,1,1
6438,2392,4,302,2026-02-11,1,1,1
6439,2392,4,101,2026-02-07,1,1,1
6440,2393,2,301,2025-07-01,1,1,1
6441,2394,5,102,2026-02-03,1,1,1
6442,2394,5,101,2025-04-25,1,1,1
6443,2394,5,301,2025-12-26,1,1,1
6444,2394,5,302,2025-06-05,1,1,1
6445,2394,5,102,2025-11-17,1,1,1
6446,2396,3,101,2025-03-19,1,1,1
6447,2396,3,102,2025-05-10,1,0,1
6448,2396,3,201,2025-05-12,1,0,1
6449,2396,3,301,2025-03-10,1,1,1
6450,2396,3,302,2025-08-06,1,1,1
6451,2398,4,101,2025-09-29,1,0,1
6452,2398,4,201,2025-10-02,1,1,1
6453,2399,2,101,2025-06-20,1,1,1
6454,2399,2,302,2025-09-14,1,1,1
6455,2399,2,302,2025-10-20,1,1,1
6456,2399,2,302,2025-05-11,1,1,1
6457,2400,1,201,2025-09-18,1,1,1
6458,2400,1,302,2025-12-22,1,0,1
6459,2400,1,201,2025-03-14,1,1,1
6460,2401,6,302,2025-04-05,1,0,1
6461,2401,6,101,2025-06-21,1,1,1
6462,2401,6,201,2025-10-14,1,1,1
6463,2401,6,301,2025-09-02,1,1,1
6464,2401,6,101,2025-07-24,1,1,1
6465,2402,7,401,2025-11-18,1,1,1
6466,2403,2,301,2025-03-11,1,1,1
6467,2404,7,401,2025-04-20,1,1,1
6468,2404,7,401,2025-06-09,1,1,1
6469,2404,7,402,2025-07-07,1,1,1
6470,2404,7,402,2025-04-25,1,1,1
6471,2404,7,402,2025-04-11,1,1,1
6472,2405,1,101,2025-07-31,1,1,1
6473,2405,1,302,2025-05-05,1,1,1
6474,2406,7,402,2025-10-14,1,1,1
6475,2406,7,401,2025-04-29,1,1,1
6476,2406,7,401,2026-02-07,1,1,1
6477,2407,7,401,2025-06-11,1,1,1
6478,2407,7,401,2025-12-11,1,1,1
6479,2408,7,401,2025-10-29,1,1,1
6480,2408,7,402,2025-06-27,1,1,1
6481,2409,6,301,2025-11-13,1,1,1
6482,2409,6,102,2026-02-24,1,1,1
6483,2409,6,301,2025-07-28,1,1,1
6484,2410,5,101,2025-11-11,1,1,1
6485,2411,4,102,2025-04-21,1,1,1
6486,2411,4,301,2025-05-27,1,1,1
6487,2412,6,301,2025-03-01,1,1,1
6488,2412,6,101,2025-05-11,1,1,1
6489,2412,6,102,2025-03-03,1,1,1
6490,2412,6,101,2025-04-10,1,1,1
6491,2412,6,101,2026-01-20,1,1,1
6492,2413,6,102,2025-09-01,1,1,1
6493,2414,5,302,2025-05-23,1,1,1
6494,2415,3,201,2025-08-06,1,1,1
6495,2416,6,201,2025-06-29,1,1,1
6496,2416,6,102,2025-03-26,1,1,1
6497,2417,5,201,2025-11-18,1,1,1
6498,2417,5,201,2025-06-28,1,1,1
6499,2417,5,102,2025-03-14,1,1,1
6500,2418,6,201,2025-10-17,1,1,1
6501,2418,6,101,2025-03-11,1,1,1
6502,2418,6,102,2025-04-04,1,1,1
6503,2419,4,301,2025-04-30,1,1,1
6504,2419,4,201,2025-06-28,1,1,1
6505,2419,4,102,2025-10-15,1,1,1
6506,2419,4,301,2025-09-14,1,1,1
6507,2419,4,102,2025-12-31,1,1,1
6508,2419,4,302,2025-10-12,1,1,1
6509,2420,6,201,2025-02-02,1,1,1
6510,2420,6,101,2025-04-03,1,1,1
6511,2421,6,302,2025-06-23,1,1,1
6512,2421,6,301,2025-05-02,1,1,1
6513,2423,2,301,2025-11-13,1,1,1
6514,2423,2,102,2026-02-14,1,1,1
6515,2423,2,102,2025-02-14,1,1,1
6516,2423,2,302,2025-06-09,1,1,1
6517,2423,2,301,2025-06-03,1,1,1
6518,2424,6,102,2026-02-17,1,1,1
6519,2424,6,101,2025-12-23,1,1,1
6520,2424,6,101,2025-12-21,1,1,1
6521,2424,6,301,2025-09-04,1,0,1
6522,2425,7,401,2025-12-02,1,1,1
6523,2425,7,402,2025-09-17,1,1,1
6524,2425,7,402,2025-04-17,1,1,1
6525,2425,7,401,2025-10-10,1,1,1
6526,2426,2,201,2025-03-12,1,0,1
6527,2426,2,201,2025-07-30,1,1,1
6528,2426,2,302,2025-03-28,1,0,1
6529,2427,6,102,2025-05-09,1,1,1
6530,2427,6,101,2025-02-01,1,1,1
6531,2427,6,201,2025-05-07,1,1,1
6532,2427,6,301,2025-12-15,1,1,1
6533,2427,6,302,2025-10-20,1,1,1
6534,2428,3,102,2025-08-20,1,0,1
6535,2428,3,101,2026-01-26,1,1,1
6536,2428,3,302,2025-04-14,1,1,1
6537,2428,3,201,2025-09-25,1,0,1
6538,2428,3,302,2025-08-14,1,1,1
6539,2428,3,302,2025-12-23,1,1,1
6540,2429,7,401,2025-03-04,1,0,1
6541,2429,7,401,2025-06-23,1,1,1
6542,2429,7,402,2025-08-20,1,1,1
6543,2429,7,401,2025-05-26,1,1,1
6544,2430,1,302,2025-03-07,1,1,1
6545,2430,1,201,2025-04-28,1,1,1
6546,2430,1,302,2025-07-15,1,1,1
6547,2430,1,302,2025-12-05,1,1,1
6548,2430,1,201,2025-07-16,1,1,1
6549,2431,6,102,2025-10-09,1,1,1
6550,2431,6,302,2025-12-01,1,1,1
6551,2431,6,102,2025-07-11,1,0,1
6552,2431,6,301,2025-09-29,1,1,1
6553,2432,4,301,2025-09-29,1,1,1
6554,2432,4,201,2025-03-24,1,1,1
6555,2432,4,101,2025-05-23,1,1,1
6556,2432,4,302,2026-01-11,1,1,1
6557,2433,3,201,2025-05-29,1,1,1
6558,2433,3,302,2025-06-02,1,0,1
6559,2433,3,201,2025-09-11,1,1,1
6560,2434,5,201,2025-12-21,1,1,1
6561,2434,5,301,2025-08-16,1,1,1
6562,2434,5,301,2025-12-14,1,1,1
6563,2434,5,301,2025-07-08,1,1,1
6564,2435,7,402,2025-03-14,1,1,1
6565,2435,7,401,2025-03-18,1,1,1
6566,2435,7,402,2025-04-26,1,1,1
6567,2435,7,401,2026-01-02,1,1,1
6568,2436,1,102,2025-07-27,1,1,1
6569,2436,1,302,2025-10-15,1,1,1
6570,2437,4,301,2025-07-23,1,1,1
6571,2437,4,102,2025-12-26,1,1,1
6572,2438,7,401,2026-02-06,1,1,1
6573,2438,7,402,2025-08-05,1,1,1
6574,2439,4,102,2025-06-10,1,1,1
6575,2439,4,302,2026-02-08,1,1,1
6576,2439,4,201,2026-02-19,1,1,1
6577,2439,4,102,2025-04-29,1,1,1
6578,2440,6,301,2025-12-01,1,1,1
6579,2444,3,301,2025-12-22,1,1,1
6580,2444,3,102,2025-11-16,1,1,1
6581,2444,3,301,2025-04-24,1,1,1
6582,2444,3,102,2025-08-23,1,1,1
6583,2445,1,101,2026-01-07,1,1,1
6584,2445,1,302,2025-02-20,1,1,1
6585,2445,1,301,2025-11-14,1,0,1
6586,2446,2,302,2025-04-07,1,1,1
6587,2446,2,201,2025-11-16,1,1,1
6588,2447,7,401,2025-11-06,1,1,1
6589,2447,7,402,2025-05-15,1,0,1
6590,2447,7,402,2025-06-07,1,1,1
6591,2447,7,402,2025-06-26,1,1,1
6592,2448,6,301,2025-02-12,1,1,1
6593,2448,6,201,2025-08-01,1,0,1
6594,2449,3,102,2025-08-28,1,1,1
6595,2451,7,401,2025-10-25,1,1,1
6596,2451,7,401,2025-07-29,1,1,1
6597,2451,7,401,2026-01-21,1,1,1
6598,2452,6,302,2025-03-16,1,0,1
6599,2452,6,301,2025-06-06,1,0,1
6600,2452,6,102,2026-02-13,1,1,1
6601,2453,3,302,2025-06-30,1,1,1
6602,2453,3,201,2025-12-30,1,1,1
6603,2453,3,201,2026-01-01,1,1,1
6604,2453,3,301,2025-05-04,1,0,1
6605,2455,1,102,2025-11-11,1,1,1
6606,2455,1,302,2025-04-23,1,0,1
6607,2455,1,101,2025-06-04,1,0,1
6608,2456,7,402,2026-03-08,1,1,1
6609,2456,7,402,2025-09-02,1,1,1
6610,2456,7,402,2025-09-22,1,1,1
6611,2456,7,402,2025-07-29,1,1,1
6612,2456,7,402,2025-03-02,1,1,1
6613,2457,6,302,2026-01-23,1,1,1
6614,2458,5,101,2025-02-26,1,1,1
6615,2458,5,102,2025-05-16,1,1,1
6616,2459,3,102,2025-11-03,1,1,1
6617,2459,3,302,2025-04-11,1,1,1
6618,2459,3,102,2025-05-08,1,1,1
6619,2460,1,201,2025-03-08,1,1,1
6620,2460,1,201,2025-10-25,1,1,1
6621,2460,1,201,2025-02-15,1,1,1
6622,2460,1,301,2025-08-12,1,0,1
6623,2461,3,301,2025-09-14,1,0,1
6624,2461,3,201,2025-07-14,1,1,1
6625,2462,2,201,2025-10-03,1,1,1
6626,2462,2,301,2025-09-04,1,1,1
6627,2462,2,201,2025-06-06,1,1,1
6628,2463,5,102,2025-11-24,1,1,1
6629,2463,5,301,2025-05-01,1,1,1
6630,2463,5,302,2025-09-12,1,1,1
6631,2463,5,302,2025-10-03,1,1,1
6632,2464,6,101,2026-02-15,1,1,1
6633,2464,6,201,2025-05-17,1,1,1
6634,2464,6,301,2025-03-30,1,1,1
6635,2464,6,102,2025-05-04,1,1,1
6636,2464,6,302,2026-02-28,1,1,1
6637,2465,2,302,2025-03-15,1,1,1
6638,2465,2,301,2025-07-21,1,1,1
6639,2465,2,302,2026-02-19,1,1,1
6640,2466,6,301,2025-07-01,1,1,1
6641,2466,6,201,2026-02-28,1,1,1
6642,2466,6,201,2025-11-27,1,1,1
6643,2466,6,101,2025-03-10,1,0,1
6644,2467,2,102,2026-02-13,1,1,1
6645,2467,2,302,2025-11-03,1,1,1
6646,2467,2,201,2025-10-11,1,1,1
6647,2467,2,101,2025-10-16,1,1,1
6648,2467,2,302,2025-10-08,1,1,1
6649,2467,2,302,2026-02-27,1,1,1
6650,2469,6,301,2026-02-19,1,1,1
6651,2469,6,302,2025-05-28,1,1,1
6652,2469,6,301,2026-02-24,1,1,1
6653,2469,6,201,2026-02-16,1,1,1
6654,2469,6,102,2026-01-24,1,1,1
6655,2471,6,301,2026-01-31,1,1,1
6656,2471,6,101,2025-10-12,1,1,1
6657,2471,6,102,2025-09-05,1,1,1
6658,2471,6,101,2025-03-27,1,1,1
6659,2472,2,101,2025-11-28,1,1,1
6660,2472,2,302,2026-01-17,1,1,1
6661,2473,7,402,2025-05-02,1,1,1
6662,2473,7,402,2025-12-29,1,1,1
6663,2473,7,401,2026-01-31,1,1,1
6664,2473,7,401,2026-02-25,1,1,1
6665,2474,4,302,2025-03-19,1,1,1
6666,2474,4,201,2025-09-05,1,1,1
6667,2474,4,301,2025-10-19,1,1,1
6668,2476,3,201,2025-09-01,1,1,1
6669,2476,3,301,2025-09-04,1,1,1
6670,2478,6,302,2026-02-18,1,1,1
6671,2478,6,102,2025-08-28,1,1,1
6672,2478,6,101,2025-08-09,1,1,1
6673,2478,6,201,2025-08-31,1,1,1
6674,2478,6,101,2025-03-09,1,1,1
6675,2478,6,102,2025-07-22,1,1,1
6676,2479,3,102,2025-08-10,1,1,1
6677,2479,3,101,2025-08-11,1,1,1
6678,2480,3,302,2025-04-16,1,1,1
6679,2480,3,301,2025-09-19,1,1,1
6680,2481,5,301,2025-11-11,1,1,1
6681,2481,5,201,2025-11-20,1,1,1
6682,2481,5,302,2025-08-29,1,1,1
6683,2481,5,102,2025-09-06,1,1,1
6684,2481,5,102,2025-04-24,1,0,1
6685,2482,2,102,2025-05-05,1,1,1
6686,2482,2,102,2025-11-16,1,1,1
6687,2482,2,101,2025-04-10,1,1,1
6688,2483,1,301,2025-11-28,1,1,1
6689,2483,1,101,2025-08-19,1,1,1
6690,2484,1,302,2025-09-06,1,1,1
6691,2485,6,302,2025-07-28,1,1,1
6692,2485,6,102,2025-02-03,1,1,1
6693,2486,3,102,2025-05-08,1,0,1
6694,2486,3,201,2025-05-17,1,1,1
6695,2487,6,301,2025-12-15,1,1,1
6696,2487,6,201,2025-12-09,1,1,1
6697,2487,6,302,2025-03-06,1,1,1
6698,2489,1,102,2025-04-23,1,1,1
6699,2489,1,301,2025-05-23,1,1,1
6700,2490,5,102,2025-07-06,1,1,1
6701,2490,5,301,2025-07-17,1,1,1
6702,2490,5,102,2025-05-29,1,1,1
6703,2490,5,201,2025-03-14,1,1,1
6704,2492,3,102,2025-11-04,1,1,1
6705,2492,3,101,2025-09-08,1,1,1
6706,2492,3,302,2026-01-08,1,1,1
6707,2493,5,101,2025-05-14,1,1,1
6708,2493,5,101,2025-03-21,1,1,1
6709,2493,5,102,2025-03-13,1,1,1
6710,2493,5,301,2025-12-06,1,1,1
6711,2493,5,101,2025-05-19,1,1,1
6712,2493,5,301,2025-08-21,1,1,1
6713,2494,6,301,2025-03-10,1,1,1
6714,2495,2,201,2025-06-24,1,1,1
6715,2495,2,201,2025-05-14,1,0,1
6716,2495,2,301,2026-02-03,1,1,1
6717,2495,2,102,2025-12-05,1,1,1
6718,2497,2,201,2025-12-22,1,1,1
6719,2497,2,102,2025-03-28,1,1,1
6720,2497,2,102,2025-06-09,1,1,1
6721,2497,2,201,2026-01-19,1,1,1
6722,2497,2,301,2025-07-19,1,1,1
6723,2497,2,301,2025-03-23,1,1,1
6724,2498,6,102,2025-08-26,1,0,1
6725,2498,6,302,2025-03-04,1,1,1
6726,2498,6,301,2025-04-06,1,1,1
6727,2499,4,102,2025-12-16,1,1,1
6728,2499,4,201,2025-12-07,1,1,1
6729,2499,4,101,2025-04-23,1,1,1
6730,2499,4,302,2025-06-02,1,1,1
6731,2500,1,101,2025-06-22,1,1,1
6732,2500,1,302,2025-10-13,1,1,1
6733,2500,1,301,2025-03-18,1,1,1
