cliente_id,razao_social,cnpj,porte,gestor_id,data_cadastro
1,Comercial Litoral ME,10000001000107,MEI,4,2025-03-13
2,Transportes Silva e Cia,10000002000114,MEI,4,2025-01-16
3,Servicos Souza e Cia,10000003000121,ME,3,2025-10-15
4,Transportes Central EIRELI,10000004000128,MEI,7,2025-05-23
5,Industria Litoral S.A.,10000005000135,MEI,1,2025-03-21
6,Alimentos Silva Ltda,10000006000142,MEI,7,2025-07-03
7,Papelaria Oeste Ltda,10000007000149,ME,12,2025-10-02
8,Tecnologia Silva e Cia,10000008000156,MEI,4,2025-11-18
9,Papelaria Souza Ltda,10000009000163,MEI,12,2025-04-27
10,Distribuidora Souza Ltda,10000010000170,MEI,10,2025-08-21
11,Industria Oeste ME,10000011000177,MEI,12,2025-05-17
12,Papelaria Litoral EIRELI,10000012000184,ME,3,2025-05-06
13,Construtora Central ME,10000013000191,MEDIA,6,2025-11-24
14,Alimentos Silva EIRELI,10000014000198,EPP,8,2026-02-17
15,Tecnologia Oeste Ltda,10000015000105,MEI,11,2026-04-28
16,Servicos Litoral S.A.,10000016000112,MEI,11,2026-04-14
17,Industria Oeste EIRELI,10000017000119,MEI,15,2025-10-15
18,Papelaria Central e Cia,10000018000126,MEI,9,2025-04-23
19,Transportes Central Ltda,10000019000133,ME,5,2026-03-17
20,Industria Litoral EIRELI,10000020000140,ME,4,2025-08-05
21,Tecnologia Central e Cia,10000021000147,GRANDE,3,2025-09-28
22,Transportes Silva Ltda,10000022000154,ME,9,2025-10-02
23,Alimentos Silva ME,10000023000161,MEI,9,2025-08-21
24,Confeccoes Norte EIRELI,10000024000168,ME,1,2025-02-24
25,Transportes Norte EIRELI,10000025000175,MEI,10,2026-01-26
26,Transportes Norte Ltda,10000026000182,ME,6,2025-09-08
27,Distribuidora Oeste ME,10000027000189,MEI,1,2025-05-04
28,Distribuidora Litoral S.A.,10000028000196,EPP,3,2026-05-16
29,Industria Litoral S.A.,10000029000103,EPP,5,2025-03-26
30,Transportes Norte S.A.,10000030000110,MEDIA,9,2026-04-21
31,Confeccoes Central ME,10000031000117,MEI,7,2025-09-22
32,Distribuidora Souza EIRELI,10000032000124,MEI,15,2025-01-11
33,Papelaria Souza Ltda,10000033000131,MEI,8,2025-11-20
34,Servicos Silva Ltda,10000034000138,EPP,2,2025-02-06
35,Confeccoes Litoral S.A.,10000035000145,MEI,8,2025-03-09
36,Servicos Central S.A.,10000036000152,MEI,16,2025-02-19
37,Alimentos Central S.A.,10000037000159,ME,14,2026-01-09
38,Distribuidora Silva S.A.,10000038000166,ME,2,2026-02-14
39,Servicos Souza EIRELI,10000039000173,ME,4,2025-03-13
40,Industria Oeste S.A.,10000040000180,MEI,14,2026-04-18
41,Construtora Norte Ltda,10000041000187,MEI,3,2025-10-04
42,Distribuidora Souza EIRELI,10000042000194,MEI,1,2025-09-04
43,Tecnologia Silva EIRELI,10000043000101,MEI,7,2025-07-19
44,Construtora Oeste S.A.,10000044000108,ME,9,2026-01-10
45,Industria Souza ME,10000045000115,MEI,16,2025-01-30
46,Alimentos Silva Ltda,10000046000122,ME,2,2025-09-15
47,Comercial Norte Ltda,10000047000129,EPP,6,2025-02-05
48,Servicos Central Ltda,10000048000136,EPP,3,2025-10-19
49,Papelaria Norte Ltda,10000049000143,ME,8,2025-08-03
50,Confeccoes Souza ME,10000050000150,MEI,11,2025-07-22
51,Confeccoes Central ME,10000051000157,EPP,5,2026-04-25
52,Comercial Central e Cia,10000052000164,GRANDE,3,2025-02-21
53,Transportes Souza e Cia,10000053000171,MEI,3,2026-04-23
54,Distribuidora Souza ME,10000054000178,MEI,12,2025-08-13
55,Papelaria Litoral e Cia,10000055000185,MEI,10,2026-02-23
56,Distribuidora Souza ME,10000056000192,MEI,10,2025-02-24
57,Confeccoes Oeste e Cia,10000057000199,MEI,5,2025-06-25
58,Confeccoes Norte S.A.,10000058000106,MEI,7,2026-04-10
59,Distribuidora Litoral S.A.,10000059000113,EPP,2,2025-01-23
60,Alimentos Souza ME,10000060000120,MEI,1,2025-08-15
61,Transportes Silva Ltda,10000061000127,MEI,14,2026-03-29
62,Transportes Silva ME,10000062000134,ME,5,2025-03-17
63,Industria Silva ME,10000063000141,MEI,14,2026-04-23
64,Alimentos Souza EIRELI,10000064000148,ME,2,2025-07-01
65,Papelaria Litoral EIRELI,10000065000155,EPP,14,2025-05-02
66,Industria Central Ltda,10000066000162,MEI,6,2026-04-19
67,Tecnologia Litoral EIRELI,10000067000169,MEI,11,2026-02-08
68,Tecnologia Silva S.A.,10000068000176,MEI,4,2026-02-23
69,Alimentos Oeste EIRELI,10000069000183,MEI,15,2025-12-04
70,Tecnologia Oeste ME,10000070000190,EPP,7,2026-05-11
71,Alimentos Litoral e Cia,10000071000197,MEI,9,2026-03-08
72,Comercial Silva ME,10000072000104,MEI,11,2026-05-08
73,Comercial Silva e Cia,10000073000111,MEI,9,2026-01-09
74,Tecnologia Norte e Cia,10000074000118,MEI,11,2026-04-06
75,Confeccoes Silva S.A.,10000075000125,MEI,7,2026-04-19
76,Alimentos Central Ltda,10000076000132,EPP,7,2026-04-17
77,Papelaria Oeste Ltda,10000077000139,ME,11,2025-06-03
78,Tecnologia Oeste S.A.,10000078000146,ME,10,2025-10-11
79,Servicos Central S.A.,10000079000153,ME,5,2026-04-08
80,Papelaria Norte ME,10000080000160,MEI,6,2026-03-03
81,Confeccoes Oeste EIRELI,10000081000167,MEI,1,2025-10-24
82,Construtora Central S.A.,10000082000174,ME,11,2025-09-19
83,Industria Litoral Ltda,10000083000181,MEI,16,2025-12-06
84,Distribuidora Souza ME,10000084000188,MEI,11,2025-04-12
85,Comercial Silva EIRELI,10000085000195,MEDIA,5,2025-11-09
86,Construtora Central e Cia,10000086000102,MEI,3,2025-12-23
87,Construtora Central EIRELI,10000087000109,MEI,13,2025-12-19
88,Distribuidora Central EIRELI,10000088000116,MEI,1,2026-05-06
89,Comercial Norte EIRELI,10000089000123,EPP,15,2025-03-04
90,Industria Central e Cia,10000090000130,MEDIA,15,2025-11-01
91,Construtora Norte e Cia,10000091000137,MEI,11,2026-04-10
92,Industria Litoral S.A.,10000092000144,ME,15,2026-01-20
93,Confeccoes Norte S.A.,10000093000151,ME,8,2025-05-21
94,Distribuidora Litoral ME,10000094000158,MEI,15,2025-06-21
95,Transportes Silva EIRELI,10000095000165,MEI,11,2025-07-16
96,Servicos Silva S.A.,10000096000172,MEI,5,2025-10-05
97,Tecnologia Silva EIRELI,10000097000179,EPP,15,2025-07-19
98,Papelaria Central S.A.,10000098000186,MEI,1,2025-06-30
99,Tecnologia Central e Cia,10000099000193,ME,10,2025-10-07
100,Construtora Souza ME,10000100000100,MEI,8,2025-01-15
101,Alimentos Litoral S.A.,10000101000107,ME,13,2026-03-07
102,Industria Norte e Cia,10000102000114,MEI,15,2025-07-21
103,Distribuidora Litoral S.A.,10000103000121,MEI,1,2025-08-25
104,Comercial Oeste S.A.,10000104000128,MEI,6,2025-08-21
105,Alimentos Central ME,10000105000135,ME,11,2026-03-02
106,Confeccoes Silva S.A.,10000106000142,MEI,14,2025-10-04
107,Alimentos Souza Ltda,10000107000149,ME,2,2025-11-30
108,Comercial Souza EIRELI,10000108000156,EPP,2,2025-11-15
109,Servicos Souza S.A.,10000109000163,ME,5,2025-10-16
110,Construtora Litoral ME,10000110000170,ME,7,2025-03-27
111,Industria Oeste Ltda,10000111000177,ME,4,2026-04-21
112,Papelaria Litoral S.A.,10000112000184,MEI,10,2026-01-02
113,Distribuidora Norte EIRELI,10000113000191,MEI,7,2026-01-31
114,Papelaria Silva e Cia,10000114000198,ME,10,2025-06-27
115,Alimentos Silva e Cia,10000115000105,ME,14,2025-01-07
116,Construtora Silva S.A.,10000116000112,MEDIA,14,2025-11-22
117,Industria Central EIRELI,10000117000119,ME,15,2026-05-10
118,Papelaria Norte S.A.,10000118000126,ME,9,2026-02-27
119,Alimentos Souza Ltda,10000119000133,MEI,9,2025-08-19
120,Construtora Norte e Cia,10000120000140,ME,8,2025-06-22
121,Construtora Oeste EIRELI,10000121000147,ME,1,2025-07-01
122,Alimentos Oeste e Cia,10000122000154,ME,9,2025-05-22
123,Transportes Souza Ltda,10000123000161,MEI,1,2025-07-28
124,Transportes Souza S.A.,10000124000168,ME,16,2025-09-09
125,Comercial Silva ME,10000125000175,MEI,15,2025-12-21
126,Confeccoes Litoral e Cia,10000126000182,MEI,8,2025-10-11
127,Tecnologia Litoral e Cia,10000127000189,MEI,12,2025-12-26
128,Confeccoes Oeste ME,10000128000196,MEI,15,2026-01-05
129,Alimentos Silva e Cia,10000129000103,MEDIA,7,2025-12-20
130,Servicos Souza S.A.,10000130000110,MEI,6,2025-10-29
131,Distribuidora Souza ME,10000131000117,MEI,10,2025-04-02
132,Comercial Litoral e Cia,10000132000124,MEI,10,2025-01-24
133,Transportes Oeste EIRELI,10000133000131,ME,2,2026-01-21
134,Distribuidora Silva e Cia,10000134000138,MEI,16,2025-09-03
135,Alimentos Souza Ltda,10000135000145,MEI,15,2026-03-18
136,Distribuidora Silva S.A.,10000136000152,ME,16,2025-10-23
137,Industria Souza e Cia,10000137000159,EPP,2,2025-02-13
138,Distribuidora Norte S.A.,10000138000166,ME,8,2026-02-09
139,Transportes Central S.A.,10000139000173,EPP,8,2025-06-02
140,Confeccoes Norte e Cia,10000140000180,MEI,14,2026-05-07
141,Servicos Litoral EIRELI,10000141000187,MEI,4,2025-02-11
142,Servicos Souza e Cia,10000142000194,MEI,6,2025-01-02
143,Construtora Litoral e Cia,10000143000101,ME,14,2025-01-17
144,Confeccoes Litoral ME,10000144000108,ME,8,2025-08-21
145,Servicos Oeste e Cia,10000145000115,ME,3,2026-04-24
146,Tecnologia Silva e Cia,10000146000122,MEI,7,2025-03-18
147,Industria Silva Ltda,10000147000129,MEI,9,2025-06-07
148,Construtora Silva S.A.,10000148000136,ME,10,2025-12-25
149,Confeccoes Norte e Cia,10000149000143,ME,13,2025-02-11
150,Tecnologia Litoral ME,10000150000150,ME,2,2025-01-14
151,Servicos Litoral e Cia,10000151000157,ME,3,2025-01-11
152,Papelaria Silva EIRELI,10000152000164,ME,9,2025-11-30
153,Confeccoes Souza e Cia,10000153000171,MEI,15,2026-02-21
154,Distribuidora Central ME,10000154000178,MEI,16,2025-06-14
155,Industria Oeste S.A.,10000155000185,ME,4,2025-05-28
156,Transportes Silva S.A.,10000156000192,MEI,13,2025-05-10
157,Distribuidora Central e Cia,10000157000199,EPP,11,2025-01-01
158,Tecnologia Silva EIRELI,10000158000106,ME,15,2025-11-15
159,Construtora Silva EIRELI,10000159000113,MEI,16,2025-03-09
160,Construtora Litoral S.A.,10000160000120,MEI,10,2026-05-14
161,Industria Oeste e Cia,10000161000127,MEI,8,2025-07-28
162,Servicos Silva S.A.,10000162000134,EPP,3,2025-11-28
163,Construtora Litoral ME,10000163000141,ME,5,2025-05-20
164,Construtora Central EIRELI,10000164000148,ME,14,2025-03-16
165,Servicos Norte e Cia,10000165000155,ME,13,2025-03-11
166,Confeccoes Central ME,10000166000162,EPP,3,2025-09-17
167,Comercial Oeste ME,10000167000169,EPP,9,2025-10-24
168,Industria Central e Cia,10000168000176,ME,16,2025-06-20
169,Construtora Oeste EIRELI,10000169000183,MEDIA,13,2025-05-03
170,Servicos Central Ltda,10000170000190,MEI,13,2025-08-31
171,Tecnologia Litoral EIRELI,10000171000197,ME,13,2025-01-19
172,Transportes Norte ME,10000172000104,EPP,5,2026-03-24
173,Distribuidora Norte S.A.,10000173000111,MEI,15,2025-03-15
174,Industria Silva S.A.,10000174000118,ME,14,2025-05-16
175,Papelaria Litoral S.A.,10000175000125,ME,11,2026-03-13
176,Transportes Central ME,10000176000132,ME,11,2026-03-31
177,Transportes Silva e Cia,10000177000139,MEI,16,2025-11-20
178,Servicos Litoral Ltda,10000178000146,MEI,10,2025-02-20
179,Construtora Souza ME,10000179000153,EPP,4,2025-01-24
180,Comercial Oeste ME,10000180000160,MEI,11,2025-03-16
181,Transportes Central e Cia,10000181000167,ME,8,2025-04-03
182,Industria Silva e Cia,10000182000174,EPP,6,2025-11-14
183,Construtora Norte EIRELI,10000183000181,MEI,8,2025-11-23
184,Construtora Oeste Ltda,10000184000188,EPP,9,2025-08-27
185,Transportes Souza Ltda,10000185000195,MEI,10,2025-06-26
186,Tecnologia Litoral ME,10000186000102,ME,10,2025-06-04
187,Tecnologia Central Ltda,10000187000109,MEI,7,2025-10-20
188,Papelaria Oeste ME,10000188000116,MEI,12,2026-03-01
189,Confeccoes Silva e Cia,10000189000123,EPP,13,2026-02-03
190,Papelaria Litoral S.A.,10000190000130,EPP,2,2026-04-08
191,Servicos Norte ME,10000191000137,MEI,10,2025-04-08
192,Industria Litoral Ltda,10000192000144,EPP,9,2025-11-27
193,Confeccoes Central Ltda,10000193000151,ME,2,2026-01-10
194,Distribuidora Oeste ME,10000194000158,ME,5,2025-03-31
195,Industria Norte ME,10000195000165,ME,7,2026-04-13
196,Industria Oeste S.A.,10000196000172,MEDIA,9,2025-06-01
197,Distribuidora Central Ltda,10000197000179,MEI,11,2026-05-10
198,Tecnologia Norte ME,10000198000186,MEI,8,2025-07-22
199,Confeccoes Norte Ltda,10000199000193,ME,1,2025-12-11
200,Papelaria Central ME,10000200000100,MEI,9,2025-04-30
201,Comercial Norte e Cia,10000201000107,MEI,16,2025-11-09
202,Distribuidora Litoral S.A.,10000202000114,EPP,8,2025-06-04
203,Distribuidora Souza Ltda,10000203000121,EPP,14,2025-06-05
204,Distribuidora Silva EIRELI,10000204000128,EPP,16,2025-03-11
205,Construtora Oeste e Cia,10000205000135,MEI,13,2026-01-16
206,Tecnologia Litoral Ltda,10000206000142,EPP,5,2025-11-12
207,Confeccoes Silva ME,10000207000149,MEI,14,2025-08-16
208,Alimentos Silva ME,10000208000156,ME,8,2026-05-16
209,Comercial Central ME,10000209000163,MEI,12,2025-03-04
210,Distribuidora Litoral EIRELI,10000210000170,ME,15,2025-11-02
211,Comercial Oeste EIRELI,10000211000177,MEDIA,1,2026-02-07
212,Distribuidora Norte EIRELI,10000212000184,ME,7,2026-02-21
213,Alimentos Souza e Cia,10000213000191,MEI,8,2026-03-16
214,Industria Norte ME,10000214000198,ME,5,2025-02-26
215,Industria Silva ME,10000215000105,ME,1,2025-05-02
216,Comercial Souza ME,10000216000112,MEI,11,2026-01-15
217,Transportes Silva Ltda,10000217000119,ME,14,2026-02-03
218,Transportes Norte Ltda,10000218000126,ME,12,2025-04-24
219,Transportes Oeste S.A.,10000219000133,ME,2,2025-01-16
220,Construtora Central S.A.,10000220000140,ME,2,2025-09-09
221,Distribuidora Silva ME,10000221000147,ME,15,2025-02-03
222,Confeccoes Norte e Cia,10000222000154,ME,5,2025-06-16
223,Papelaria Norte ME,10000223000161,ME,13,2025-11-06
224,Distribuidora Litoral Ltda,10000224000168,EPP,14,2025-11-30
225,Tecnologia Central EIRELI,10000225000175,MEI,7,2026-02-28
226,Tecnologia Central Ltda,10000226000182,MEI,15,2025-06-10
227,Alimentos Souza S.A.,10000227000189,MEI,9,2026-03-02
228,Distribuidora Central Ltda,10000228000196,ME,3,2025-07-10
229,Transportes Silva e Cia,10000229000103,MEDIA,5,2025-10-15
230,Distribuidora Central ME,10000230000110,EPP,11,2026-04-27
231,Comercial Oeste e Cia,10000231000117,MEI,14,2025-02-23
232,Industria Litoral S.A.,10000232000124,MEI,7,2025-02-25
233,Transportes Oeste Ltda,10000233000131,ME,12,2025-10-21
234,Tecnologia Norte e Cia,10000234000138,ME,8,2025-11-26
235,Papelaria Litoral ME,10000235000145,MEI,1,2025-05-20
236,Alimentos Oeste Ltda,10000236000152,MEI,10,2025-03-15
237,Distribuidora Souza Ltda,10000237000159,MEI,13,2025-09-29
238,Tecnologia Central S.A.,10000238000166,MEI,7,2025-07-09
239,Alimentos Norte e Cia,10000239000173,MEI,10,2025-01-27
240,Industria Norte Ltda,10000240000180,ME,5,2025-05-20
241,Tecnologia Central e Cia,10000241000187,MEI,15,2025-05-20
242,Transportes Silva ME,10000242000194,MEI,7,2025-05-26
243,Transportes Litoral ME,10000243000101,MEI,16,2025-07-22
244,Comercial Souza ME,10000244000108,EPP,2,2026-01-28
245,Confeccoes Oeste ME,10000245000115,MEI,5,2025-09-12
246,Industria Souza S.A.,10000246000122,ME,14,2025-04-28
247,Distribuidora Central Ltda,10000247000129,MEI,12,2025-08-24
248,Alimentos Norte S.A.,10000248000136,ME,3,2025-12-30
249,Confeccoes Silva S.A.,10000249000143,MEI,14,2025-06-16
250,Papelaria Central ME,10000250000150,MEI,6,2026-03-09
251,Servicos Central e Cia,10000251000157,MEI,4,2025-02-10
252,Confeccoes Litoral ME,10000252000164,MEI,13,2026-02-03
253,Distribuidora Norte Ltda,10000253000171,ME,6,2025-04-10
254,Alimentos Litoral EIRELI,10000254000178,MEI,12,2025-03-16
255,Servicos Souza e Cia,10000255000185,MEI,9,2026-01-24
256,Industria Litoral S.A.,10000256000192,ME,3,2025-10-16
257,Papelaria Litoral e Cia,10000257000199,MEI,15,2026-05-13
258,Industria Central Ltda,10000258000106,ME,11,2025-11-20
259,Confeccoes Norte Ltda,10000259000113,MEI,10,2025-02-07
260,Construtora Central Ltda,10000260000120,MEI,10,2026-03-02
261,Distribuidora Litoral Ltda,10000261000127,ME,10,2025-09-17
262,Construtora Norte e Cia,10000262000134,MEDIA,13,2026-01-14
263,Construtora Norte EIRELI,10000263000141,MEI,2,2025-09-01
264,Comercial Central Ltda,10000264000148,EPP,5,2026-03-05
265,Distribuidora Norte EIRELI,10000265000155,MEI,11,2025-12-29
266,Construtora Norte e Cia,10000266000162,ME,15,2025-07-06
267,Confeccoes Central S.A.,10000267000169,ME,12,2025-12-14
268,Alimentos Silva ME,10000268000176,MEI,2,2025-12-14
269,Confeccoes Oeste e Cia,10000269000183,EPP,13,2025-06-20
270,Papelaria Litoral EIRELI,10000270000190,EPP,3,2025-06-08
271,Industria Norte Ltda,10000271000197,MEI,13,2025-07-12
272,Industria Litoral e Cia,10000272000104,MEI,11,2025-12-10
273,Transportes Oeste Ltda,10000273000111,MEI,14,2025-04-03
274,Alimentos Central EIRELI,10000274000118,MEI,7,2025-03-12
275,Distribuidora Oeste Ltda,10000275000125,ME,5,2025-10-04
276,Alimentos Norte EIRELI,10000276000132,ME,2,2025-03-20
277,Industria Litoral e Cia,10000277000139,EPP,6,2025-03-26
278,Comercial Central ME,10000278000146,ME,15,2025-05-02
279,Papelaria Oeste S.A.,10000279000153,MEI,15,2025-05-03
280,Construtora Souza ME,10000280000160,ME,10,2025-10-20
281,Construtora Oeste S.A.,10000281000167,ME,15,2025-08-03
282,Servicos Norte EIRELI,10000282000174,EPP,6,2025-01-27
283,Alimentos Norte Ltda,10000283000181,ME,16,2025-09-22
284,Confeccoes Silva EIRELI,10000284000188,MEI,4,2026-04-09
285,Tecnologia Silva EIRELI,10000285000195,EPP,5,2026-03-29
286,Comercial Central Ltda,10000286000102,MEI,12,2025-07-11
287,Tecnologia Silva ME,10000287000109,MEI,8,2025-06-13
288,Alimentos Souza EIRELI,10000288000116,MEI,4,2026-04-15
289,Industria Litoral S.A.,10000289000123,MEI,16,2025-01-03
290,Comercial Oeste EIRELI,10000290000130,EPP,3,2025-10-08
291,Distribuidora Oeste EIRELI,10000291000137,MEI,14,2025-01-25
292,Tecnologia Litoral e Cia,10000292000144,ME,8,2025-02-26
293,Papelaria Norte Ltda,10000293000151,ME,16,2025-10-22
294,Industria Oeste S.A.,10000294000158,MEI,8,2025-06-30
295,Papelaria Central EIRELI,10000295000165,ME,8,2025-02-13
296,Distribuidora Norte e Cia,10000296000172,ME,12,2025-09-17
297,Tecnologia Central Ltda,10000297000179,ME,1,2025-07-11
298,Comercial Oeste Ltda,10000298000186,MEI,9,2026-01-11
299,Papelaria Litoral ME,10000299000193,MEI,4,2025-06-30
300,Industria Litoral S.A.,10000300000100,MEDIA,11,2025-09-03
301,Industria Silva S.A.,10000301000107,MEI,6,2025-04-14
302,Servicos Silva ME,10000302000114,EPP,2,2025-09-21
303,Transportes Central ME,10000303000121,MEI,13,2025-11-28
304,Confeccoes Oeste Ltda,10000304000128,EPP,7,2025-06-19
305,Distribuidora Oeste S.A.,10000305000135,EPP,9,2026-01-16
306,Tecnologia Oeste EIRELI,10000306000142,ME,15,2025-09-12
307,Transportes Oeste Ltda,10000307000149,ME,12,2025-02-10
308,Papelaria Souza e Cia,10000308000156,MEI,14,2025-02-22
309,Alimentos Litoral ME,10000309000163,MEI,3,2025-11-05
310,Industria Litoral S.A.,10000310000170,MEI,14,2025-01-22
311,Papelaria Central ME,10000311000177,ME,12,2026-02-10
312,Distribuidora Litoral S.A.,10000312000184,MEI,2,2026-02-15
313,Comercial Souza e Cia,10000313000191,ME,6,2025-08-13
314,Industria Silva EIRELI,10000314000198,ME,2,2025-07-07
315,Tecnologia Norte Ltda,10000315000105,ME,12,2025-12-14
316,Alimentos Oeste S.A.,10000316000112,ME,15,2025-10-21
317,Transportes Oeste S.A.,10000317000119,MEI,5,2025-05-23
318,Distribuidora Silva EIRELI,10000318000126,ME,8,2025-07-18
319,Confeccoes Oeste S.A.,10000319000133,MEI,4,2025-11-10
320,Construtora Souza Ltda,10000320000140,MEI,10,2025-02-07
321,Industria Litoral S.A.,10000321000147,GRANDE,15,2026-02-19
322,Alimentos Litoral Ltda,10000322000154,ME,11,2025-05-29
323,Industria Litoral EIRELI,10000323000161,ME,10,2025-09-18
324,Distribuidora Souza EIRELI,10000324000168,MEI,8,2025-09-10
325,Alimentos Norte e Cia,10000325000175,MEI,1,2026-02-16
326,Papelaria Silva Ltda,10000326000182,MEI,5,2026-01-03
327,Transportes Central S.A.,10000327000189,EPP,16,2025-02-07
328,Alimentos Litoral Ltda,10000328000196,MEI,5,2025-12-15
329,Industria Norte e Cia,10000329000103,MEI,12,2026-05-10
330,Tecnologia Norte Ltda,10000330000110,EPP,5,2025-09-23
331,Confeccoes Souza EIRELI,10000331000117,MEI,5,2025-12-30
332,Alimentos Norte ME,10000332000124,EPP,8,2025-05-09
333,Transportes Oeste EIRELI,10000333000131,ME,7,2025-11-11
334,Transportes Litoral EIRELI,10000334000138,ME,3,2025-10-25
335,Industria Litoral e Cia,10000335000145,ME,5,2025-11-06
336,Papelaria Silva Ltda,10000336000152,MEI,11,2026-05-01
337,Servicos Norte S.A.,10000337000159,ME,9,2025-01-16
338,Transportes Oeste ME,10000338000166,ME,16,2026-02-17
339,Confeccoes Central Ltda,10000339000173,ME,13,2025-03-22
340,Tecnologia Central S.A.,10000340000180,MEI,15,2025-11-07
341,Alimentos Litoral ME,10000341000187,ME,5,2026-03-17
342,Tecnologia Souza ME,10000342000194,ME,12,2025-02-24
343,Servicos Central Ltda,10000343000101,MEI,11,2025-05-07
344,Distribuidora Silva ME,10000344000108,EPP,5,2026-03-19
345,Servicos Souza ME,10000345000115,EPP,14,2026-01-05
346,Servicos Souza S.A.,10000346000122,GRANDE,11,2025-08-28
347,Confeccoes Central Ltda,10000347000129,MEI,16,2025-07-21
348,Servicos Souza e Cia,10000348000136,MEI,15,2025-01-26
349,Construtora Norte S.A.,10000349000143,MEI,10,2025-01-05
350,Tecnologia Souza ME,10000350000150,ME,4,2026-01-27
351,Alimentos Silva S.A.,10000351000157,MEI,13,2025-10-15
352,Alimentos Norte ME,10000352000164,MEI,7,2025-09-16
353,Transportes Oeste e Cia,10000353000171,ME,15,2025-03-02
354,Distribuidora Central ME,10000354000178,ME,5,2025-06-23
355,Industria Souza e Cia,10000355000185,ME,12,2025-09-14
356,Comercial Silva EIRELI,10000356000192,ME,2,2026-02-16
357,Transportes Central EIRELI,10000357000199,ME,16,2025-09-21
358,Alimentos Norte ME,10000358000106,MEI,5,2025-11-12
359,Papelaria Oeste e Cia,10000359000113,EPP,10,2025-09-30
360,Papelaria Oeste S.A.,10000360000120,EPP,16,2025-07-08
361,Distribuidora Central e Cia,10000361000127,MEI,11,2026-04-06
362,Papelaria Central ME,10000362000134,MEDIA,1,2026-02-05
363,Comercial Norte S.A.,10000363000141,MEI,8,2025-11-19
364,Industria Litoral EIRELI,10000364000148,MEI,13,2026-05-01
365,Servicos Silva S.A.,10000365000155,MEI,4,2025-03-19
366,Servicos Central e Cia,10000366000162,ME,14,2026-04-17
367,Comercial Litoral EIRELI,10000367000169,ME,16,2025-10-15
368,Construtora Norte S.A.,10000368000176,MEI,11,2025-03-30
369,Transportes Oeste e Cia,10000369000183,MEI,15,2026-01-31
370,Papelaria Central EIRELI,10000370000190,MEDIA,9,2025-05-23
371,Servicos Oeste ME,10000371000197,ME,10,2025-12-20
372,Alimentos Central ME,10000372000104,ME,16,2026-04-24
373,Confeccoes Silva e Cia,10000373000111,ME,9,2025-07-14
374,Alimentos Souza ME,10000374000118,MEI,13,2026-05-05
375,Alimentos Central ME,10000375000125,ME,3,2025-04-20
376,Transportes Oeste e Cia,10000376000132,ME,7,2025-03-12
377,Papelaria Litoral e Cia,10000377000139,MEI,4,2025-01-26
378,Servicos Silva Ltda,10000378000146,MEI,8,2026-01-03
379,Distribuidora Litoral EIRELI,10000379000153,MEI,16,2025-10-09
380,Tecnologia Litoral S.A.,10000380000160,ME,6,2025-04-13
381,Alimentos Oeste Ltda,10000381000167,EPP,10,2025-02-15
382,Transportes Litoral Ltda,10000382000174,EPP,8,2025-03-31
383,Industria Silva S.A.,10000383000181,ME,14,2025-04-06
384,Comercial Silva ME,10000384000188,ME,10,2025-02-24
385,Confeccoes Central e Cia,10000385000195,ME,11,2026-04-01
386,Transportes Central ME,10000386000102,MEI,5,2025-02-27
387,Industria Litoral S.A.,10000387000109,ME,11,2026-01-03
388,Comercial Litoral ME,10000388000116,ME,6,2025-10-18
389,Industria Norte S.A.,10000389000123,EPP,7,2025-09-21
390,Distribuidora Central Ltda,10000390000130,MEI,11,2025-03-13
391,Alimentos Souza Ltda,10000391000137,MEI,16,2025-05-01
392,Confeccoes Oeste ME,10000392000144,ME,15,2025-10-21
393,Confeccoes Litoral ME,10000393000151,ME,1,2025-02-01
394,Construtora Oeste EIRELI,10000394000158,MEI,4,2025-09-15
395,Distribuidora Litoral ME,10000395000165,MEI,10,2025-04-24
396,Industria Central EIRELI,10000396000172,ME,8,2025-11-07
397,Tecnologia Litoral e Cia,10000397000179,EPP,12,2026-01-23
398,Servicos Litoral e Cia,10000398000186,EPP,7,2025-02-11
399,Transportes Litoral ME,10000399000193,MEI,15,2025-10-16
400,Comercial Norte e Cia,10000400000100,MEI,4,2025-10-02
401,Industria Oeste e Cia,10000401000107,MEI,5,2025-12-15
402,Papelaria Central Ltda,10000402000114,EPP,7,2025-08-17
403,Construtora Souza e Cia,10000403000121,MEI,2,2025-10-16
404,Transportes Central ME,10000404000128,ME,2,2025-07-22
405,Comercial Litoral EIRELI,10000405000135,ME,9,2025-01-24
406,Alimentos Litoral Ltda,10000406000142,ME,14,2025-01-31
407,Construtora Silva ME,10000407000149,MEI,3,2026-01-29
408,Tecnologia Oeste S.A.,10000408000156,MEI,5,2026-04-15
409,Tecnologia Silva e Cia,10000409000163,MEI,13,2026-03-17
410,Distribuidora Souza e Cia,10000410000170,MEI,12,2025-03-07
411,Comercial Silva ME,10000411000177,ME,8,2026-01-04
412,Transportes Central EIRELI,10000412000184,MEI,14,2025-06-27
413,Confeccoes Souza Ltda,10000413000191,MEI,5,2025-12-05
414,Papelaria Silva EIRELI,10000414000198,MEI,14,2025-02-21
415,Construtora Norte Ltda,10000415000105,MEI,2,2025-01-23
416,Construtora Souza e Cia,10000416000112,MEI,13,2026-03-19
417,Industria Norte ME,10000417000119,MEI,2,2026-04-15
418,Papelaria Norte ME,10000418000126,MEI,11,2026-03-25
419,Transportes Souza S.A.,10000419000133,MEI,5,2025-02-01
420,Tecnologia Norte S.A.,10000420000140,MEI,6,2025-06-26
421,Transportes Oeste S.A.,10000421000147,MEI,13,2025-06-03
422,Industria Norte S.A.,10000422000154,MEI,13,2025-04-26
423,Industria Central Ltda,10000423000161,ME,10,2026-05-11
424,Transportes Norte EIRELI,10000424000168,MEI,14,2025-05-11
425,Alimentos Litoral Ltda,10000425000175,EPP,7,2026-03-10
426,Distribuidora Norte EIRELI,10000426000182,MEI,12,2025-07-13
427,Distribuidora Souza e Cia,10000427000189,ME,2,2025-10-14
428,Construtora Souza ME,10000428000196,MEI,7,2026-04-11
429,Servicos Souza Ltda,10000429000103,ME,1,2026-01-22
430,Servicos Litoral e Cia,10000430000110,ME,16,2025-07-23
431,Transportes Oeste ME,10000431000117,MEI,8,2025-10-01
432,Confeccoes Oeste ME,10000432000124,ME,12,2025-09-12
433,Distribuidora Litoral S.A.,10000433000131,ME,15,2025-06-13
434,Alimentos Oeste S.A.,10000434000138,MEI,7,2026-03-19
435,Industria Silva ME,10000435000145,ME,8,2025-10-27
436,Confeccoes Souza EIRELI,10000436000152,MEI,14,2025-07-14
437,Construtora Norte ME,10000437000159,MEI,8,2026-02-25
438,Construtora Central EIRELI,10000438000166,ME,16,2025-06-30
439,Industria Litoral e Cia,10000439000173,ME,6,2026-04-15
440,Transportes Silva Ltda,10000440000180,EPP,2,2025-12-09
441,Comercial Central EIRELI,10000441000187,EPP,2,2025-04-29
442,Industria Silva EIRELI,10000442000194,ME,3,2025-07-11
443,Papelaria Litoral e Cia,10000443000101,EPP,2,2025-12-04
444,Comercial Silva e Cia,10000444000108,ME,16,2025-01-07
445,Transportes Litoral ME,10000445000115,ME,1,2025-05-27
446,Transportes Litoral S.A.,10000446000122,EPP,1,2026-04-11
447,Distribuidora Silva e Cia,10000447000129,MEI,6,2025-04-09
448,Alimentos Oeste S.A.,10000448000136,MEI,9,2026-05-07
449,Construtora Norte EIRELI,10000449000143,GRANDE,13,2025-04-26
450,Distribuidora Litoral Ltda,10000450000150,MEI,10,2025-07-14
451,Transportes Central Ltda,10000451000157,ME,13,2025-12-26
452,Distribuidora Central S.A.,10000452000164,ME,6,2025-06-19
453,Transportes Silva EIRELI,10000453000171,MEI,4,2026-03-21
454,Confeccoes Silva Ltda,10000454000178,ME,16,2025-05-24
455,Industria Oeste Ltda,10000455000185,MEDIA,2,2025-10-28
456,Tecnologia Silva ME,10000456000192,MEI,5,2025-05-04
457,Transportes Oeste S.A.,10000457000199,ME,13,2025-03-13
458,Transportes Litoral ME,10000458000106,MEI,3,2025-08-12
459,Distribuidora Oeste e Cia,10000459000113,ME,8,2026-05-04
460,Alimentos Silva ME,10000460000120,ME,13,2025-08-19
461,Servicos Oeste e Cia,10000461000127,EPP,16,2025-08-10
462,Papelaria Litoral S.A.,10000462000134,MEI,6,2025-11-13
463,Servicos Litoral Ltda,10000463000141,MEI,10,2025-03-20
464,Industria Litoral S.A.,10000464000148,MEI,13,2025-02-24
465,Comercial Oeste S.A.,10000465000155,MEI,3,2025-05-19
466,Industria Silva EIRELI,10000466000162,MEI,4,2025-10-13
467,Distribuidora Silva Ltda,10000467000169,MEI,14,2025-02-17
468,Tecnologia Silva ME,10000468000176,MEI,11,2026-02-03
469,Transportes Souza e Cia,10000469000183,ME,3,2025-12-17
470,Industria Souza ME,10000470000190,MEI,13,2025-09-10
471,Distribuidora Souza S.A.,10000471000197,MEI,5,2025-06-03
472,Distribuidora Oeste ME,10000472000104,EPP,16,2026-01-05
473,Papelaria Norte EIRELI,10000473000111,ME,16,2025-03-11
474,Comercial Central ME,10000474000118,EPP,10,2025-07-14
475,Construtora Oeste S.A.,10000475000125,EPP,11,2026-03-17
476,Confeccoes Oeste e Cia,10000476000132,EPP,5,2025-04-13
477,Alimentos Souza S.A.,10000477000139,MEDIA,16,2025-05-30
478,Papelaria Souza ME,10000478000146,MEI,16,2026-02-23
479,Alimentos Silva e Cia,10000479000153,MEI,13,2025-10-07
480,Transportes Silva S.A.,10000480000160,EPP,6,2025-04-18
481,Confeccoes Litoral Ltda,10000481000167,EPP,15,2026-02-12
482,Construtora Souza ME,10000482000174,MEI,14,2025-12-04
483,Tecnologia Central Ltda,10000483000181,MEI,5,2025-11-03
484,Papelaria Central e Cia,10000484000188,ME,16,2026-04-17
485,Transportes Silva ME,10000485000195,ME,14,2026-02-20
486,Distribuidora Souza ME,10000486000102,MEI,3,2025-11-10
487,Papelaria Litoral S.A.,10000487000109,MEDIA,2,2025-06-19
488,Distribuidora Silva Ltda,10000488000116,MEI,14,2025-09-19
489,Construtora Oeste S.A.,10000489000123,ME,8,2025-12-14
490,Alimentos Silva S.A.,10000490000130,MEI,5,2025-08-01
491,Distribuidora Litoral EIRELI,10000491000137,MEI,3,2025-06-25
492,Servicos Norte S.A.,10000492000144,MEI,15,2025-02-19
493,Construtora Oeste Ltda,10000493000151,MEI,15,2026-02-19
494,Comercial Oeste Ltda,10000494000158,ME,4,2025-03-26
495,Transportes Souza e Cia,10000495000165,MEI,8,2025-10-14
496,Construtora Souza S.A.,10000496000172,ME,14,2025-04-06
497,Tecnologia Silva e Cia,10000497000179,EPP,14,2025-08-19
498,Tecnologia Silva EIRELI,10000498000186,MEI,14,2026-01-21
499,Papelaria Silva e Cia,10000499000193,MEI,3,2025-06-16
500,Construtora Silva ME,10000500000100,ME,7,2025-09-08
501,Papelaria Central e Cia,10000501000107,MEI,11,2025-02-28
502,Alimentos Central e Cia,10000502000114,MEI,12,2025-12-11
503,Papelaria Norte Ltda,10000503000121,ME,10,2025-06-10
504,Servicos Oeste Ltda,10000504000128,MEI,4,2025-12-22
505,Transportes Central S.A.,10000505000135,ME,5,2025-10-22
506,Tecnologia Souza S.A.,10000506000142,ME,13,2025-12-22
507,Transportes Souza S.A.,10000507000149,MEI,6,2025-04-06
508,Construtora Norte Ltda,10000508000156,EPP,11,2026-05-03
509,Construtora Souza EIRELI,10000509000163,EPP,1,2026-05-09
510,Tecnologia Litoral S.A.,10000510000170,MEI,16,2026-03-07
511,Construtora Souza Ltda,10000511000177,ME,15,2026-02-12
512,Confeccoes Silva ME,10000512000184,MEI,8,2025-05-28
513,Construtora Norte S.A.,10000513000191,ME,6,2025-02-27
514,Confeccoes Norte ME,10000514000198,ME,4,2026-01-23
515,Construtora Norte EIRELI,10000515000105,MEDIA,2,2025-02-22
516,Confeccoes Silva S.A.,10000516000112,MEI,8,2026-03-18
517,Construtora Silva EIRELI,10000517000119,MEI,3,2026-01-13
518,Papelaria Litoral S.A.,10000518000126,MEI,12,2025-03-13
519,Servicos Silva e Cia,10000519000133,MEI,7,2025-05-24
520,Alimentos Litoral ME,10000520000140,MEI,6,2025-05-17
521,Industria Central Ltda,10000521000147,GRANDE,4,2026-03-20
522,Industria Souza EIRELI,10000522000154,ME,5,2026-03-01
523,Tecnologia Central EIRELI,10000523000161,ME,8,2025-05-18
524,Tecnologia Central Ltda,10000524000168,ME,14,2026-03-27
525,Tecnologia Norte ME,10000525000175,ME,3,2026-03-26
526,Construtora Central ME,10000526000182,ME,12,2026-03-21
527,Construtora Litoral ME,10000527000189,EPP,3,2026-02-12
528,Servicos Central EIRELI,10000528000196,ME,13,2025-06-15
529,Alimentos Norte e Cia,10000529000103,MEI,10,2026-03-13
530,Alimentos Litoral Ltda,10000530000110,MEI,16,2025-11-17
531,Comercial Silva EIRELI,10000531000117,MEI,15,2025-01-01
532,Servicos Litoral EIRELI,10000532000124,EPP,14,2025-06-04
533,Confeccoes Silva ME,10000533000131,MEI,6,2025-07-10
534,Comercial Central ME,10000534000138,ME,6,2026-01-22
535,Tecnologia Litoral Ltda,10000535000145,ME,8,2025-01-01
536,Construtora Silva EIRELI,10000536000152,ME,7,2025-09-23
537,Comercial Silva ME,10000537000159,EPP,15,2026-03-17
538,Industria Central Ltda,10000538000166,MEI,14,2025-02-15
539,Distribuidora Oeste ME,10000539000173,EPP,4,2025-03-12
540,Industria Litoral EIRELI,10000540000180,MEI,13,2025-10-16
541,Papelaria Litoral EIRELI,10000541000187,MEI,1,2026-01-05
542,Industria Central e Cia,10000542000194,ME,7,2026-03-17
543,Distribuidora Silva EIRELI,10000543000101,ME,7,2025-10-29
544,Alimentos Central ME,10000544000108,ME,13,2025-05-07
545,Distribuidora Souza e Cia,10000545000115,ME,9,2026-01-05
546,Comercial Litoral ME,10000546000122,MEI,10,2025-11-07
547,Tecnologia Oeste Ltda,10000547000129,ME,7,2026-02-11
548,Construtora Central Ltda,10000548000136,MEI,8,2025-11-23
549,Transportes Silva ME,10000549000143,EPP,3,2025-03-09
550,Papelaria Central ME,10000550000150,ME,13,2025-03-30
551,Distribuidora Silva e Cia,10000551000157,MEI,16,2025-05-15
552,Comercial Silva S.A.,10000552000164,ME,7,2025-11-18
553,Tecnologia Litoral S.A.,10000553000171,MEI,14,2025-10-02
554,Confeccoes Silva ME,10000554000178,MEI,5,2026-04-17
555,Industria Norte ME,10000555000185,MEI,7,2025-11-21
556,Confeccoes Litoral S.A.,10000556000192,ME,3,2026-03-10
557,Comercial Souza Ltda,10000557000199,EPP,8,2025-03-01
558,Papelaria Norte Ltda,10000558000106,MEI,15,2026-01-15
559,Distribuidora Silva EIRELI,10000559000113,ME,6,2025-03-25
560,Alimentos Norte e Cia,10000560000120,ME,16,2026-01-05
561,Industria Oeste EIRELI,10000561000127,ME,9,2026-03-24
562,Distribuidora Silva ME,10000562000134,EPP,9,2025-05-20
563,Confeccoes Litoral e Cia,10000563000141,ME,3,2025-09-12
564,Transportes Oeste Ltda,10000564000148,ME,15,2025-10-18
565,Alimentos Souza ME,10000565000155,ME,6,2026-04-03
566,Servicos Litoral e Cia,10000566000162,MEI,4,2026-03-16
567,Servicos Silva S.A.,10000567000169,MEI,1,2026-04-17
568,Industria Silva e Cia,10000568000176,EPP,5,2026-01-01
569,Servicos Oeste EIRELI,10000569000183,MEI,14,2026-01-04
570,Confeccoes Silva e Cia,10000570000190,MEI,11,2025-09-15
571,Industria Souza e Cia,10000571000197,MEDIA,2,2026-05-04
572,Distribuidora Central ME,10000572000104,ME,13,2025-06-09
573,Distribuidora Norte S.A.,10000573000111,MEI,11,2025-04-13
574,Papelaria Oeste e Cia,10000574000118,MEI,10,2025-07-08
575,Servicos Litoral e Cia,10000575000125,ME,16,2025-05-06
576,Comercial Central Ltda,10000576000132,MEI,5,2025-06-27
577,Alimentos Silva S.A.,10000577000139,EPP,1,2026-01-08
578,Distribuidora Souza e Cia,10000578000146,MEDIA,10,2025-08-03
579,Comercial Souza ME,10000579000153,MEI,16,2026-04-17
580,Transportes Central ME,10000580000160,ME,8,2026-01-18
581,Papelaria Silva e Cia,10000581000167,MEI,3,2026-02-24
582,Distribuidora Norte e Cia,10000582000174,MEI,13,2025-12-06
583,Servicos Oeste ME,10000583000181,EPP,5,2026-04-20
584,Alimentos Oeste S.A.,10000584000188,MEI,13,2025-02-08
585,Industria Norte Ltda,10000585000195,MEI,7,2025-03-26
586,Construtora Oeste S.A.,10000586000102,MEI,15,2025-07-03
587,Construtora Oeste S.A.,10000587000109,MEI,7,2025-03-03
588,Industria Litoral ME,10000588000116,EPP,3,2025-12-23
589,Servicos Oeste EIRELI,10000589000123,MEI,2,2025-05-08
590,Tecnologia Norte Ltda,10000590000130,ME,12,2025-05-14
591,Comercial Central S.A.,10000591000137,ME,6,2025-10-09
592,Distribuidora Central Ltda,10000592000144,EPP,8,2025-03-13
593,Comercial Silva EIRELI,10000593000151,MEI,4,2026-02-26
594,Alimentos Litoral Ltda,10000594000158,ME,13,2025-05-13
595,Comercial Silva EIRELI,10000595000165,EPP,3,2025-08-16
596,Distribuidora Oeste Ltda,10000596000172,MEI,5,2025-08-25
597,Industria Norte S.A.,10000597000179,EPP,2,2025-07-22
598,Comercial Central S.A.,10000598000186,MEI,16,2025-04-20
599,Confeccoes Oeste S.A.,10000599000193,EPP,6,2025-01-18
600,Confeccoes Central S.A.,10000600000100,EPP,8,2025-09-03
601,Distribuidora Oeste S.A.,10000601000107,MEI,2,2025-04-13
602,Transportes Silva S.A.,10000602000114,ME,8,2025-07-03
603,Transportes Central ME,10000603000121,EPP,16,2025-09-15
604,Tecnologia Oeste EIRELI,10000604000128,MEI,11,2025-11-02
605,Comercial Oeste Ltda,10000605000135,EPP,8,2025-08-30
606,Papelaria Souza EIRELI,10000606000142,MEI,12,2025-12-03
607,Confeccoes Norte Ltda,10000607000149,ME,8,2026-05-01
608,Papelaria Central ME,10000608000156,EPP,8,2026-03-09
609,Industria Souza e Cia,10000609000163,MEI,6,2026-01-13
610,Papelaria Silva ME,10000610000170,EPP,12,2025-10-16
611,Papelaria Souza S.A.,10000611000177,ME,5,2025-03-31
612,Comercial Silva Ltda,10000612000184,MEI,16,2025-04-23
613,Transportes Central Ltda,10000613000191,MEI,1,2025-11-11
614,Industria Oeste EIRELI,10000614000198,EPP,7,2026-03-09
615,Comercial Silva EIRELI,10000615000105,ME,11,2026-04-15
616,Distribuidora Norte ME,10000616000112,MEDIA,5,2025-07-11
617,Papelaria Silva ME,10000617000119,MEI,13,2025-03-11
618,Tecnologia Litoral S.A.,10000618000126,ME,6,2025-03-31
619,Servicos Litoral e Cia,10000619000133,EPP,12,2025-07-13
620,Confeccoes Souza EIRELI,10000620000140,ME,10,2026-05-01
621,Papelaria Silva EIRELI,10000621000147,ME,13,2026-04-17
622,Papelaria Silva S.A.,10000622000154,MEI,8,2026-01-17
623,Servicos Oeste ME,10000623000161,MEI,3,2026-03-30
624,Alimentos Central Ltda,10000624000168,MEI,3,2025-05-08
625,Alimentos Oeste Ltda,10000625000175,ME,3,2025-01-25
626,Construtora Litoral S.A.,10000626000182,MEDIA,13,2026-03-29
627,Construtora Central ME,10000627000189,ME,14,2025-02-21
628,Papelaria Litoral EIRELI,10000628000196,MEI,16,2025-02-07
629,Confeccoes Silva ME,10000629000103,MEI,2,2025-02-23
630,Alimentos Souza S.A.,10000630000110,MEI,3,2025-02-08
631,Alimentos Norte e Cia,10000631000117,EPP,3,2025-12-27
632,Tecnologia Litoral EIRELI,10000632000124,ME,1,2025-08-11
633,Comercial Silva ME,10000633000131,MEI,6,2025-04-08
634,Transportes Litoral e Cia,10000634000138,MEI,14,2025-05-25
635,Servicos Silva Ltda,10000635000145,MEI,10,2025-10-09
636,Industria Silva ME,10000636000152,MEI,16,2025-02-14
637,Papelaria Central EIRELI,10000637000159,MEI,10,2025-04-16
638,Confeccoes Silva S.A.,10000638000166,EPP,6,2025-06-07
639,Construtora Central ME,10000639000173,MEI,13,2025-10-06
640,Industria Oeste S.A.,10000640000180,MEI,13,2025-08-17
641,Confeccoes Central S.A.,10000641000187,MEI,2,2026-03-05
642,Papelaria Silva EIRELI,10000642000194,ME,9,2025-12-08
643,Distribuidora Litoral ME,10000643000101,EPP,4,2025-07-31
644,Transportes Silva S.A.,10000644000108,EPP,8,2025-08-03
645,Papelaria Souza S.A.,10000645000115,MEI,16,2025-07-22
646,Transportes Norte e Cia,10000646000122,EPP,2,2025-12-13
647,Distribuidora Central EIRELI,10000647000129,EPP,5,2025-03-27
648,Servicos Souza Ltda,10000648000136,MEI,7,2025-12-16
649,Servicos Litoral EIRELI,10000649000143,EPP,14,2025-05-13
650,Distribuidora Silva S.A.,10000650000150,ME,11,2025-10-10
651,Confeccoes Norte S.A.,10000651000157,EPP,11,2025-01-07
652,Distribuidora Central EIRELI,10000652000164,MEI,14,2025-10-29
653,Distribuidora Norte Ltda,10000653000171,ME,4,2026-03-21
654,Tecnologia Oeste S.A.,10000654000178,ME,12,2025-10-20
655,Comercial Souza ME,10000655000185,MEI,16,2025-11-13
656,Comercial Central ME,10000656000192,ME,13,2025-01-26
657,Confeccoes Oeste Ltda,10000657000199,MEI,16,2026-02-11
658,Confeccoes Oeste S.A.,10000658000106,EPP,10,2025-12-17
659,Servicos Souza ME,10000659000113,MEDIA,4,2025-08-15
660,Confeccoes Litoral S.A.,10000660000120,ME,11,2025-02-15
661,Construtora Souza S.A.,10000661000127,ME,7,2026-01-24
662,Comercial Norte EIRELI,10000662000134,MEI,12,2025-12-30
663,Industria Norte e Cia,10000663000141,MEI,13,2025-04-09
664,Comercial Souza Ltda,10000664000148,ME,7,2026-04-16
665,Servicos Oeste ME,10000665000155,EPP,12,2025-09-16
666,Distribuidora Litoral Ltda,10000666000162,MEI,13,2025-09-08
667,Industria Central e Cia,10000667000169,ME,15,2025-06-26
668,Confeccoes Litoral Ltda,10000668000176,MEI,6,2025-07-17
669,Industria Norte EIRELI,10000669000183,EPP,2,2025-11-28
670,Servicos Oeste S.A.,10000670000190,ME,8,2026-03-19
671,Construtora Souza EIRELI,10000671000197,ME,1,2025-01-05
672,Confeccoes Norte ME,10000672000104,ME,8,2025-12-30
673,Tecnologia Central ME,10000673000111,ME,9,2025-04-22
674,Confeccoes Litoral e Cia,10000674000118,EPP,15,2025-07-23
675,Comercial Norte ME,10000675000125,ME,4,2025-11-01
676,Confeccoes Litoral Ltda,10000676000132,ME,10,2025-06-22
677,Alimentos Oeste ME,10000677000139,ME,9,2026-05-03
678,Servicos Souza e Cia,10000678000146,ME,10,2026-04-06
679,Papelaria Central ME,10000679000153,ME,2,2026-01-05
680,Construtora Oeste ME,10000680000160,EPP,1,2025-07-27
681,Comercial Norte e Cia,10000681000167,EPP,13,2025-06-25
682,Transportes Litoral S.A.,10000682000174,EPP,8,2025-12-10
683,Transportes Oeste EIRELI,10000683000181,EPP,12,2026-03-25
684,Confeccoes Silva S.A.,10000684000188,MEI,6,2025-05-13
685,Alimentos Litoral Ltda,10000685000195,MEI,6,2025-04-25
686,Tecnologia Oeste ME,10000686000102,MEI,10,2025-05-31
687,Distribuidora Central Ltda,10000687000109,EPP,15,2025-10-26
688,Construtora Souza e Cia,10000688000116,MEI,3,2025-12-15
689,Transportes Oeste S.A.,10000689000123,MEI,13,2026-03-14
690,Industria Souza ME,10000690000130,MEI,5,2025-10-19
691,Industria Oeste EIRELI,10000691000137,ME,15,2025-09-07
692,Industria Oeste Ltda,10000692000144,MEI,11,2025-05-21
693,Industria Norte EIRELI,10000693000151,ME,7,2026-01-26
694,Industria Norte S.A.,10000694000158,ME,3,2025-07-26
695,Construtora Central Ltda,10000695000165,MEI,14,2025-04-13
696,Comercial Oeste e Cia,10000696000172,MEI,12,2025-12-13
697,Servicos Souza ME,10000697000179,MEI,1,2025-02-22
698,Transportes Norte ME,10000698000186,MEI,13,2026-02-26
699,Confeccoes Oeste S.A.,10000699000193,ME,2,2025-11-02
700,Tecnologia Litoral EIRELI,10000700000100,MEI,11,2026-04-07
701,Alimentos Souza EIRELI,10000701000107,EPP,16,2026-04-16
702,Comercial Souza EIRELI,10000702000114,ME,13,2025-03-09
703,Comercial Norte e Cia,10000703000121,MEI,7,2025-07-07
704,Tecnologia Litoral ME,10000704000128,ME,2,2025-11-16
705,Papelaria Silva Ltda,10000705000135,ME,2,2025-01-11
706,Distribuidora Central S.A.,10000706000142,MEI,2,2025-10-08
707,Construtora Litoral EIRELI,10000707000149,MEI,9,2025-12-18
708,Confeccoes Central Ltda,10000708000156,ME,1,2025-05-19
709,Tecnologia Silva e Cia,10000709000163,ME,5,2025-03-02
710,Distribuidora Silva S.A.,10000710000170,MEI,10,2025-04-13
711,Transportes Souza ME,10000711000177,ME,9,2025-06-01
712,Comercial Norte S.A.,10000712000184,EPP,6,2025-12-19
713,Alimentos Souza Ltda,10000713000191,MEI,16,2025-02-15
714,Papelaria Litoral S.A.,10000714000198,MEI,4,2025-02-16
715,Distribuidora Oeste EIRELI,10000715000105,ME,3,2026-05-16
716,Confeccoes Central Ltda,10000716000112,MEI,10,2025-03-31
717,Confeccoes Oeste ME,10000717000119,MEI,2,2025-03-01
718,Comercial Silva EIRELI,10000718000126,ME,4,2025-03-29
719,Alimentos Central e Cia,10000719000133,MEI,11,2026-01-11
720,Alimentos Oeste EIRELI,10000720000140,MEI,3,2025-07-24
721,Confeccoes Central S.A.,10000721000147,ME,15,2025-11-29
722,Distribuidora Souza Ltda,10000722000154,MEDIA,6,2026-03-09
723,Distribuidora Central e Cia,10000723000161,ME,6,2025-10-19
724,Industria Norte S.A.,10000724000168,ME,15,2025-11-10
725,Industria Central S.A.,10000725000175,MEI,1,2025-07-30
726,Comercial Silva ME,10000726000182,ME,15,2025-01-07
727,Alimentos Norte e Cia,10000727000189,ME,8,2025-11-13
728,Tecnologia Litoral EIRELI,10000728000196,ME,4,2025-12-06
729,Industria Norte e Cia,10000729000103,MEI,13,2025-11-26
730,Transportes Central S.A.,10000730000110,EPP,6,2025-02-08
731,Alimentos Souza ME,10000731000117,MEDIA,16,2025-01-26
732,Transportes Litoral S.A.,10000732000124,MEI,8,2025-05-01
733,Construtora Central e Cia,10000733000131,MEI,3,2026-03-15
734,Construtora Oeste Ltda,10000734000138,MEDIA,16,2026-01-17
735,Distribuidora Central S.A.,10000735000145,MEI,1,2025-10-09
736,Distribuidora Norte e Cia,10000736000152,ME,1,2026-04-01
737,Construtora Oeste ME,10000737000159,EPP,7,2026-02-23
738,Construtora Oeste e Cia,10000738000166,ME,8,2025-11-04
739,Alimentos Litoral S.A.,10000739000173,MEI,16,2026-01-24
740,Comercial Oeste ME,10000740000180,EPP,8,2026-05-09
741,Transportes Norte ME,10000741000187,ME,10,2025-01-24
742,Construtora Souza S.A.,10000742000194,MEI,6,2025-11-09
743,Servicos Silva S.A.,10000743000101,MEI,7,2026-02-27
744,Alimentos Silva S.A.,10000744000108,MEI,7,2025-11-21
745,Construtora Central e Cia,10000745000115,MEDIA,4,2025-03-10
746,Comercial Norte Ltda,10000746000122,ME,16,2025-08-10
747,Transportes Souza e Cia,10000747000129,MEI,16,2026-02-22
748,Distribuidora Central e Cia,10000748000136,ME,5,2025-06-14
749,Tecnologia Norte EIRELI,10000749000143,MEI,13,2026-05-09
750,Confeccoes Central EIRELI,10000750000150,MEI,11,2025-11-05
751,Transportes Oeste e Cia,10000751000157,ME,10,2025-04-13
752,Papelaria Litoral ME,10000752000164,ME,7,2026-04-17
753,Industria Norte e Cia,10000753000171,ME,5,2025-06-15
754,Alimentos Norte S.A.,10000754000178,ME,4,2026-04-28
755,Transportes Oeste S.A.,10000755000185,EPP,14,2025-09-25
756,Comercial Central EIRELI,10000756000192,MEI,4,2025-01-29
757,Confeccoes Souza ME,10000757000199,ME,7,2025-03-16
758,Confeccoes Souza e Cia,10000758000106,MEI,2,2026-02-21
759,Distribuidora Norte e Cia,10000759000113,EPP,15,2026-01-16
760,Servicos Norte ME,10000760000120,ME,13,2025-01-25
761,Tecnologia Central ME,10000761000127,MEDIA,13,2025-01-28
762,Confeccoes Souza e Cia,10000762000134,EPP,1,2026-03-17
763,Servicos Litoral ME,10000763000141,ME,15,2025-10-07
764,Servicos Oeste S.A.,10000764000148,MEI,7,2025-12-16
765,Industria Souza e Cia,10000765000155,MEI,3,2025-01-21
766,Confeccoes Norte ME,10000766000162,MEI,14,2025-10-27
767,Comercial Oeste S.A.,10000767000169,ME,9,2025-03-21
768,Industria Oeste e Cia,10000768000176,MEI,2,2026-04-23
769,Construtora Norte e Cia,10000769000183,MEI,10,2026-02-06
770,Transportes Souza EIRELI,10000770000190,ME,11,2026-02-07
771,Tecnologia Norte e Cia,10000771000197,MEI,6,2025-06-28
772,Servicos Litoral ME,10000772000104,MEI,8,2025-05-31
773,Papelaria Norte S.A.,10000773000111,GRANDE,7,2026-02-26
774,Distribuidora Litoral ME,10000774000118,MEI,1,2026-04-09
775,Comercial Litoral ME,10000775000125,MEI,8,2026-02-12
776,Tecnologia Oeste e Cia,10000776000132,ME,4,2025-01-13
777,Transportes Norte S.A.,10000777000139,ME,12,2025-06-01
778,Alimentos Norte Ltda,10000778000146,EPP,7,2025-03-27
779,Distribuidora Souza EIRELI,10000779000153,EPP,1,2025-08-06
780,Servicos Norte S.A.,10000780000160,ME,4,2026-04-27
781,Industria Silva S.A.,10000781000167,ME,3,2025-01-20
782,Distribuidora Silva EIRELI,10000782000174,ME,3,2025-10-13
783,Papelaria Souza ME,10000783000181,MEI,3,2025-08-19
784,Tecnologia Oeste Ltda,10000784000188,MEI,13,2025-03-02
785,Papelaria Silva e Cia,10000785000195,MEI,1,2026-03-11
786,Alimentos Norte Ltda,10000786000102,MEI,3,2025-12-18
787,Papelaria Silva ME,10000787000109,ME,10,2025-08-13
788,Tecnologia Litoral Ltda,10000788000116,ME,13,2025-10-01
789,Industria Litoral S.A.,10000789000123,ME,8,2026-03-11
790,Industria Oeste ME,10000790000130,MEDIA,10,2025-01-06
791,Distribuidora Silva Ltda,10000791000137,ME,5,2025-07-21
792,Confeccoes Souza ME,10000792000144,MEI,3,2026-04-09
793,Industria Souza EIRELI,10000793000151,ME,5,2025-05-10
794,Distribuidora Souza e Cia,10000794000158,EPP,7,2026-03-12
795,Transportes Silva ME,10000795000165,ME,15,2025-05-09
796,Servicos Litoral e Cia,10000796000172,ME,4,2025-06-19
797,Industria Litoral EIRELI,10000797000179,MEI,12,2025-11-14
798,Servicos Oeste S.A.,10000798000186,ME,3,2025-11-12
799,Papelaria Souza e Cia,10000799000193,ME,10,2026-02-18
800,Tecnologia Souza Ltda,10000800000100,MEI,11,2026-02-07
801,Tecnologia Oeste ME,10000801000107,MEI,8,2026-01-11
802,Construtora Central S.A.,10000802000114,MEI,11,2025-06-06
803,Transportes Silva EIRELI,10000803000121,ME,16,2025-02-11
804,Industria Norte EIRELI,10000804000128,MEI,9,2026-03-30
805,Distribuidora Silva e Cia,10000805000135,ME,3,2026-02-21
806,Papelaria Souza Ltda,10000806000142,ME,13,2025-10-06
807,Industria Oeste S.A.,10000807000149,MEI,16,2026-01-31
808,Industria Central e Cia,10000808000156,ME,10,2025-07-23
809,Transportes Silva EIRELI,10000809000163,EPP,12,2026-02-17
810,Transportes Souza S.A.,10000810000170,MEI,6,2025-10-17
811,Construtora Oeste Ltda,10000811000177,MEI,5,2025-09-07
812,Distribuidora Oeste ME,10000812000184,MEI,8,2025-12-09
813,Transportes Oeste S.A.,10000813000191,ME,7,2025-08-21
814,Comercial Litoral ME,10000814000198,MEI,2,2026-05-11
815,Confeccoes Norte e Cia,10000815000105,ME,9,2025-07-12
816,Alimentos Norte Ltda,10000816000112,ME,13,2025-07-12
817,Transportes Central ME,10000817000119,EPP,8,2025-06-26
818,Construtora Norte Ltda,10000818000126,ME,16,2025-03-13
819,Industria Souza Ltda,10000819000133,ME,15,2025-05-24
820,Industria Souza EIRELI,10000820000140,MEI,7,2026-01-03
821,Servicos Central ME,10000821000147,ME,4,2025-09-04
822,Construtora Souza e Cia,10000822000154,MEI,16,2026-03-03
823,Comercial Souza Ltda,10000823000161,MEI,14,2025-10-31
824,Industria Litoral e Cia,10000824000168,MEI,6,2025-10-21
825,Comercial Souza ME,10000825000175,EPP,5,2025-09-22
826,Papelaria Norte Ltda,10000826000182,EPP,13,2026-01-08
827,Distribuidora Souza S.A.,10000827000189,ME,10,2025-08-30
828,Industria Souza S.A.,10000828000196,ME,16,2026-02-11
829,Papelaria Litoral e Cia,10000829000103,MEI,6,2026-01-06
830,Construtora Norte e Cia,10000830000110,MEI,11,2025-07-13
831,Industria Silva Ltda,10000831000117,MEI,13,2026-03-17
832,Industria Norte Ltda,10000832000124,MEI,14,2026-04-07
833,Transportes Norte Ltda,10000833000131,MEI,2,2025-12-04
834,Papelaria Norte Ltda,10000834000138,EPP,5,2026-02-01
835,Transportes Central ME,10000835000145,EPP,14,2025-12-24
836,Servicos Central S.A.,10000836000152,MEI,14,2026-02-16
837,Tecnologia Souza ME,10000837000159,ME,4,2025-04-30
838,Confeccoes Norte e Cia,10000838000166,MEI,3,2025-04-07
839,Comercial Norte e Cia,10000839000173,MEI,1,2025-01-04
840,Servicos Litoral ME,10000840000180,MEI,13,2025-02-24
841,Tecnologia Litoral e Cia,10000841000187,MEI,5,2026-03-14
842,Papelaria Oeste e Cia,10000842000194,MEI,14,2025-12-15
843,Servicos Central e Cia,10000843000101,ME,13,2025-09-05
844,Alimentos Norte e Cia,10000844000108,ME,6,2025-06-07
845,Tecnologia Litoral EIRELI,10000845000115,EPP,12,2025-12-04
846,Servicos Central EIRELI,10000846000122,MEI,4,2025-09-18
847,Alimentos Norte e Cia,10000847000129,ME,13,2025-12-28
848,Industria Central Ltda,10000848000136,EPP,2,2026-02-26
849,Construtora Norte S.A.,10000849000143,MEI,5,2025-05-15
850,Alimentos Silva e Cia,10000850000150,MEI,8,2025-07-16
851,Papelaria Litoral e Cia,10000851000157,MEI,13,2026-05-09
852,Industria Litoral S.A.,10000852000164,MEI,2,2025-04-14
853,Servicos Silva e Cia,10000853000171,ME,10,2025-12-24
854,Papelaria Souza Ltda,10000854000178,MEI,8,2025-12-02
855,Industria Silva ME,10000855000185,ME,1,2025-06-30
856,Tecnologia Norte EIRELI,10000856000192,ME,13,2026-01-13
857,Distribuidora Norte ME,10000857000199,ME,3,2025-10-14
858,Alimentos Oeste EIRELI,10000858000106,ME,12,2025-04-10
859,Tecnologia Norte Ltda,10000859000113,MEI,15,2025-07-28
860,Transportes Silva e Cia,10000860000120,MEI,4,2026-04-30
861,Transportes Oeste e Cia,10000861000127,EPP,4,2025-10-22
862,Construtora Central e Cia,10000862000134,ME,9,2025-05-05
863,Construtora Litoral S.A.,10000863000141,EPP,11,2026-03-18
864,Construtora Silva ME,10000864000148,MEI,1,2025-11-21
865,Servicos Oeste S.A.,10000865000155,MEDIA,8,2025-09-22
866,Confeccoes Souza ME,10000866000162,MEI,1,2025-12-11
867,Distribuidora Norte EIRELI,10000867000169,ME,11,2025-07-01
868,Papelaria Oeste EIRELI,10000868000176,EPP,7,2025-12-16
869,Construtora Litoral EIRELI,10000869000183,MEI,7,2025-05-04
870,Servicos Souza EIRELI,10000870000190,EPP,9,2026-03-05
871,Industria Silva Ltda,10000871000197,EPP,12,2025-12-13
872,Papelaria Silva e Cia,10000872000104,MEDIA,16,2026-03-11
873,Alimentos Norte ME,10000873000111,ME,16,2026-03-28
874,Construtora Souza e Cia,10000874000118,MEI,9,2025-04-24
875,Comercial Norte S.A.,10000875000125,ME,5,2025-10-04
876,Transportes Oeste S.A.,10000876000132,EPP,2,2026-02-02
877,Construtora Silva e Cia,10000877000139,ME,6,2025-12-19
878,Comercial Litoral EIRELI,10000878000146,MEI,1,2025-02-21
879,Alimentos Norte ME,10000879000153,MEI,11,2025-05-15
880,Confeccoes Central e Cia,10000880000160,MEI,8,2025-04-05
881,Tecnologia Souza S.A.,10000881000167,ME,16,2025-07-10
882,Tecnologia Oeste S.A.,10000882000174,MEI,12,2025-03-09
883,Distribuidora Litoral ME,10000883000181,EPP,8,2025-10-12
884,Tecnologia Souza EIRELI,10000884000188,EPP,14,2026-01-14
885,Construtora Silva EIRELI,10000885000195,MEI,5,2025-03-10
886,Construtora Oeste ME,10000886000102,ME,11,2025-10-18
887,Tecnologia Silva EIRELI,10000887000109,MEI,2,2026-02-21
888,Construtora Litoral Ltda,10000888000116,MEI,9,2025-06-21
889,Alimentos Oeste e Cia,10000889000123,ME,9,2026-02-19
890,Alimentos Silva S.A.,10000890000130,MEI,9,2026-03-21
891,Papelaria Norte e Cia,10000891000137,MEI,7,2026-02-04
892,Alimentos Oeste e Cia,10000892000144,ME,10,2026-01-13
893,Distribuidora Central e Cia,10000893000151,MEI,15,2025-11-20
894,Industria Litoral ME,10000894000158,MEI,5,2025-11-10
895,Distribuidora Silva EIRELI,10000895000165,MEI,13,2025-06-10
896,Confeccoes Litoral ME,10000896000172,ME,11,2025-07-22
897,Construtora Oeste e Cia,10000897000179,ME,9,2025-08-19
898,Industria Souza Ltda,10000898000186,MEI,14,2025-05-01
899,Distribuidora Souza EIRELI,10000899000193,MEI,9,2025-02-18
900,Construtora Norte Ltda,10000900000100,MEI,3,2025-07-23
901,Distribuidora Oeste e Cia,10000901000107,MEI,3,2025-12-02
902,Confeccoes Souza EIRELI,10000902000114,ME,13,2025-08-15
903,Industria Norte EIRELI,10000903000121,MEI,5,2025-12-06
904,Alimentos Central S.A.,10000904000128,MEDIA,12,2025-10-04
905,Transportes Central EIRELI,10000905000135,MEDIA,9,2025-12-24
906,Papelaria Norte S.A.,10000906000142,ME,6,2025-11-22
907,Transportes Litoral e Cia,10000907000149,MEI,14,2025-06-27
908,Transportes Souza Ltda,10000908000156,MEI,16,2025-07-07
909,Confeccoes Souza ME,10000909000163,MEI,14,2025-09-25
910,Alimentos Oeste S.A.,10000910000170,ME,5,2025-12-19
911,Construtora Oeste Ltda,10000911000177,ME,16,2026-02-13
912,Papelaria Souza Ltda,10000912000184,ME,10,2025-04-07
913,Transportes Central S.A.,10000913000191,MEI,14,2026-01-02
914,Tecnologia Souza ME,10000914000198,MEI,13,2025-11-17
915,Transportes Norte ME,10000915000105,MEI,8,2026-01-16
916,Tecnologia Souza Ltda,10000916000112,MEI,9,2025-05-29
917,Construtora Norte S.A.,10000917000119,MEI,4,2025-11-15
918,Servicos Oeste Ltda,10000918000126,MEI,16,2026-05-12
919,Industria Silva ME,10000919000133,MEI,1,2026-01-02
920,Comercial Souza Ltda,10000920000140,MEI,15,2025-09-10
921,Alimentos Central ME,10000921000147,ME,7,2025-09-13
922,Construtora Litoral Ltda,10000922000154,MEI,12,2026-03-08
923,Comercial Oeste S.A.,10000923000161,MEI,5,2025-08-29
924,Servicos Oeste S.A.,10000924000168,EPP,6,2025-03-04
925,Tecnologia Central EIRELI,10000925000175,ME,8,2025-01-18
926,Construtora Litoral Ltda,10000926000182,ME,7,2025-04-17
927,Tecnologia Litoral ME,10000927000189,EPP,16,2025-03-23
928,Transportes Norte Ltda,10000928000196,MEI,2,2025-11-23
929,Servicos Oeste Ltda,10000929000103,EPP,10,2025-04-22
930,Servicos Litoral S.A.,10000930000110,MEI,4,2025-03-27
931,Papelaria Silva S.A.,10000931000117,ME,9,2025-01-05
932,Papelaria Litoral S.A.,10000932000124,ME,2,2025-03-21
933,Distribuidora Souza EIRELI,10000933000131,ME,12,2025-12-18
934,Comercial Silva ME,10000934000138,ME,11,2025-12-26
935,Industria Central EIRELI,10000935000145,MEI,4,2025-10-13
936,Construtora Litoral EIRELI,10000936000152,MEI,12,2025-07-13
937,Industria Oeste Ltda,10000937000159,ME,12,2025-08-13
938,Transportes Litoral S.A.,10000938000166,MEI,10,2025-04-06
939,Alimentos Litoral S.A.,10000939000173,MEI,12,2026-03-02
940,Distribuidora Norte EIRELI,10000940000180,MEI,6,2026-02-24
941,Transportes Oeste S.A.,10000941000187,MEI,9,2025-11-23
942,Industria Silva e Cia,10000942000194,EPP,13,2026-02-02
943,Alimentos Litoral Ltda,10000943000101,ME,8,2025-10-03
944,Servicos Norte S.A.,10000944000108,ME,13,2025-03-20
945,Alimentos Central ME,10000945000115,MEI,10,2025-09-25
946,Comercial Souza EIRELI,10000946000122,EPP,3,2025-04-14
947,Construtora Souza Ltda,10000947000129,MEI,4,2025-11-25
948,Construtora Norte e Cia,10000948000136,ME,13,2025-05-12
949,Alimentos Souza e Cia,10000949000143,ME,2,2025-01-07
950,Construtora Silva S.A.,10000950000150,EPP,7,2025-02-01
951,Transportes Litoral S.A.,10000951000157,EPP,12,2026-02-11
952,Papelaria Oeste e Cia,10000952000164,MEI,2,2025-02-06
953,Distribuidora Souza e Cia,10000953000171,MEI,10,2026-01-07
954,Transportes Central EIRELI,10000954000178,MEI,8,2025-12-03
955,Papelaria Litoral EIRELI,10000955000185,ME,8,2025-10-13
956,Distribuidora Litoral e Cia,10000956000192,MEI,14,2025-08-23
957,Distribuidora Souza EIRELI,10000957000199,ME,14,2025-09-16
958,Industria Norte e Cia,10000958000106,MEI,11,2025-06-30
959,Transportes Oeste ME,10000959000113,MEI,11,2025-11-21
960,Alimentos Norte EIRELI,10000960000120,ME,14,2025-04-20
961,Transportes Litoral ME,10000961000127,MEI,13,2025-08-20
962,Tecnologia Silva Ltda,10000962000134,MEDIA,15,2025-11-02
963,Transportes Souza ME,10000963000141,MEI,1,2025-04-24
964,Alimentos Silva ME,10000964000148,EPP,7,2025-09-19
965,Distribuidora Silva S.A.,10000965000155,MEI,5,2025-03-12
966,Alimentos Norte EIRELI,10000966000162,MEI,9,2026-02-20
967,Distribuidora Norte S.A.,10000967000169,ME,10,2025-04-22
968,Alimentos Central EIRELI,10000968000176,ME,3,2026-04-06
969,Papelaria Litoral ME,10000969000183,MEI,4,2026-02-18
970,Distribuidora Silva ME,10000970000190,MEI,13,2026-02-23
971,Tecnologia Silva EIRELI,10000971000197,ME,14,2026-03-11
972,Tecnologia Silva ME,10000972000104,ME,1,2025-06-13
973,Alimentos Norte EIRELI,10000973000111,MEI,5,2025-12-11
974,Construtora Norte e Cia,10000974000118,ME,13,2025-04-24
975,Confeccoes Central EIRELI,10000975000125,MEI,14,2025-02-12
976,Papelaria Litoral Ltda,10000976000132,ME,16,2025-05-15
977,Tecnologia Norte S.A.,10000977000139,ME,3,2025-03-08
978,Construtora Norte EIRELI,10000978000146,ME,5,2025-11-30
979,Transportes Norte e Cia,10000979000153,MEI,7,2025-02-06
980,Tecnologia Oeste e Cia,10000980000160,MEI,9,2025-12-10
981,Tecnologia Oeste ME,10000981000167,MEI,14,2025-06-26
982,Confeccoes Souza ME,10000982000174,ME,1,2026-02-16
983,Papelaria Souza S.A.,10000983000181,MEI,15,2026-02-23
984,Servicos Litoral ME,10000984000188,MEI,8,2026-01-08
985,Distribuidora Litoral Ltda,10000985000195,MEI,3,2025-11-14
986,Confeccoes Silva ME,10000986000102,ME,5,2025-02-26
987,Construtora Central Ltda,10000987000109,MEI,10,2026-01-14
988,Servicos Norte e Cia,10000988000116,ME,7,2025-10-08
989,Papelaria Litoral EIRELI,10000989000123,ME,16,2025-12-09
990,Tecnologia Norte e Cia,10000990000130,MEI,1,2025-03-29
991,Confeccoes Souza e Cia,10000991000137,MEI,2,2025-08-27
992,Distribuidora Central ME,10000992000144,ME,1,2026-04-13
993,Distribuidora Silva ME,10000993000151,EPP,12,2025-11-29
994,Servicos Central e Cia,10000994000158,MEDIA,13,2025-02-20
995,Construtora Norte e Cia,10000995000165,MEI,11,2025-04-12
996,Transportes Litoral Ltda,10000996000172,MEI,15,2026-04-18
997,Alimentos Central S.A.,10000997000179,ME,10,2025-01-10
998,Alimentos Oeste ME,10000998000186,MEI,12,2026-05-16
999,Comercial Litoral ME,10000999000193,EPP,9,2026-04-01
1000,Transportes Oeste EIRELI,10001000000100,MEI,1,2026-04-05
1001,Industria Silva S.A.,10001001000107,ME,13,2025-12-14
1002,Tecnologia Souza e Cia,10001002000114,MEI,8,2026-05-12
1003,Papelaria Oeste S.A.,10001003000121,ME,10,2025-04-16
1004,Papelaria Norte EIRELI,10001004000128,EPP,5,2025-06-08
1005,Tecnologia Souza e Cia,10001005000135,EPP,5,2025-06-12
1006,Transportes Norte Ltda,10001006000142,MEI,3,2026-03-06
1007,Comercial Oeste S.A.,10001007000149,MEDIA,5,2025-06-05
1008,Confeccoes Souza EIRELI,10001008000156,MEI,15,2025-04-05
1009,Papelaria Norte ME,10001009000163,ME,1,2025-11-10
1010,Papelaria Souza EIRELI,10001010000170,ME,8,2025-07-03
1011,Construtora Souza e Cia,10001011000177,EPP,3,2025-08-29
1012,Industria Central S.A.,10001012000184,ME,12,2025-03-25
1013,Servicos Silva S.A.,10001013000191,ME,7,2025-01-08
1014,Tecnologia Souza EIRELI,10001014000198,ME,9,2025-02-03
1015,Construtora Norte S.A.,10001015000105,ME,6,2026-03-20
1016,Servicos Central S.A.,10001016000112,ME,15,2025-11-08
1017,Alimentos Central e Cia,10001017000119,EPP,13,2025-10-20
1018,Transportes Silva S.A.,10001018000126,ME,2,2026-03-26
1019,Servicos Norte e Cia,10001019000133,MEI,2,2026-01-12
1020,Transportes Central e Cia,10001020000140,ME,2,2026-05-08
1021,Servicos Oeste S.A.,10001021000147,MEI,2,2025-06-05
1022,Construtora Souza S.A.,10001022000154,MEI,10,2026-04-16
1023,Transportes Souza S.A.,10001023000161,EPP,2,2025-08-20
1024,Transportes Silva EIRELI,10001024000168,ME,3,2026-04-26
1025,Tecnologia Central ME,10001025000175,ME,5,2025-04-02
1026,Papelaria Litoral EIRELI,10001026000182,EPP,15,2025-02-16
1027,Alimentos Litoral EIRELI,10001027000189,ME,9,2025-03-05
1028,Distribuidora Litoral S.A.,10001028000196,ME,3,2025-02-13
1029,Transportes Norte EIRELI,10001029000103,MEI,13,2025-07-14
1030,Industria Oeste e Cia,10001030000110,EPP,2,2026-03-18
1031,Industria Souza EIRELI,10001031000117,ME,5,2025-01-27
1032,Confeccoes Oeste S.A.,10001032000124,MEI,14,2025-04-03
1033,Industria Souza Ltda,10001033000131,ME,4,2025-05-10
1034,Construtora Central S.A.,10001034000138,ME,1,2025-01-03
1035,Servicos Souza e Cia,10001035000145,ME,16,2025-08-21
1036,Construtora Silva e Cia,10001036000152,ME,14,2025-05-06
1037,Papelaria Litoral e Cia,10001037000159,EPP,9,2025-04-17
1038,Industria Souza Ltda,10001038000166,ME,2,2025-01-19
1039,Comercial Litoral e Cia,10001039000173,EPP,5,2025-06-02
1040,Distribuidora Silva Ltda,10001040000180,MEI,11,2025-04-02
1041,Confeccoes Norte e Cia,10001041000187,ME,6,2025-10-15
1042,Construtora Litoral e Cia,10001042000194,MEI,6,2025-01-19
1043,Confeccoes Oeste ME,10001043000101,EPP,3,2026-02-24
1044,Tecnologia Norte Ltda,10001044000108,MEI,3,2025-03-10
1045,Confeccoes Oeste e Cia,10001045000115,MEI,4,2025-04-18
1046,Papelaria Silva Ltda,10001046000122,ME,7,2025-11-19
1047,Construtora Litoral e Cia,10001047000129,EPP,3,2025-12-28
1048,Tecnologia Norte ME,10001048000136,MEI,10,2025-10-22
1049,Industria Norte e Cia,10001049000143,ME,12,2026-01-09
1050,Construtora Souza e Cia,10001050000150,MEI,16,2025-05-29
1051,Comercial Silva Ltda,10001051000157,ME,7,2026-02-12
1052,Servicos Norte S.A.,10001052000164,MEI,4,2025-06-20
1053,Transportes Litoral EIRELI,10001053000171,MEI,12,2025-04-14
1054,Confeccoes Silva ME,10001054000178,MEI,10,2025-10-09
1055,Comercial Silva ME,10001055000185,MEI,11,2026-01-06
1056,Industria Souza ME,10001056000192,EPP,1,2026-04-18
1057,Construtora Silva EIRELI,10001057000199,ME,16,2025-11-18
1058,Transportes Oeste S.A.,10001058000106,ME,15,2025-07-31
1059,Transportes Oeste e Cia,10001059000113,ME,2,2025-06-11
1060,Servicos Norte ME,10001060000120,ME,1,2026-03-31
1061,Distribuidora Souza ME,10001061000127,EPP,12,2025-06-23
1062,Transportes Souza e Cia,10001062000134,ME,13,2025-04-06
1063,Confeccoes Litoral ME,10001063000141,ME,4,2025-05-20
1064,Distribuidora Central EIRELI,10001064000148,MEI,14,2026-03-01
1065,Servicos Norte ME,10001065000155,MEI,10,2025-07-11
1066,Servicos Silva S.A.,10001066000162,ME,2,2026-02-14
1067,Transportes Souza EIRELI,10001067000169,MEI,16,2025-09-05
1068,Alimentos Souza Ltda,10001068000176,EPP,10,2026-04-26
1069,Servicos Litoral Ltda,10001069000183,ME,5,2026-01-01
1070,Comercial Oeste Ltda,10001070000190,ME,4,2025-11-01
1071,Alimentos Central Ltda,10001071000197,MEI,3,2026-01-28
1072,Comercial Norte ME,10001072000104,ME,10,2025-04-18
1073,Servicos Souza ME,10001073000111,MEI,11,2025-06-13
1074,Distribuidora Oeste EIRELI,10001074000118,MEI,15,2025-02-28
1075,Papelaria Norte e Cia,10001075000125,MEI,1,2025-10-05
1076,Transportes Oeste ME,10001076000132,MEI,12,2025-12-27
1077,Papelaria Souza EIRELI,10001077000139,MEI,10,2025-11-10
1078,Transportes Central Ltda,10001078000146,MEI,11,2025-08-30
1079,Distribuidora Central Ltda,10001079000153,MEI,2,2025-07-20
1080,Papelaria Norte S.A.,10001080000160,ME,6,2025-06-09
1081,Servicos Litoral e Cia,10001081000167,MEI,11,2026-04-18
1082,Papelaria Souza Ltda,10001082000174,EPP,15,2026-04-16
1083,Distribuidora Central ME,10001083000181,ME,15,2025-12-30
1084,Construtora Souza EIRELI,10001084000188,MEI,15,2026-04-04
1085,Alimentos Central EIRELI,10001085000195,ME,9,2025-12-07
1086,Alimentos Central S.A.,10001086000102,MEI,11,2025-09-01
1087,Alimentos Central S.A.,10001087000109,EPP,4,2025-05-25
1088,Papelaria Norte EIRELI,10001088000116,ME,12,2025-07-27
1089,Alimentos Norte Ltda,10001089000123,ME,4,2025-09-30
1090,Tecnologia Norte S.A.,10001090000130,MEI,15,2025-05-05
1091,Construtora Central Ltda,10001091000137,MEI,6,2026-02-21
1092,Tecnologia Norte ME,10001092000144,ME,14,2025-05-01
1093,Distribuidora Litoral e Cia,10001093000151,EPP,6,2025-02-28
1094,Alimentos Norte Ltda,10001094000158,EPP,15,2025-04-01
1095,Tecnologia Silva e Cia,10001095000165,MEI,10,2026-02-21
1096,Alimentos Central Ltda,10001096000172,MEI,13,2026-02-23
1097,Papelaria Litoral Ltda,10001097000179,ME,5,2025-12-05
1098,Construtora Norte ME,10001098000186,MEI,5,2025-10-23
1099,Servicos Souza ME,10001099000193,MEI,15,2026-02-11
1100,Tecnologia Litoral ME,10001100000100,GRANDE,10,2025-10-26
1101,Papelaria Norte S.A.,10001101000107,EPP,1,2026-03-13
1102,Comercial Oeste e Cia,10001102000114,MEDIA,10,2025-01-01
1103,Distribuidora Oeste Ltda,10001103000121,MEI,12,2025-12-26
1104,Alimentos Litoral S.A.,10001104000128,MEI,13,2025-08-11
1105,Industria Central EIRELI,10001105000135,MEI,7,2025-07-16
1106,Tecnologia Souza ME,10001106000142,GRANDE,12,2025-12-10
1107,Industria Silva Ltda,10001107000149,ME,5,2025-03-15
1108,Tecnologia Souza Ltda,10001108000156,MEI,16,2026-02-17
1109,Construtora Litoral e Cia,10001109000163,EPP,14,2025-11-16
1110,Construtora Norte S.A.,10001110000170,ME,6,2025-08-19
1111,Alimentos Souza EIRELI,10001111000177,MEI,13,2025-01-04
1112,Servicos Litoral e Cia,10001112000184,MEI,16,2026-04-20
1113,Comercial Silva e Cia,10001113000191,ME,12,2025-07-08
1114,Papelaria Central Ltda,10001114000198,MEI,4,2026-01-10
1115,Construtora Norte Ltda,10001115000105,ME,9,2025-11-09
1116,Servicos Central Ltda,10001116000112,ME,3,2025-10-04
1117,Papelaria Silva ME,10001117000119,ME,10,2025-01-06
1118,Construtora Norte S.A.,10001118000126,ME,16,2025-06-19
1119,Alimentos Oeste ME,10001119000133,MEI,14,2025-12-22
1120,Papelaria Oeste Ltda,10001120000140,ME,10,2025-10-24
1121,Papelaria Silva ME,10001121000147,EPP,6,2025-11-16
1122,Confeccoes Central Ltda,10001122000154,MEI,1,2025-02-09
1123,Confeccoes Souza e Cia,10001123000161,MEI,9,2026-03-16
1124,Comercial Litoral Ltda,10001124000168,ME,9,2026-04-11
1125,Construtora Oeste EIRELI,10001125000175,MEI,5,2025-12-25
1126,Construtora Souza e Cia,10001126000182,EPP,8,2025-06-25
1127,Industria Norte EIRELI,10001127000189,EPP,3,2026-01-21
1128,Tecnologia Souza S.A.,10001128000196,ME,14,2025-03-27
1129,Papelaria Litoral ME,10001129000103,MEI,7,2025-05-16
1130,Comercial Souza S.A.,10001130000110,MEI,4,2025-06-04
1131,Transportes Souza S.A.,10001131000117,ME,16,2025-07-19
1132,Confeccoes Souza e Cia,10001132000124,EPP,16,2025-01-07
1133,Construtora Central ME,10001133000131,MEDIA,10,2025-12-16
1134,Distribuidora Norte ME,10001134000138,MEDIA,2,2025-08-10
1135,Alimentos Oeste ME,10001135000145,EPP,9,2025-05-11
1136,Construtora Litoral EIRELI,10001136000152,ME,13,2025-10-29
1137,Transportes Oeste EIRELI,10001137000159,MEI,7,2025-01-06
1138,Distribuidora Silva S.A.,10001138000166,MEI,1,2025-02-23
1139,Alimentos Souza ME,10001139000173,MEI,15,2025-01-18
1140,Papelaria Silva Ltda,10001140000180,EPP,1,2025-12-03
1141,Papelaria Litoral Ltda,10001141000187,ME,7,2025-03-03
1142,Papelaria Souza S.A.,10001142000194,ME,3,2026-04-06
1143,Distribuidora Litoral EIRELI,10001143000101,MEI,6,2025-08-28
1144,Construtora Oeste S.A.,10001144000108,ME,3,2025-12-08
1145,Confeccoes Souza Ltda,10001145000115,MEI,11,2025-02-01
1146,Tecnologia Oeste Ltda,10001146000122,MEI,13,2026-02-21
1147,Industria Central Ltda,10001147000129,ME,9,2026-04-21
1148,Papelaria Central EIRELI,10001148000136,ME,7,2025-02-25
1149,Transportes Central EIRELI,10001149000143,ME,5,2025-02-24
1150,Confeccoes Silva Ltda,10001150000150,MEI,15,2025-10-20
1151,Construtora Silva S.A.,10001151000157,MEI,9,2025-11-24
1152,Comercial Litoral S.A.,10001152000164,MEI,1,2025-12-25
1153,Tecnologia Norte Ltda,10001153000171,ME,11,2026-04-27
1154,Construtora Central S.A.,10001154000178,EPP,16,2026-02-04
1155,Transportes Souza Ltda,10001155000185,MEI,3,2025-12-19
1156,Distribuidora Norte e Cia,10001156000192,EPP,16,2025-07-03
1157,Confeccoes Central Ltda,10001157000199,ME,11,2026-05-06
1158,Alimentos Norte ME,10001158000106,MEI,3,2025-08-24
1159,Servicos Souza e Cia,10001159000113,MEI,10,2025-07-16
1160,Confeccoes Litoral S.A.,10001160000120,EPP,7,2025-11-19
1161,Construtora Silva S.A.,10001161000127,ME,12,2025-03-13
1162,Servicos Silva e Cia,10001162000134,MEI,2,2025-07-19
1163,Transportes Litoral ME,10001163000141,ME,3,2026-05-10
1164,Comercial Silva ME,10001164000148,MEI,15,2026-02-08
1165,Tecnologia Silva EIRELI,10001165000155,EPP,2,2025-12-08
1166,Transportes Souza e Cia,10001166000162,MEI,15,2025-02-06
1167,Industria Central Ltda,10001167000169,ME,2,2026-04-16
1168,Servicos Litoral EIRELI,10001168000176,MEI,2,2025-11-20
1169,Confeccoes Silva S.A.,10001169000183,ME,2,2026-03-04
1170,Distribuidora Silva S.A.,10001170000190,ME,3,2025-11-12
1171,Distribuidora Souza S.A.,10001171000197,MEI,8,2026-03-04
1172,Alimentos Silva e Cia,10001172000104,ME,13,2025-06-14
1173,Comercial Norte EIRELI,10001173000111,MEI,7,2025-03-03
1174,Industria Central EIRELI,10001174000118,ME,9,2025-10-11
1175,Construtora Souza e Cia,10001175000125,MEI,6,2025-02-21
1176,Industria Silva S.A.,10001176000132,MEI,13,2025-01-04
1177,Distribuidora Litoral e Cia,10001177000139,EPP,6,2025-08-02
1178,Industria Souza EIRELI,10001178000146,ME,16,2025-09-25
1179,Tecnologia Souza EIRELI,10001179000153,ME,15,2025-01-20
1180,Construtora Norte Ltda,10001180000160,ME,6,2026-02-05
1181,Alimentos Central Ltda,10001181000167,ME,10,2025-04-09
1182,Transportes Silva e Cia,10001182000174,MEI,4,2026-01-25
1183,Construtora Litoral EIRELI,10001183000181,MEI,8,2025-04-10
1184,Industria Litoral S.A.,10001184000188,ME,4,2025-03-23
1185,Comercial Litoral ME,10001185000195,MEI,2,2025-08-11
1186,Alimentos Norte S.A.,10001186000102,MEI,9,2026-01-15
1187,Transportes Souza EIRELI,10001187000109,ME,2,2025-09-06
1188,Distribuidora Souza S.A.,10001188000116,ME,4,2025-06-16
1189,Servicos Litoral ME,10001189000123,MEI,14,2025-02-26
1190,Servicos Silva EIRELI,10001190000130,ME,11,2026-03-22
1191,Tecnologia Souza Ltda,10001191000137,ME,7,2025-09-06
1192,Tecnologia Souza EIRELI,10001192000144,EPP,2,2025-08-21
1193,Tecnologia Oeste EIRELI,10001193000151,ME,6,2025-04-10
1194,Confeccoes Souza ME,10001194000158,MEI,12,2025-12-21
1195,Confeccoes Souza Ltda,10001195000165,EPP,2,2025-08-23
1196,Industria Oeste EIRELI,10001196000172,EPP,14,2025-11-06
1197,Papelaria Souza e Cia,10001197000179,MEDIA,6,2026-03-14
1198,Distribuidora Central e Cia,10001198000186,ME,8,2025-04-21
1199,Construtora Oeste Ltda,10001199000193,ME,16,2026-01-12
1200,Servicos Oeste S.A.,10001200000100,ME,8,2026-04-02
1201,Papelaria Silva S.A.,10001201000107,MEDIA,5,2025-01-21
1202,Transportes Silva S.A.,10001202000114,ME,16,2025-09-03
1203,Construtora Central EIRELI,10001203000121,MEI,4,2026-01-21
1204,Tecnologia Souza EIRELI,10001204000128,MEI,1,2025-05-03
1205,Comercial Central ME,10001205000135,MEI,3,2025-08-24
1206,Construtora Central EIRELI,10001206000142,EPP,1,2025-07-27
1207,Alimentos Litoral S.A.,10001207000149,ME,6,2025-01-01
1208,Tecnologia Litoral ME,10001208000156,ME,3,2025-06-01
1209,Confeccoes Litoral e Cia,10001209000163,ME,14,2026-02-11
1210,Distribuidora Norte ME,10001210000170,ME,7,2025-01-29
1211,Comercial Silva S.A.,10001211000177,MEI,12,2025-11-13
1212,Alimentos Oeste EIRELI,10001212000184,ME,2,2025-12-27
1213,Transportes Litoral EIRELI,10001213000191,MEI,3,2025-06-21
1214,Transportes Silva S.A.,10001214000198,ME,8,2026-01-21
1215,Servicos Oeste ME,10001215000105,EPP,7,2025-09-15
1216,Confeccoes Silva Ltda,10001216000112,MEI,14,2025-08-20
1217,Transportes Norte Ltda,10001217000119,ME,16,2025-09-30
1218,Construtora Norte ME,10001218000126,ME,10,2026-04-30
1219,Servicos Central Ltda,10001219000133,MEI,3,2026-04-05
1220,Confeccoes Silva Ltda,10001220000140,MEI,6,2025-02-27
1221,Construtora Souza EIRELI,10001221000147,ME,5,2025-11-18
1222,Confeccoes Central e Cia,10001222000154,EPP,1,2025-08-31
1223,Tecnologia Central Ltda,10001223000161,MEI,12,2025-02-02
1224,Servicos Norte ME,10001224000168,MEI,1,2025-06-25
1225,Construtora Norte e Cia,10001225000175,EPP,11,2025-08-16
1226,Confeccoes Norte EIRELI,10001226000182,EPP,15,2025-06-06
1227,Confeccoes Souza S.A.,10001227000189,MEI,6,2025-05-28
1228,Industria Oeste ME,10001228000196,ME,2,2025-03-27
1229,Transportes Oeste EIRELI,10001229000103,MEDIA,6,2026-03-06
1230,Industria Souza Ltda,10001230000110,MEI,5,2025-06-12
1231,Construtora Oeste ME,10001231000117,MEI,5,2025-10-15
1232,Alimentos Oeste EIRELI,10001232000124,MEI,2,2025-10-04
1233,Transportes Oeste Ltda,10001233000131,EPP,6,2025-07-27
1234,Industria Central ME,10001234000138,MEI,16,2026-05-12
1235,Confeccoes Central ME,10001235000145,MEDIA,11,2026-01-22
1236,Papelaria Litoral S.A.,10001236000152,MEI,5,2025-02-27
1237,Comercial Souza e Cia,10001237000159,MEI,16,2025-01-13
1238,Papelaria Souza S.A.,10001238000166,MEI,13,2025-06-17
1239,Papelaria Litoral EIRELI,10001239000173,ME,2,2025-04-24
1240,Servicos Silva Ltda,10001240000180,ME,9,2025-08-17
1241,Transportes Central EIRELI,10001241000187,ME,3,2025-11-05
1242,Alimentos Central EIRELI,10001242000194,ME,2,2025-08-07
1243,Tecnologia Oeste Ltda,10001243000101,MEI,12,2025-06-29
1244,Construtora Norte Ltda,10001244000108,MEI,10,2026-03-31
1245,Tecnologia Central ME,10001245000115,MEI,15,2026-01-08
1246,Tecnologia Souza e Cia,10001246000122,ME,14,2025-03-15
1247,Confeccoes Central e Cia,10001247000129,MEDIA,7,2025-02-03
1248,Distribuidora Silva S.A.,10001248000136,ME,13,2025-05-20
1249,Industria Norte S.A.,10001249000143,ME,14,2026-01-22
1250,Servicos Souza S.A.,10001250000150,MEI,5,2025-09-09
1251,Confeccoes Norte ME,10001251000157,ME,2,2026-01-14
1252,Servicos Silva Ltda,10001252000164,MEI,15,2025-06-03
1253,Distribuidora Litoral ME,10001253000171,MEI,16,2025-09-09
1254,Comercial Silva ME,10001254000178,ME,8,2026-05-12
1255,Papelaria Litoral ME,10001255000185,ME,3,2025-10-17
1256,Confeccoes Litoral S.A.,10001256000192,MEDIA,14,2026-02-23
1257,Alimentos Norte e Cia,10001257000199,MEI,4,2025-05-13
1258,Papelaria Silva EIRELI,10001258000106,MEI,6,2026-03-26
1259,Alimentos Souza Ltda,10001259000113,MEI,5,2025-08-03
1260,Comercial Oeste ME,10001260000120,ME,12,2026-04-25
1261,Transportes Souza EIRELI,10001261000127,ME,3,2025-11-03
1262,Transportes Oeste ME,10001262000134,EPP,6,2025-12-17
1263,Confeccoes Litoral ME,10001263000141,MEI,10,2025-10-24
1264,Industria Silva EIRELI,10001264000148,ME,12,2025-07-10
1265,Tecnologia Oeste EIRELI,10001265000155,MEI,16,2025-03-21
1266,Servicos Norte e Cia,10001266000162,ME,8,2026-05-03
1267,Tecnologia Central Ltda,10001267000169,MEI,4,2025-03-09
1268,Construtora Oeste ME,10001268000176,ME,1,2025-03-13
1269,Papelaria Norte ME,10001269000183,MEI,15,2025-06-05
1270,Distribuidora Souza EIRELI,10001270000190,EPP,1,2025-03-14
1271,Confeccoes Souza EIRELI,10001271000197,MEI,8,2025-02-10
1272,Distribuidora Silva Ltda,10001272000104,ME,14,2026-01-23
1273,Comercial Souza Ltda,10001273000111,MEI,14,2025-12-04
1274,Construtora Silva ME,10001274000118,MEI,2,2025-06-04
1275,Distribuidora Silva e Cia,10001275000125,MEI,1,2026-04-07
1276,Industria Litoral ME,10001276000132,MEI,7,2025-03-16
1277,Papelaria Oeste ME,10001277000139,MEI,9,2025-09-14
1278,Transportes Norte Ltda,10001278000146,MEI,8,2025-10-24
1279,Transportes Souza EIRELI,10001279000153,MEDIA,1,2025-03-29
1280,Distribuidora Souza e Cia,10001280000160,EPP,1,2025-09-01
1281,Papelaria Souza S.A.,10001281000167,ME,12,2025-02-24
1282,Alimentos Central S.A.,10001282000174,MEI,6,2025-04-27
1283,Distribuidora Oeste Ltda,10001283000181,ME,14,2025-09-24
1284,Construtora Oeste ME,10001284000188,ME,5,2025-01-21
1285,Alimentos Central Ltda,10001285000195,MEI,3,2025-08-22
1286,Construtora Souza e Cia,10001286000102,MEI,10,2026-03-14
1287,Servicos Silva S.A.,10001287000109,EPP,14,2025-07-08
1288,Comercial Litoral S.A.,10001288000116,ME,6,2025-07-22
1289,Transportes Litoral Ltda,10001289000123,MEI,15,2025-07-22
1290,Papelaria Silva EIRELI,10001290000130,MEI,13,2026-05-15
1291,Alimentos Souza e Cia,10001291000137,EPP,7,2025-07-26
1292,Servicos Central S.A.,10001292000144,MEI,4,2026-01-01
1293,Tecnologia Oeste S.A.,10001293000151,ME,9,2026-05-02
1294,Construtora Norte ME,10001294000158,MEI,13,2025-08-21
1295,Distribuidora Oeste S.A.,10001295000165,ME,4,2025-11-18
1296,Comercial Silva Ltda,10001296000172,EPP,5,2025-09-13
1297,Industria Central e Cia,10001297000179,ME,1,2025-03-20
1298,Papelaria Norte Ltda,10001298000186,ME,10,2025-12-05
1299,Construtora Souza ME,10001299000193,ME,16,2025-09-09
1300,Transportes Oeste e Cia,10001300000100,ME,9,2026-05-03
1301,Tecnologia Silva S.A.,10001301000107,ME,2,2026-03-13
1302,Construtora Central Ltda,10001302000114,MEI,13,2025-10-13
1303,Industria Central S.A.,10001303000121,MEI,10,2026-01-02
1304,Construtora Silva e Cia,10001304000128,ME,13,2025-12-04
1305,Construtora Norte EIRELI,10001305000135,ME,16,2025-07-20
1306,Construtora Norte S.A.,10001306000142,ME,9,2025-06-30
1307,Alimentos Silva Ltda,10001307000149,ME,10,2025-03-07
1308,Alimentos Litoral e Cia,10001308000156,MEI,12,2026-04-02
1309,Tecnologia Silva S.A.,10001309000163,MEI,11,2025-07-02
1310,Alimentos Silva EIRELI,10001310000170,MEI,14,2025-11-28
1311,Papelaria Silva Ltda,10001311000177,EPP,10,2025-02-28
1312,Industria Silva e Cia,10001312000184,MEI,11,2025-08-24
1313,Papelaria Norte S.A.,10001313000191,MEI,14,2025-12-23
1314,Papelaria Silva ME,10001314000198,MEI,16,2025-07-19
1315,Papelaria Silva S.A.,10001315000105,MEI,11,2025-12-12
1316,Alimentos Central e Cia,10001316000112,EPP,7,2025-12-08
1317,Industria Norte ME,10001317000119,MEI,11,2025-08-12
1318,Construtora Litoral Ltda,10001318000126,EPP,7,2025-10-02
1319,Confeccoes Oeste Ltda,10001319000133,MEI,7,2025-10-21
1320,Servicos Norte Ltda,10001320000140,ME,13,2025-10-24
1321,Papelaria Oeste ME,10001321000147,MEI,4,2026-02-15
1322,Tecnologia Souza ME,10001322000154,ME,16,2025-11-30
1323,Transportes Oeste S.A.,10001323000161,ME,10,2025-06-10
1324,Tecnologia Central ME,10001324000168,ME,7,2025-08-21
1325,Comercial Litoral e Cia,10001325000175,EPP,6,2025-10-23
1326,Servicos Litoral S.A.,10001326000182,MEI,16,2025-11-23
1327,Papelaria Litoral Ltda,10001327000189,ME,14,2025-07-06
1328,Industria Souza EIRELI,10001328000196,ME,15,2026-01-27
1329,Tecnologia Central ME,10001329000103,EPP,10,2026-04-12
1330,Servicos Central ME,10001330000110,EPP,3,2025-11-27
1331,Confeccoes Litoral e Cia,10001331000117,MEI,6,2025-05-03
1332,Industria Souza Ltda,10001332000124,MEI,4,2026-02-28
1333,Construtora Central e Cia,10001333000131,GRANDE,10,2025-08-05
1334,Servicos Souza ME,10001334000138,MEI,2,2025-05-13
1335,Transportes Souza Ltda,10001335000145,MEDIA,9,2025-09-06
1336,Comercial Silva ME,10001336000152,ME,1,2026-03-20
1337,Tecnologia Oeste Ltda,10001337000159,MEI,3,2026-03-06
1338,Servicos Silva e Cia,10001338000166,ME,5,2026-04-23
1339,Transportes Litoral e Cia,10001339000173,EPP,4,2026-04-22
1340,Construtora Silva EIRELI,10001340000180,ME,9,2026-01-31
1341,Alimentos Norte S.A.,10001341000187,EPP,11,2026-01-16
1342,Tecnologia Souza EIRELI,10001342000194,MEI,8,2025-04-20
1343,Construtora Central ME,10001343000101,EPP,9,2025-01-29
1344,Transportes Oeste Ltda,10001344000108,MEI,16,2025-08-05
1345,Servicos Oeste EIRELI,10001345000115,MEI,16,2026-01-02
1346,Confeccoes Silva e Cia,10001346000122,MEI,12,2026-01-14
1347,Servicos Oeste e Cia,10001347000129,MEI,2,2025-11-24
1348,Distribuidora Norte EIRELI,10001348000136,EPP,12,2025-07-18
1349,Tecnologia Oeste ME,10001349000143,MEI,1,2026-02-26
1350,Confeccoes Souza EIRELI,10001350000150,EPP,8,2025-11-20
1351,Tecnologia Silva ME,10001351000157,EPP,11,2026-02-26
1352,Construtora Litoral S.A.,10001352000164,EPP,16,2025-06-20
1353,Distribuidora Souza ME,10001353000171,ME,14,2025-06-30
1354,Papelaria Litoral e Cia,10001354000178,ME,14,2025-08-21
1355,Comercial Litoral EIRELI,10001355000185,ME,1,2026-02-10
1356,Comercial Central EIRELI,10001356000192,ME,5,2025-06-10
1357,Distribuidora Souza EIRELI,10001357000199,ME,3,2026-05-12
1358,Papelaria Litoral S.A.,10001358000106,ME,5,2025-06-13
1359,Construtora Litoral EIRELI,10001359000113,MEI,15,2025-12-18
1360,Confeccoes Souza Ltda,10001360000120,MEI,11,2025-04-04
1361,Tecnologia Norte EIRELI,10001361000127,MEI,13,2025-01-12
1362,Distribuidora Central EIRELI,10001362000134,MEI,8,2026-03-13
1363,Comercial Central e Cia,10001363000141,MEI,6,2025-05-14
1364,Distribuidora Oeste EIRELI,10001364000148,EPP,5,2025-03-02
1365,Transportes Central S.A.,10001365000155,EPP,1,2025-09-11
1366,Servicos Litoral EIRELI,10001366000162,MEI,4,2026-03-18
1367,Confeccoes Litoral S.A.,10001367000169,MEI,9,2025-08-09
1368,Papelaria Souza ME,10001368000176,ME,7,2025-04-07
1369,Industria Central EIRELI,10001369000183,MEI,14,2026-05-15
1370,Servicos Norte S.A.,10001370000190,EPP,9,2025-07-09
1371,Distribuidora Silva S.A.,10001371000197,MEI,15,2025-06-15
1372,Servicos Litoral S.A.,10001372000104,ME,13,2026-01-12
1373,Distribuidora Silva e Cia,10001373000111,MEI,9,2025-06-20
1374,Construtora Oeste e Cia,10001374000118,EPP,8,2026-05-11
1375,Comercial Oeste e Cia,10001375000125,ME,2,2025-06-04
1376,Alimentos Souza e Cia,10001376000132,MEI,13,2025-04-02
1377,Industria Norte S.A.,10001377000139,EPP,9,2026-03-26
1378,Industria Silva ME,10001378000146,ME,15,2025-08-10
1379,Confeccoes Silva ME,10001379000153,MEI,5,2025-03-07
1380,Confeccoes Litoral ME,10001380000160,EPP,16,2025-05-25
1381,Papelaria Oeste e Cia,10001381000167,MEI,9,2026-04-03
1382,Alimentos Litoral S.A.,10001382000174,ME,6,2025-03-19
1383,Comercial Souza EIRELI,10001383000181,MEI,15,2025-04-04
1384,Construtora Oeste EIRELI,10001384000188,ME,2,2025-08-12
1385,Construtora Silva S.A.,10001385000195,MEI,4,2025-12-30
1386,Construtora Central Ltda,10001386000102,EPP,16,2026-03-20
1387,Distribuidora Oeste Ltda,10001387000109,MEI,5,2025-05-26
1388,Industria Litoral e Cia,10001388000116,EPP,6,2025-10-16
1389,Papelaria Silva e Cia,10001389000123,ME,7,2025-04-03
1390,Distribuidora Souza S.A.,10001390000130,ME,14,2026-03-31
1391,Comercial Oeste Ltda,10001391000137,MEI,11,2025-10-30
1392,Alimentos Souza Ltda,10001392000144,MEI,4,2026-03-02
1393,Construtora Litoral ME,10001393000151,ME,16,2025-01-03
1394,Comercial Litoral e Cia,10001394000158,MEDIA,11,2025-06-16
1395,Servicos Silva ME,10001395000165,MEI,5,2025-01-29
1396,Transportes Norte S.A.,10001396000172,MEI,3,2025-05-11
1397,Servicos Central Ltda,10001397000179,MEI,6,2025-04-17
1398,Tecnologia Central ME,10001398000186,ME,6,2026-05-04
1399,Distribuidora Oeste S.A.,10001399000193,EPP,5,2026-01-12
1400,Papelaria Souza ME,10001400000100,ME,10,2026-03-03
1401,Transportes Souza S.A.,10001401000107,MEI,12,2025-07-18
1402,Confeccoes Norte e Cia,10001402000114,MEI,16,2026-01-23
1403,Alimentos Norte EIRELI,10001403000121,MEI,14,2025-08-07
1404,Comercial Norte ME,10001404000128,MEDIA,3,2025-12-13
1405,Industria Central e Cia,10001405000135,ME,8,2025-09-26
1406,Confeccoes Central S.A.,10001406000142,MEI,3,2026-02-15
1407,Confeccoes Souza EIRELI,10001407000149,ME,16,2025-06-03
1408,Transportes Central ME,10001408000156,ME,8,2025-10-10
1409,Comercial Norte Ltda,10001409000163,ME,3,2025-07-31
1410,Construtora Litoral e Cia,10001410000170,EPP,4,2025-07-01
1411,Papelaria Silva e Cia,10001411000177,MEI,9,2026-01-15
1412,Industria Souza S.A.,10001412000184,MEI,15,2025-08-02
1413,Alimentos Norte S.A.,10001413000191,ME,10,2025-08-19
1414,Alimentos Souza EIRELI,10001414000198,MEI,9,2026-01-18
1415,Distribuidora Central e Cia,10001415000105,MEI,9,2025-07-22
1416,Comercial Souza S.A.,10001416000112,ME,4,2025-07-27
1417,Confeccoes Norte e Cia,10001417000119,MEI,16,2025-12-11
1418,Confeccoes Silva EIRELI,10001418000126,MEI,13,2025-04-08
1419,Comercial Litoral EIRELI,10001419000133,EPP,4,2025-04-18
1420,Industria Litoral EIRELI,10001420000140,MEI,16,2025-11-17
1421,Distribuidora Oeste S.A.,10001421000147,MEI,7,2025-08-05
1422,Distribuidora Souza EIRELI,10001422000154,ME,1,2025-08-16
1423,Construtora Silva S.A.,10001423000161,ME,16,2025-04-14
1424,Papelaria Central Ltda,10001424000168,MEI,10,2025-02-22
1425,Tecnologia Central e Cia,10001425000175,ME,14,2025-10-11
1426,Comercial Central S.A.,10001426000182,ME,10,2025-10-30
1427,Servicos Litoral Ltda,10001427000189,ME,16,2025-08-05
1428,Transportes Silva ME,10001428000196,EPP,11,2025-08-02
1429,Distribuidora Central e Cia,10001429000103,EPP,16,2025-06-27
1430,Tecnologia Silva EIRELI,10001430000110,MEI,15,2025-04-09
1431,Alimentos Central EIRELI,10001431000117,ME,16,2025-10-28
1432,Papelaria Litoral S.A.,10001432000124,MEI,11,2025-05-31
1433,Tecnologia Litoral ME,10001433000131,ME,13,2026-02-14
1434,Papelaria Souza ME,10001434000138,ME,6,2025-02-14
1435,Industria Souza EIRELI,10001435000145,MEI,16,2025-09-09
1436,Tecnologia Central ME,10001436000152,MEI,4,2025-10-13
1437,Comercial Oeste ME,10001437000159,MEI,2,2025-03-23
1438,Transportes Silva Ltda,10001438000166,MEI,6,2025-02-28
1439,Distribuidora Norte EIRELI,10001439000173,ME,8,2025-06-24
1440,Comercial Norte ME,10001440000180,EPP,12,2026-03-13
1441,Comercial Central S.A.,10001441000187,MEDIA,4,2026-01-22
1442,Distribuidora Norte e Cia,10001442000194,ME,4,2026-05-01
1443,Transportes Silva e Cia,10001443000101,MEI,4,2025-11-19
1444,Servicos Oeste EIRELI,10001444000108,ME,4,2025-12-29
1445,Transportes Central Ltda,10001445000115,MEI,15,2025-07-06
1446,Industria Silva EIRELI,10001446000122,MEI,11,2025-08-01
1447,Servicos Central ME,10001447000129,MEI,1,2025-03-29
1448,Confeccoes Oeste S.A.,10001448000136,MEI,3,2025-12-07
1449,Industria Norte S.A.,10001449000143,ME,8,2025-03-12
1450,Tecnologia Central S.A.,10001450000150,MEDIA,14,2025-09-22
1451,Comercial Central EIRELI,10001451000157,ME,12,2026-01-03
1452,Distribuidora Oeste ME,10001452000164,MEI,3,2026-01-31
1453,Tecnologia Silva S.A.,10001453000171,ME,6,2025-12-05
1454,Papelaria Silva e Cia,10001454000178,MEDIA,5,2025-08-03
1455,Transportes Oeste ME,10001455000185,EPP,13,2025-01-05
1456,Transportes Norte EIRELI,10001456000192,ME,9,2025-08-17
1457,Transportes Norte e Cia,10001457000199,ME,7,2025-12-24
1458,Tecnologia Souza ME,10001458000106,MEI,12,2025-10-03
1459,Tecnologia Litoral EIRELI,10001459000113,ME,11,2025-10-04
1460,Servicos Silva e Cia,10001460000120,ME,10,2025-09-24
1461,Industria Silva Ltda,10001461000127,EPP,11,2025-10-04
1462,Servicos Oeste S.A.,10001462000134,MEDIA,9,2025-02-26
1463,Alimentos Oeste e Cia,10001463000141,MEI,2,2025-01-25
1464,Construtora Oeste e Cia,10001464000148,ME,4,2025-08-21
1465,Servicos Litoral e Cia,10001465000155,ME,11,2026-04-03
1466,Alimentos Oeste ME,10001466000162,ME,8,2026-02-22
1467,Tecnologia Norte EIRELI,10001467000169,MEI,5,2025-09-22
1468,Alimentos Central Ltda,10001468000176,MEI,7,2025-08-06
1469,Distribuidora Silva Ltda,10001469000183,MEI,14,2025-03-08
1470,Servicos Central Ltda,10001470000190,MEI,16,2025-09-27
1471,Papelaria Norte e Cia,10001471000197,ME,13,2026-03-23
1472,Papelaria Central S.A.,10001472000104,GRANDE,9,2025-12-19
1473,Tecnologia Souza EIRELI,10001473000111,ME,16,2025-09-06
1474,Industria Litoral e Cia,10001474000118,EPP,15,2025-03-02
1475,Construtora Central Ltda,10001475000125,ME,7,2026-04-29
1476,Distribuidora Norte S.A.,10001476000132,MEI,12,2025-07-09
1477,Comercial Norte EIRELI,10001477000139,MEI,10,2025-06-06
1478,Confeccoes Oeste S.A.,10001478000146,MEI,12,2025-03-15
1479,Papelaria Central Ltda,10001479000153,EPP,5,2025-06-06
1480,Servicos Souza S.A.,10001480000160,MEI,10,2025-10-08
1481,Distribuidora Silva S.A.,10001481000167,ME,12,2025-06-08
1482,Alimentos Central S.A.,10001482000174,EPP,15,2026-03-03
1483,Industria Norte S.A.,10001483000181,ME,5,2025-12-08
1484,Industria Litoral ME,10001484000188,MEI,15,2025-11-16
1485,Tecnologia Souza S.A.,10001485000195,MEI,14,2025-01-24
1486,Confeccoes Litoral Ltda,10001486000102,EPP,15,2025-12-29
1487,Papelaria Litoral ME,10001487000109,ME,1,2025-03-05
1488,Servicos Norte e Cia,10001488000116,ME,3,2025-01-28
1489,Construtora Norte Ltda,10001489000123,MEI,7,2026-04-25
1490,Comercial Oeste EIRELI,10001490000130,MEI,6,2025-12-28
1491,Distribuidora Norte e Cia,10001491000137,MEI,15,2025-10-29
1492,Construtora Silva ME,10001492000144,MEI,2,2025-08-01
1493,Transportes Oeste S.A.,10001493000151,MEI,1,2025-02-28
1494,Transportes Souza ME,10001494000158,MEI,4,2025-05-11
1495,Industria Oeste S.A.,10001495000165,ME,3,2025-01-31
1496,Industria Silva Ltda,10001496000172,MEI,11,2025-02-20
1497,Industria Central ME,10001497000179,MEI,11,2026-04-28
1498,Comercial Souza EIRELI,10001498000186,ME,4,2025-10-28
1499,Construtora Norte e Cia,10001499000193,MEI,8,2025-02-28
1500,Comercial Oeste S.A.,10001500000100,ME,9,2025-02-03
1501,Comercial Central EIRELI,10001501000107,EPP,16,2025-01-10
1502,Transportes Norte Ltda,10001502000114,MEI,9,2025-10-12
1503,Confeccoes Norte S.A.,10001503000121,MEI,5,2026-03-10
1504,Industria Oeste e Cia,10001504000128,MEDIA,7,2026-02-05
1505,Transportes Central e Cia,10001505000135,ME,8,2025-01-01
1506,Papelaria Oeste EIRELI,10001506000142,MEI,15,2026-04-23
1507,Confeccoes Norte ME,10001507000149,EPP,16,2025-07-14
1508,Servicos Norte e Cia,10001508000156,MEI,12,2025-03-24
1509,Confeccoes Silva S.A.,10001509000163,ME,3,2026-03-02
1510,Transportes Oeste S.A.,10001510000170,MEI,5,2025-09-16
1511,Alimentos Litoral ME,10001511000177,MEDIA,11,2025-12-29
1512,Confeccoes Souza ME,10001512000184,MEI,15,2025-08-24
1513,Comercial Litoral EIRELI,10001513000191,ME,11,2025-01-02
1514,Comercial Silva EIRELI,10001514000198,MEI,16,2026-04-04
1515,Tecnologia Norte Ltda,10001515000105,ME,16,2025-11-29
1516,Transportes Silva S.A.,10001516000112,ME,3,2025-06-30
1517,Papelaria Oeste S.A.,10001517000119,MEI,13,2026-01-29
1518,Distribuidora Central ME,10001518000126,EPP,1,2025-08-16
1519,Servicos Litoral Ltda,10001519000133,ME,1,2025-12-15
1520,Servicos Silva e Cia,10001520000140,ME,12,2026-02-18
1521,Servicos Central ME,10001521000147,MEI,8,2025-09-10
1522,Comercial Souza S.A.,10001522000154,MEI,7,2025-05-23
1523,Industria Norte EIRELI,10001523000161,ME,16,2025-10-17
1524,Distribuidora Norte EIRELI,10001524000168,ME,6,2025-03-07
1525,Papelaria Souza e Cia,10001525000175,ME,9,2025-05-21
1526,Comercial Litoral e Cia,10001526000182,ME,7,2025-12-15
1527,Comercial Central Ltda,10001527000189,EPP,15,2025-06-15
1528,Tecnologia Oeste Ltda,10001528000196,ME,14,2025-08-27
1529,Alimentos Norte Ltda,10001529000103,EPP,16,2025-04-25
1530,Confeccoes Central e Cia,10001530000110,MEI,2,2025-01-03
1531,Servicos Oeste Ltda,10001531000117,EPP,13,2026-02-18
1532,Servicos Litoral S.A.,10001532000124,MEDIA,1,2026-04-15
1533,Servicos Souza ME,10001533000131,MEI,8,2025-11-17
1534,Comercial Central S.A.,10001534000138,EPP,4,2025-10-31
1535,Confeccoes Souza Ltda,10001535000145,ME,11,2026-05-06
1536,Comercial Oeste e Cia,10001536000152,ME,11,2026-04-29
1537,Papelaria Norte S.A.,10001537000159,ME,3,2025-11-17
1538,Papelaria Silva Ltda,10001538000166,MEDIA,15,2026-04-15
1539,Tecnologia Oeste Ltda,10001539000173,ME,2,2025-02-01
1540,Comercial Oeste e Cia,10001540000180,ME,15,2025-02-03
1541,Comercial Norte Ltda,10001541000187,MEI,4,2025-07-15
1542,Distribuidora Norte S.A.,10001542000194,MEI,13,2025-11-03
1543,Construtora Central S.A.,10001543000101,ME,1,2026-03-27
1544,Alimentos Litoral Ltda,10001544000108,ME,4,2025-06-18
1545,Distribuidora Silva Ltda,10001545000115,ME,7,2025-02-04
1546,Papelaria Souza e Cia,10001546000122,MEI,7,2025-08-04
1547,Papelaria Central EIRELI,10001547000129,MEI,16,2026-02-13
1548,Comercial Souza ME,10001548000136,ME,2,2025-09-20
1549,Confeccoes Norte e Cia,10001549000143,ME,12,2025-03-17
1550,Confeccoes Norte ME,10001550000150,MEI,16,2026-05-12
1551,Transportes Norte EIRELI,10001551000157,MEI,1,2025-09-17
1552,Tecnologia Oeste EIRELI,10001552000164,MEDIA,2,2025-11-24
1553,Distribuidora Oeste EIRELI,10001553000171,ME,7,2025-12-22
1554,Papelaria Litoral ME,10001554000178,EPP,15,2025-10-17
1555,Papelaria Oeste S.A.,10001555000185,MEI,11,2025-02-23
1556,Comercial Central EIRELI,10001556000192,EPP,15,2025-11-24
1557,Servicos Central e Cia,10001557000199,MEI,8,2025-09-04
1558,Tecnologia Souza S.A.,10001558000106,MEI,11,2025-01-04
1559,Comercial Silva ME,10001559000113,MEI,12,2025-02-28
1560,Confeccoes Central EIRELI,10001560000120,ME,5,2026-04-13
1561,Comercial Silva EIRELI,10001561000127,MEI,12,2025-03-31
1562,Confeccoes Litoral EIRELI,10001562000134,MEI,8,2025-10-11
1563,Industria Souza Ltda,10001563000141,MEI,8,2025-05-15
1564,Comercial Litoral EIRELI,10001564000148,MEI,4,2026-02-08
1565,Alimentos Souza ME,10001565000155,ME,4,2025-07-09
1566,Industria Norte e Cia,10001566000162,EPP,12,2026-03-26
1567,Distribuidora Souza EIRELI,10001567000169,ME,3,2025-04-09
1568,Alimentos Oeste e Cia,10001568000176,MEI,13,2025-11-22
1569,Comercial Norte e Cia,10001569000183,MEI,8,2025-10-02
1570,Industria Oeste EIRELI,10001570000190,MEI,10,2026-02-12
1571,Industria Norte e Cia,10001571000197,EPP,9,2025-04-18
1572,Construtora Litoral e Cia,10001572000104,MEI,3,2025-09-18
1573,Transportes Oeste S.A.,10001573000111,ME,13,2025-04-02
1574,Alimentos Norte S.A.,10001574000118,ME,11,2025-09-11
1575,Confeccoes Norte S.A.,10001575000125,ME,16,2026-02-09
1576,Servicos Souza EIRELI,10001576000132,ME,2,2025-05-01
1577,Servicos Oeste S.A.,10001577000139,EPP,13,2025-10-20
1578,Alimentos Oeste e Cia,10001578000146,MEI,6,2026-01-20
1579,Confeccoes Central e Cia,10001579000153,MEI,3,2025-10-26
1580,Construtora Norte e Cia,10001580000160,MEI,2,2025-08-19
1581,Tecnologia Central ME,10001581000167,EPP,15,2025-06-12
1582,Tecnologia Silva EIRELI,10001582000174,MEI,9,2025-05-16
1583,Alimentos Silva ME,10001583000181,EPP,3,2025-09-20
1584,Confeccoes Souza Ltda,10001584000188,MEI,3,2025-07-04
1585,Transportes Souza ME,10001585000195,MEI,2,2025-06-18
1586,Confeccoes Litoral ME,10001586000102,MEI,9,2025-11-06
1587,Transportes Oeste Ltda,10001587000109,ME,5,2025-05-25
1588,Tecnologia Central e Cia,10001588000116,ME,12,2025-01-07
1589,Transportes Souza S.A.,10001589000123,MEI,16,2026-01-06
1590,Construtora Souza e Cia,10001590000130,ME,7,2025-10-10
1591,Construtora Oeste Ltda,10001591000137,MEI,15,2025-04-07
1592,Tecnologia Souza S.A.,10001592000144,MEI,14,2025-10-13
1593,Alimentos Souza e Cia,10001593000151,EPP,1,2025-06-06
1594,Construtora Litoral ME,10001594000158,MEI,1,2025-08-03
1595,Tecnologia Litoral e Cia,10001595000165,MEI,14,2025-10-28
1596,Papelaria Silva EIRELI,10001596000172,MEI,1,2026-05-03
1597,Papelaria Litoral e Cia,10001597000179,EPP,11,2025-10-21
1598,Tecnologia Souza S.A.,10001598000186,MEI,13,2025-07-17
1599,Construtora Silva ME,10001599000193,ME,7,2025-08-20
1600,Distribuidora Souza Ltda,10001600000100,ME,10,2025-04-01
1601,Papelaria Central Ltda,10001601000107,MEI,2,2025-02-05
1602,Confeccoes Souza EIRELI,10001602000114,MEI,13,2025-09-26
1603,Construtora Silva ME,10001603000121,ME,3,2025-03-29
1604,Tecnologia Central EIRELI,10001604000128,MEDIA,11,2025-03-08
1605,Construtora Litoral Ltda,10001605000135,MEI,14,2026-04-08
1606,Industria Souza ME,10001606000142,MEI,7,2025-12-30
1607,Industria Norte e Cia,10001607000149,EPP,16,2025-10-28
1608,Transportes Litoral S.A.,10001608000156,MEI,7,2025-01-04
1609,Construtora Silva S.A.,10001609000163,ME,5,2025-05-07
1610,Papelaria Central S.A.,10001610000170,ME,11,2025-01-21
1611,Confeccoes Litoral S.A.,10001611000177,MEI,3,2026-03-08
1612,Tecnologia Norte EIRELI,10001612000184,MEI,10,2025-04-02
1613,Construtora Central EIRELI,10001613000191,ME,14,2025-02-18
1614,Comercial Souza EIRELI,10001614000198,MEI,13,2025-11-18
1615,Distribuidora Litoral EIRELI,10001615000105,EPP,10,2025-07-30
1616,Alimentos Silva Ltda,10001616000112,ME,4,2026-02-04
1617,Tecnologia Central EIRELI,10001617000119,MEI,11,2025-09-17
1618,Construtora Silva Ltda,10001618000126,ME,2,2025-12-12
1619,Tecnologia Oeste S.A.,10001619000133,EPP,15,2025-07-23
1620,Comercial Oeste Ltda,10001620000140,ME,2,2025-03-11
1621,Construtora Central S.A.,10001621000147,MEI,11,2025-10-08
1622,Construtora Souza S.A.,10001622000154,EPP,8,2026-03-07
1623,Industria Silva e Cia,10001623000161,MEI,6,2025-05-31
1624,Transportes Litoral S.A.,10001624000168,MEI,4,2025-12-10
1625,Confeccoes Souza S.A.,10001625000175,MEI,1,2025-04-21
1626,Transportes Souza S.A.,10001626000182,ME,2,2026-03-05
1627,Tecnologia Litoral ME,10001627000189,MEI,4,2025-11-03
1628,Comercial Central EIRELI,10001628000196,EPP,1,2025-07-11
1629,Servicos Silva Ltda,10001629000103,MEI,8,2025-01-08
1630,Servicos Litoral Ltda,10001630000110,MEI,11,2026-03-28
1631,Industria Litoral EIRELI,10001631000117,MEI,4,2025-09-20
1632,Alimentos Oeste e Cia,10001632000124,ME,4,2025-11-16
1633,Transportes Central S.A.,10001633000131,MEI,7,2025-04-20
1634,Alimentos Oeste EIRELI,10001634000138,MEI,4,2025-12-01
1635,Comercial Central EIRELI,10001635000145,ME,11,2025-02-03
1636,Papelaria Oeste Ltda,10001636000152,MEI,9,2025-04-22
1637,Confeccoes Norte S.A.,10001637000159,MEDIA,14,2025-02-22
1638,Confeccoes Silva e Cia,10001638000166,MEI,6,2025-11-20
1639,Industria Oeste EIRELI,10001639000173,ME,13,2026-03-29
1640,Construtora Silva ME,10001640000180,MEI,11,2026-04-12
1641,Tecnologia Norte EIRELI,10001641000187,ME,15,2025-12-27
1642,Servicos Silva e Cia,10001642000194,ME,1,2025-03-05
1643,Servicos Litoral S.A.,10001643000101,ME,10,2025-11-14
1644,Comercial Souza ME,10001644000108,ME,3,2025-04-14
1645,Tecnologia Souza Ltda,10001645000115,MEI,5,2026-01-07
1646,Alimentos Souza ME,10001646000122,MEI,15,2026-02-07
1647,Transportes Central ME,10001647000129,ME,2,2025-04-28
1648,Alimentos Souza EIRELI,10001648000136,ME,11,2026-04-10
1649,Servicos Norte S.A.,10001649000143,ME,8,2025-04-04
1650,Comercial Silva S.A.,10001650000150,MEI,15,2025-04-09
1651,Industria Souza EIRELI,10001651000157,MEI,2,2025-10-31
1652,Servicos Norte Ltda,10001652000164,MEI,7,2025-08-28
1653,Industria Litoral EIRELI,10001653000171,MEI,10,2025-04-01
1654,Confeccoes Oeste e Cia,10001654000178,MEI,8,2025-11-22
1655,Confeccoes Central Ltda,10001655000185,MEDIA,7,2025-07-04
1656,Tecnologia Souza S.A.,10001656000192,MEI,13,2025-09-16
1657,Industria Central Ltda,10001657000199,ME,14,2025-08-07
1658,Confeccoes Norte e Cia,10001658000106,MEI,3,2026-01-08
1659,Confeccoes Central S.A.,10001659000113,MEI,6,2025-05-26
1660,Transportes Norte S.A.,10001660000120,MEI,13,2025-03-11
1661,Servicos Souza EIRELI,10001661000127,MEI,16,2026-03-18
1662,Construtora Central S.A.,10001662000134,EPP,12,2026-05-12
1663,Tecnologia Central ME,10001663000141,ME,12,2025-10-29
1664,Tecnologia Silva Ltda,10001664000148,MEI,3,2025-10-17
1665,Servicos Central ME,10001665000155,ME,6,2026-01-20
1666,Transportes Litoral S.A.,10001666000162,ME,12,2025-07-08
1667,Tecnologia Central EIRELI,10001667000169,MEI,2,2025-01-18
1668,Comercial Litoral EIRELI,10001668000176,MEI,12,2025-08-22
1669,Confeccoes Souza e Cia,10001669000183,ME,5,2025-12-06
1670,Comercial Silva Ltda,10001670000190,ME,6,2026-04-15
1671,Tecnologia Litoral e Cia,10001671000197,MEDIA,13,2025-02-11
1672,Tecnologia Souza S.A.,10001672000104,MEI,7,2025-06-04
1673,Papelaria Oeste S.A.,10001673000111,ME,13,2026-04-19
1674,Distribuidora Litoral e Cia,10001674000118,ME,3,2025-06-26
1675,Confeccoes Litoral EIRELI,10001675000125,EPP,5,2025-07-23
1676,Comercial Souza S.A.,10001676000132,MEI,10,2025-02-05
1677,Transportes Central ME,10001677000139,ME,14,2025-03-29
1678,Alimentos Souza EIRELI,10001678000146,MEI,6,2025-04-04
1679,Construtora Norte EIRELI,10001679000153,MEI,4,2025-01-31
1680,Servicos Oeste S.A.,10001680000160,MEI,6,2026-04-13
1681,Industria Silva ME,10001681000167,MEI,4,2025-03-05
1682,Distribuidora Oeste Ltda,10001682000174,ME,9,2025-09-02
1683,Distribuidora Silva Ltda,10001683000181,MEI,16,2026-05-05
1684,Papelaria Silva Ltda,10001684000188,MEI,1,2026-02-10
1685,Tecnologia Norte e Cia,10001685000195,MEDIA,1,2026-01-25
1686,Construtora Central ME,10001686000102,ME,9,2025-06-22
1687,Alimentos Oeste EIRELI,10001687000109,EPP,12,2025-12-07
1688,Tecnologia Norte Ltda,10001688000116,MEDIA,13,2026-03-24
1689,Distribuidora Silva S.A.,10001689000123,EPP,11,2025-07-25
1690,Comercial Norte Ltda,10001690000130,EPP,5,2025-05-24
1691,Alimentos Central e Cia,10001691000137,ME,8,2026-03-22
1692,Transportes Central EIRELI,10001692000144,MEI,16,2025-11-23
1693,Comercial Litoral ME,10001693000151,EPP,11,2026-05-12
1694,Construtora Souza e Cia,10001694000158,ME,11,2026-01-14
1695,Alimentos Central S.A.,10001695000165,MEDIA,3,2026-03-15
1696,Tecnologia Oeste e Cia,10001696000172,MEI,4,2025-03-15
1697,Industria Central Ltda,10001697000179,MEI,2,2025-12-11
1698,Industria Central Ltda,10001698000186,ME,15,2025-10-04
1699,Servicos Souza EIRELI,10001699000193,ME,8,2025-12-04
1700,Distribuidora Central Ltda,10001700000100,MEI,3,2026-04-21
1701,Tecnologia Oeste EIRELI,10001701000107,ME,11,2025-12-07
1702,Distribuidora Litoral EIRELI,10001702000114,EPP,16,2025-11-21
1703,Distribuidora Litoral ME,10001703000121,EPP,16,2026-04-23
1704,Alimentos Central S.A.,10001704000128,ME,3,2026-02-06
1705,Servicos Souza ME,10001705000135,MEI,14,2025-02-14
1706,Distribuidora Oeste e Cia,10001706000142,EPP,4,2026-01-17
1707,Papelaria Oeste EIRELI,10001707000149,EPP,4,2026-05-04
1708,Papelaria Litoral Ltda,10001708000156,MEI,13,2025-10-30
1709,Tecnologia Central ME,10001709000163,ME,7,2026-02-13
1710,Transportes Litoral e Cia,10001710000170,ME,5,2025-02-24
1711,Comercial Norte S.A.,10001711000177,MEI,13,2026-02-22
1712,Servicos Central S.A.,10001712000184,MEI,10,2025-05-26
1713,Comercial Norte ME,10001713000191,MEI,5,2025-12-19
1714,Confeccoes Litoral e Cia,10001714000198,ME,4,2026-03-01
1715,Construtora Oeste S.A.,10001715000105,MEI,7,2026-02-19
1716,Industria Litoral EIRELI,10001716000112,EPP,11,2026-04-24
1717,Comercial Souza S.A.,10001717000119,ME,8,2025-06-03
1718,Comercial Norte S.A.,10001718000126,MEI,6,2025-12-14
1719,Alimentos Central S.A.,10001719000133,MEI,16,2026-01-08
1720,Confeccoes Litoral EIRELI,10001720000140,ME,10,2025-10-08
1721,Distribuidora Souza ME,10001721000147,ME,13,2025-10-25
1722,Confeccoes Central EIRELI,10001722000154,ME,2,2025-08-15
1723,Confeccoes Souza EIRELI,10001723000161,MEI,16,2026-01-19
1724,Comercial Oeste e Cia,10001724000168,MEI,7,2026-02-07
1725,Tecnologia Central EIRELI,10001725000175,EPP,5,2025-02-19
1726,Construtora Souza Ltda,10001726000182,MEI,12,2025-09-21
1727,Papelaria Central EIRELI,10001727000189,ME,11,2025-07-26
1728,Comercial Silva EIRELI,10001728000196,MEI,8,2025-06-04
1729,Tecnologia Litoral Ltda,10001729000103,ME,6,2026-03-19
1730,Confeccoes Litoral S.A.,10001730000110,MEI,13,2025-03-03
1731,Distribuidora Silva S.A.,10001731000117,ME,4,2026-04-11
1732,Comercial Norte e Cia,10001732000124,MEDIA,8,2025-09-03
1733,Distribuidora Norte EIRELI,10001733000131,MEI,9,2025-11-27
1734,Confeccoes Norte EIRELI,10001734000138,MEI,14,2025-02-02
1735,Tecnologia Litoral Ltda,10001735000145,MEI,6,2026-02-23
1736,Distribuidora Norte e Cia,10001736000152,ME,16,2026-02-24
1737,Servicos Litoral Ltda,10001737000159,MEI,4,2025-11-03
1738,Comercial Norte S.A.,10001738000166,EPP,6,2025-03-04
1739,Industria Norte EIRELI,10001739000173,ME,2,2025-02-14
1740,Comercial Silva Ltda,10001740000180,ME,9,2025-07-06
1741,Tecnologia Litoral Ltda,10001741000187,MEI,6,2025-01-24
1742,Transportes Central EIRELI,10001742000194,ME,10,2025-12-22
1743,Transportes Oeste e Cia,10001743000101,ME,11,2025-04-18
1744,Comercial Souza Ltda,10001744000108,MEI,4,2025-06-03
1745,Industria Norte e Cia,10001745000115,MEI,7,2025-07-03
1746,Industria Litoral e Cia,10001746000122,MEI,9,2025-10-09
1747,Confeccoes Central EIRELI,10001747000129,MEI,9,2025-02-12
1748,Tecnologia Litoral EIRELI,10001748000136,ME,9,2025-02-06
1749,Servicos Litoral ME,10001749000143,ME,9,2025-11-28
1750,Tecnologia Souza ME,10001750000150,GRANDE,6,2025-08-11
1751,Comercial Norte EIRELI,10001751000157,MEI,13,2025-03-05
1752,Transportes Central Ltda,10001752000164,MEI,4,2025-02-15
1753,Alimentos Oeste EIRELI,10001753000171,EPP,12,2025-04-26
1754,Comercial Silva S.A.,10001754000178,MEDIA,9,2025-04-24
1755,Distribuidora Silva EIRELI,10001755000185,ME,13,2026-03-25
1756,Papelaria Central Ltda,10001756000192,ME,10,2025-12-25
1757,Transportes Oeste e Cia,10001757000199,MEI,10,2025-01-25
1758,Alimentos Central EIRELI,10001758000106,MEI,6,2026-01-15
1759,Construtora Norte EIRELI,10001759000113,MEI,13,2025-12-18
1760,Industria Souza S.A.,10001760000120,ME,5,2025-05-17
1761,Alimentos Litoral EIRELI,10001761000127,ME,2,2025-08-03
1762,Industria Central ME,10001762000134,ME,15,2025-09-15
1763,Confeccoes Central e Cia,10001763000141,EPP,10,2026-03-28
1764,Confeccoes Litoral Ltda,10001764000148,EPP,8,2025-07-28
1765,Distribuidora Litoral Ltda,10001765000155,MEI,11,2025-05-03
1766,Industria Norte Ltda,10001766000162,MEI,3,2025-05-27
1767,Comercial Central e Cia,10001767000169,EPP,16,2025-03-11
1768,Construtora Norte e Cia,10001768000176,ME,16,2025-07-27
1769,Papelaria Souza Ltda,10001769000183,ME,1,2025-12-26
1770,Servicos Litoral e Cia,10001770000190,ME,12,2025-01-22
1771,Industria Litoral e Cia,10001771000197,EPP,15,2025-03-31
1772,Alimentos Souza e Cia,10001772000104,MEI,3,2025-01-27
1773,Construtora Central EIRELI,10001773000111,MEI,14,2025-02-27
1774,Servicos Norte Ltda,10001774000118,MEI,11,2025-09-05
1775,Confeccoes Souza Ltda,10001775000125,ME,10,2025-10-19
1776,Servicos Oeste e Cia,10001776000132,EPP,13,2025-01-19
1777,Papelaria Central Ltda,10001777000139,MEI,15,2025-11-12
1778,Alimentos Oeste ME,10001778000146,MEI,15,2025-06-29
1779,Tecnologia Oeste Ltda,10001779000153,MEI,6,2025-09-09
1780,Distribuidora Norte e Cia,10001780000160,EPP,7,2025-07-30
1781,Construtora Silva EIRELI,10001781000167,ME,4,2025-05-09
1782,Construtora Central ME,10001782000174,MEI,8,2025-08-08
1783,Transportes Oeste Ltda,10001783000181,MEDIA,6,2025-12-03
1784,Industria Souza ME,10001784000188,ME,15,2025-01-03
1785,Servicos Silva EIRELI,10001785000195,MEI,12,2025-03-10
1786,Tecnologia Litoral ME,10001786000102,EPP,13,2025-03-24
1787,Construtora Litoral ME,10001787000109,MEI,7,2025-09-08
1788,Industria Oeste S.A.,10001788000116,ME,16,2026-04-18
1789,Industria Silva Ltda,10001789000123,ME,13,2025-03-06
1790,Alimentos Norte Ltda,10001790000130,ME,5,2025-05-02
1791,Alimentos Central e Cia,10001791000137,ME,2,2025-08-11
1792,Confeccoes Oeste S.A.,10001792000144,MEI,16,2025-08-08
1793,Papelaria Souza e Cia,10001793000151,MEI,8,2025-05-24
1794,Confeccoes Litoral EIRELI,10001794000158,ME,4,2025-08-08
1795,Construtora Litoral Ltda,10001795000165,ME,7,2025-09-15
1796,Servicos Norte EIRELI,10001796000172,MEI,6,2025-03-09
1797,Comercial Oeste EIRELI,10001797000179,EPP,13,2025-08-07
1798,Papelaria Souza Ltda,10001798000186,EPP,1,2025-07-14
1799,Transportes Oeste EIRELI,10001799000193,MEI,14,2025-08-07
1800,Comercial Norte S.A.,10001800000100,ME,16,2025-06-05
1801,Confeccoes Oeste ME,10001801000107,EPP,4,2025-12-31
1802,Servicos Oeste Ltda,10001802000114,MEI,14,2025-01-01
1803,Alimentos Souza ME,10001803000121,ME,2,2026-04-11
1804,Tecnologia Souza ME,10001804000128,EPP,4,2025-07-06
1805,Confeccoes Silva Ltda,10001805000135,ME,11,2025-12-16
1806,Alimentos Oeste ME,10001806000142,ME,5,2025-10-29
1807,Servicos Litoral ME,10001807000149,MEI,12,2025-07-16
1808,Distribuidora Souza e Cia,10001808000156,MEI,3,2025-10-28
1809,Servicos Litoral S.A.,10001809000163,EPP,7,2025-02-08
1810,Confeccoes Litoral S.A.,10001810000170,MEDIA,11,2025-04-14
1811,Comercial Souza EIRELI,10001811000177,MEI,5,2025-12-31
1812,Transportes Oeste ME,10001812000184,MEI,9,2026-01-03
1813,Tecnologia Silva S.A.,10001813000191,MEI,4,2026-04-22
1814,Industria Norte ME,10001814000198,ME,1,2025-03-08
1815,Comercial Norte Ltda,10001815000105,ME,10,2025-12-22
1816,Tecnologia Central e Cia,10001816000112,EPP,7,2026-05-13
1817,Industria Central e Cia,10001817000119,MEI,3,2026-02-04
1818,Tecnologia Norte ME,10001818000126,MEI,13,2025-01-02
1819,Papelaria Souza e Cia,10001819000133,ME,6,2026-03-27
1820,Transportes Litoral e Cia,10001820000140,MEI,15,2026-03-13
1821,Confeccoes Litoral ME,10001821000147,ME,8,2025-03-29
1822,Comercial Norte EIRELI,10001822000154,MEI,8,2025-11-24
1823,Confeccoes Souza ME,10001823000161,EPP,5,2025-01-27
1824,Servicos Norte Ltda,10001824000168,MEI,8,2025-06-27
1825,Alimentos Silva e Cia,10001825000175,MEI,12,2025-03-10
1826,Papelaria Oeste ME,10001826000182,MEDIA,14,2025-11-17
1827,Alimentos Souza ME,10001827000189,MEI,1,2026-05-13
1828,Transportes Litoral e Cia,10001828000196,MEI,1,2026-01-17
1829,Confeccoes Litoral e Cia,10001829000103,ME,13,2026-02-23
1830,Servicos Oeste ME,10001830000110,MEI,15,2025-11-19
1831,Industria Central EIRELI,10001831000117,ME,13,2025-08-11
1832,Industria Central Ltda,10001832000124,ME,12,2025-08-24
1833,Industria Souza e Cia,10001833000131,ME,6,2026-01-09
1834,Confeccoes Silva ME,10001834000138,MEI,6,2025-04-01
1835,Papelaria Souza Ltda,10001835000145,MEI,13,2025-08-07
1836,Construtora Litoral S.A.,10001836000152,MEI,8,2025-09-27
1837,Comercial Norte Ltda,10001837000159,MEI,5,2025-01-11
1838,Comercial Litoral Ltda,10001838000166,MEI,4,2026-01-30
1839,Confeccoes Souza e Cia,10001839000173,MEI,3,2026-05-10
1840,Distribuidora Norte ME,10001840000180,EPP,1,2025-02-13
1841,Industria Central e Cia,10001841000187,EPP,7,2026-02-22
1842,Confeccoes Oeste S.A.,10001842000194,MEI,6,2025-01-29
1843,Transportes Silva Ltda,10001843000101,EPP,9,2025-02-22
1844,Distribuidora Norte S.A.,10001844000108,MEI,10,2026-04-13
1845,Comercial Souza S.A.,10001845000115,MEI,8,2025-06-30
1846,Servicos Litoral S.A.,10001846000122,ME,10,2026-01-02
1847,Construtora Souza Ltda,10001847000129,MEI,4,2026-05-05
1848,Alimentos Silva e Cia,10001848000136,MEI,10,2025-07-04
1849,Comercial Norte EIRELI,10001849000143,MEI,3,2025-09-29
1850,Papelaria Souza S.A.,10001850000150,MEI,11,2025-12-08
1851,Papelaria Oeste ME,10001851000157,EPP,10,2025-05-19
1852,Alimentos Oeste Ltda,10001852000164,ME,16,2026-03-18
1853,Industria Oeste EIRELI,10001853000171,MEI,5,2026-01-05
1854,Distribuidora Silva e Cia,10001854000178,MEI,16,2026-01-08
1855,Industria Silva ME,10001855000185,GRANDE,9,2025-04-04
1856,Alimentos Oeste S.A.,10001856000192,MEI,13,2025-12-22
1857,Papelaria Litoral ME,10001857000199,MEI,14,2026-04-29
1858,Tecnologia Central e Cia,10001858000106,ME,8,2025-10-01
1859,Transportes Norte EIRELI,10001859000113,MEI,16,2025-10-25
1860,Transportes Norte EIRELI,10001860000120,ME,14,2025-05-01
1861,Comercial Souza Ltda,10001861000127,MEI,12,2025-08-31
1862,Distribuidora Silva ME,10001862000134,MEI,5,2026-03-11
1863,Confeccoes Central EIRELI,10001863000141,EPP,5,2025-10-10
1864,Servicos Souza EIRELI,10001864000148,MEI,14,2025-03-12
1865,Industria Central Ltda,10001865000155,ME,4,2025-08-06
1866,Comercial Litoral Ltda,10001866000162,ME,12,2025-02-07
1867,Papelaria Souza Ltda,10001867000169,MEI,16,2025-03-14
1868,Servicos Silva Ltda,10001868000176,ME,3,2026-02-21
1869,Industria Souza S.A.,10001869000183,ME,14,2026-01-19
1870,Construtora Central ME,10001870000190,MEI,10,2025-11-27
1871,Confeccoes Silva EIRELI,10001871000197,MEI,1,2025-11-25
1872,Papelaria Souza e Cia,10001872000104,MEI,2,2025-07-22
1873,Construtora Norte ME,10001873000111,EPP,14,2025-09-14
1874,Servicos Central EIRELI,10001874000118,MEI,10,2025-02-17
1875,Industria Litoral EIRELI,10001875000125,MEI,13,2025-01-29
1876,Tecnologia Souza e Cia,10001876000132,ME,8,2025-02-09
1877,Construtora Oeste S.A.,10001877000139,EPP,15,2025-03-26
1878,Alimentos Litoral S.A.,10001878000146,MEI,2,2025-02-25
1879,Distribuidora Oeste e Cia,10001879000153,ME,4,2025-06-21
1880,Servicos Oeste EIRELI,10001880000160,ME,1,2025-02-03
1881,Papelaria Silva ME,10001881000167,MEI,7,2025-04-14
1882,Servicos Oeste Ltda,10001882000174,MEDIA,2,2025-10-17
1883,Papelaria Central Ltda,10001883000181,MEI,2,2025-02-17
1884,Comercial Oeste ME,10001884000188,MEDIA,10,2025-09-14
1885,Alimentos Central ME,10001885000195,MEDIA,7,2025-12-26
1886,Alimentos Central e Cia,10001886000102,MEI,4,2026-02-18
1887,Comercial Norte S.A.,10001887000109,ME,5,2026-03-21
1888,Confeccoes Souza EIRELI,10001888000116,ME,2,2025-02-10
1889,Servicos Souza EIRELI,10001889000123,ME,3,2025-03-24
1890,Construtora Souza ME,10001890000130,MEI,11,2025-11-16
1891,Comercial Litoral S.A.,10001891000137,MEI,14,2025-11-09
1892,Industria Norte S.A.,10001892000144,MEI,3,2025-01-08
1893,Confeccoes Norte Ltda,10001893000151,ME,5,2025-08-21
1894,Industria Oeste EIRELI,10001894000158,MEI,11,2025-10-23
1895,Alimentos Silva Ltda,10001895000165,MEI,12,2026-01-31
1896,Confeccoes Central ME,10001896000172,ME,15,2025-08-15
1897,Distribuidora Norte S.A.,10001897000179,MEI,5,2026-03-16
1898,Tecnologia Central e Cia,10001898000186,EPP,10,2025-03-08
1899,Alimentos Norte e Cia,10001899000193,MEDIA,15,2025-07-11
1900,Tecnologia Norte S.A.,10001900000100,MEI,3,2026-03-25
1901,Papelaria Litoral Ltda,10001901000107,ME,2,2025-05-06
1902,Industria Silva ME,10001902000114,MEI,1,2025-10-19
1903,Distribuidora Souza S.A.,10001903000121,EPP,13,2025-12-09
1904,Alimentos Central S.A.,10001904000128,ME,3,2026-04-06
1905,Distribuidora Silva EIRELI,10001905000135,ME,15,2026-04-15
1906,Tecnologia Souza S.A.,10001906000142,MEI,13,2025-06-12
1907,Papelaria Central EIRELI,10001907000149,ME,11,2025-09-01
1908,Confeccoes Central Ltda,10001908000156,ME,4,2026-05-01
1909,Industria Litoral EIRELI,10001909000163,MEI,16,2025-01-17
1910,Comercial Oeste S.A.,10001910000170,MEDIA,13,2025-04-20
1911,Servicos Silva S.A.,10001911000177,MEI,2,2025-11-22
1912,Distribuidora Souza Ltda,10001912000184,MEI,6,2025-02-11
1913,Construtora Central e Cia,10001913000191,MEI,10,2026-04-03
1914,Industria Silva Ltda,10001914000198,EPP,9,2025-08-08
1915,Confeccoes Souza EIRELI,10001915000105,MEI,11,2025-08-03
1916,Construtora Norte EIRELI,10001916000112,MEDIA,16,2025-08-12
1917,Papelaria Central Ltda,10001917000119,ME,12,2026-04-03
1918,Distribuidora Litoral e Cia,10001918000126,ME,7,2025-06-15
1919,Comercial Souza S.A.,10001919000133,EPP,11,2025-09-13
1920,Distribuidora Litoral S.A.,10001920000140,MEI,11,2026-01-05
1921,Construtora Souza S.A.,10001921000147,ME,1,2025-10-24
1922,Comercial Souza EIRELI,10001922000154,MEI,4,2025-10-07
1923,Papelaria Central EIRELI,10001923000161,MEI,6,2026-05-03
1924,Papelaria Silva ME,10001924000168,EPP,7,2025-01-09
1925,Confeccoes Norte Ltda,10001925000175,ME,10,2025-11-29
1926,Tecnologia Central ME,10001926000182,MEI,15,2025-10-05
1927,Transportes Oeste Ltda,10001927000189,EPP,14,2025-08-23
1928,Alimentos Souza e Cia,10001928000196,ME,14,2025-10-05
1929,Tecnologia Oeste S.A.,10001929000103,ME,14,2025-12-26
1930,Distribuidora Silva Ltda,10001930000110,ME,4,2025-11-12
1931,Distribuidora Central e Cia,10001931000117,EPP,14,2025-02-21
1932,Transportes Norte Ltda,10001932000124,ME,15,2026-03-13
1933,Servicos Souza S.A.,10001933000131,ME,14,2025-02-28
1934,Construtora Silva ME,10001934000138,MEDIA,7,2026-04-13
1935,Tecnologia Litoral S.A.,10001935000145,MEI,15,2025-07-11
1936,Transportes Oeste ME,10001936000152,EPP,8,2025-05-16
1937,Tecnologia Litoral EIRELI,10001937000159,MEI,10,2026-04-11
1938,Comercial Silva Ltda,10001938000166,MEI,14,2025-07-11
1939,Alimentos Souza e Cia,10001939000173,GRANDE,11,2025-05-04
1940,Servicos Norte S.A.,10001940000180,EPP,13,2026-02-15
1941,Industria Litoral S.A.,10001941000187,MEDIA,14,2025-03-30
1942,Alimentos Norte EIRELI,10001942000194,MEI,13,2025-02-20
1943,Transportes Silva e Cia,10001943000101,ME,5,2026-03-08
1944,Transportes Souza ME,10001944000108,MEI,9,2025-02-17
1945,Tecnologia Silva e Cia,10001945000115,MEI,1,2025-11-13
1946,Papelaria Central Ltda,10001946000122,ME,3,2025-03-08
1947,Alimentos Souza EIRELI,10001947000129,ME,15,2025-04-24
1948,Servicos Norte EIRELI,10001948000136,ME,10,2026-02-18
1949,Confeccoes Litoral Ltda,10001949000143,MEI,13,2026-04-24
1950,Comercial Litoral e Cia,10001950000150,EPP,5,2025-02-26
1951,Papelaria Silva Ltda,10001951000157,MEI,15,2025-05-15
1952,Distribuidora Silva S.A.,10001952000164,EPP,6,2026-04-13
1953,Tecnologia Silva S.A.,10001953000171,ME,7,2025-07-31
1954,Construtora Litoral Ltda,10001954000178,MEI,3,2025-08-03
1955,Alimentos Litoral S.A.,10001955000185,EPP,13,2025-04-03
1956,Comercial Souza e Cia,10001956000192,ME,10,2026-03-14
1957,Distribuidora Oeste ME,10001957000199,ME,2,2025-11-11
1958,Industria Norte ME,10001958000106,EPP,1,2025-04-09
1959,Transportes Silva e Cia,10001959000113,ME,1,2025-03-20
1960,Alimentos Silva EIRELI,10001960000120,MEI,7,2025-03-12
1961,Distribuidora Litoral EIRELI,10001961000127,MEI,8,2025-09-04
1962,Distribuidora Oeste e Cia,10001962000134,ME,7,2025-08-28
1963,Tecnologia Norte S.A.,10001963000141,EPP,16,2025-05-09
1964,Servicos Litoral ME,10001964000148,MEDIA,6,2025-02-22
1965,Industria Souza S.A.,10001965000155,MEI,10,2025-08-17
1966,Papelaria Litoral ME,10001966000162,EPP,14,2025-11-15
1967,Papelaria Central S.A.,10001967000169,MEI,4,2025-06-30
1968,Distribuidora Central EIRELI,10001968000176,EPP,12,2026-05-06
1969,Papelaria Central ME,10001969000183,ME,9,2026-03-26
1970,Tecnologia Silva Ltda,10001970000190,MEI,12,2025-06-15
1971,Industria Oeste EIRELI,10001971000197,MEI,14,2025-12-03
1972,Alimentos Souza ME,10001972000104,MEI,12,2025-06-13
1973,Alimentos Souza S.A.,10001973000111,ME,1,2025-06-14
1974,Transportes Silva S.A.,10001974000118,MEI,8,2025-04-19
1975,Distribuidora Norte ME,10001975000125,ME,7,2026-04-30
1976,Papelaria Litoral S.A.,10001976000132,ME,3,2025-08-11
1977,Alimentos Souza EIRELI,10001977000139,MEI,11,2025-09-10
1978,Comercial Oeste S.A.,10001978000146,MEI,16,2025-08-20
1979,Papelaria Oeste e Cia,10001979000153,MEI,6,2025-10-23
1980,Confeccoes Silva e Cia,10001980000160,MEDIA,1,2026-04-12
1981,Confeccoes Souza S.A.,10001981000167,MEI,15,2025-10-01
1982,Alimentos Litoral Ltda,10001982000174,MEI,2,2025-02-18
1983,Confeccoes Oeste ME,10001983000181,ME,14,2025-07-24
1984,Transportes Oeste S.A.,10001984000188,ME,3,2025-07-21
1985,Construtora Central Ltda,10001985000195,EPP,10,2026-04-26
1986,Comercial Souza Ltda,10001986000102,EPP,4,2025-03-13
1987,Alimentos Litoral S.A.,10001987000109,MEI,4,2025-02-15
1988,Alimentos Norte Ltda,10001988000116,EPP,7,2026-03-21
1989,Confeccoes Silva Ltda,10001989000123,MEI,2,2025-06-05
1990,Confeccoes Oeste e Cia,10001990000130,ME,3,2025-07-14
1991,Industria Souza e Cia,10001991000137,ME,9,2025-03-06
1992,Industria Norte S.A.,10001992000144,ME,11,2025-12-09
1993,Transportes Norte EIRELI,10001993000151,ME,4,2025-12-05
1994,Confeccoes Oeste S.A.,10001994000158,MEI,16,2025-05-16
1995,Distribuidora Oeste e Cia,10001995000165,EPP,10,2025-05-05
1996,Distribuidora Silva S.A.,10001996000172,MEI,7,2025-01-07
1997,Construtora Central EIRELI,10001997000179,ME,7,2025-06-24
1998,Papelaria Norte e Cia,10001998000186,EPP,7,2026-01-25
1999,Construtora Litoral EIRELI,10001999000193,EPP,10,2025-02-24
2000,Servicos Oeste S.A.,10002000000100,MEDIA,5,2026-03-21
2001,Tecnologia Souza Ltda,10002001000107,MEI,7,2025-03-26
2002,Papelaria Litoral Ltda,10002002000114,MEI,10,2026-03-25
2003,Distribuidora Souza Ltda,10002003000121,EPP,4,2025-04-06
2004,Comercial Central e Cia,10002004000128,ME,9,2025-05-16
2005,Transportes Silva ME,10002005000135,MEI,4,2025-03-19
2006,Transportes Central e Cia,10002006000142,MEI,13,2025-08-14
2007,Alimentos Silva Ltda,10002007000149,ME,9,2026-01-10
2008,Servicos Oeste EIRELI,10002008000156,MEI,14,2025-11-01
2009,Transportes Norte S.A.,10002009000163,ME,9,2025-02-25
2010,Servicos Silva EIRELI,10002010000170,MEI,2,2026-04-04
2011,Papelaria Oeste EIRELI,10002011000177,MEI,2,2025-02-21
2012,Servicos Norte S.A.,10002012000184,MEI,9,2025-02-21
2013,Confeccoes Central EIRELI,10002013000191,MEI,8,2025-04-15
2014,Confeccoes Litoral e Cia,10002014000198,MEI,12,2025-01-02
2015,Industria Norte e Cia,10002015000105,ME,4,2025-06-06
2016,Industria Oeste Ltda,10002016000112,MEI,8,2025-06-20
2017,Industria Silva S.A.,10002017000119,MEI,15,2025-01-11
2018,Confeccoes Silva EIRELI,10002018000126,ME,6,2026-03-13
2019,Papelaria Oeste S.A.,10002019000133,ME,1,2025-09-08
2020,Construtora Silva Ltda,10002020000140,EPP,8,2025-10-18
2021,Servicos Norte e Cia,10002021000147,MEI,10,2025-03-17
2022,Distribuidora Oeste ME,10002022000154,ME,4,2026-01-12
2023,Transportes Oeste S.A.,10002023000161,MEI,12,2025-08-23
2024,Alimentos Oeste ME,10002024000168,EPP,1,2026-02-01
2025,Distribuidora Oeste e Cia,10002025000175,ME,16,2025-01-11
2026,Tecnologia Souza EIRELI,10002026000182,MEI,5,2025-01-16
2027,Papelaria Litoral S.A.,10002027000189,MEI,8,2026-01-17
2028,Servicos Central Ltda,10002028000196,MEDIA,3,2026-03-26
2029,Transportes Souza ME,10002029000103,EPP,15,2025-06-28
2030,Tecnologia Norte S.A.,10002030000110,EPP,11,2025-05-22
2031,Servicos Silva e Cia,10002031000117,ME,10,2025-06-25
2032,Tecnologia Central e Cia,10002032000124,MEDIA,4,2026-02-10
2033,Confeccoes Silva Ltda,10002033000131,ME,12,2025-12-17
2034,Construtora Litoral EIRELI,10002034000138,ME,5,2025-05-29
2035,Confeccoes Central ME,10002035000145,MEI,6,2025-05-31
2036,Construtora Silva EIRELI,10002036000152,MEI,1,2025-10-31
2037,Comercial Central ME,10002037000159,MEI,4,2025-06-30
2038,Comercial Oeste EIRELI,10002038000166,MEI,1,2025-05-26
2039,Distribuidora Litoral ME,10002039000173,MEI,5,2026-01-11
2040,Tecnologia Norte Ltda,10002040000180,MEI,7,2025-01-17
2041,Alimentos Souza S.A.,10002041000187,MEI,16,2026-05-11
2042,Confeccoes Oeste e Cia,10002042000194,MEI,4,2025-10-16
2043,Alimentos Norte EIRELI,10002043000101,ME,14,2025-04-13
2044,Industria Central e Cia,10002044000108,MEI,9,2025-06-06
2045,Confeccoes Norte S.A.,10002045000115,ME,3,2025-07-12
2046,Distribuidora Souza e Cia,10002046000122,MEI,14,2025-06-10
2047,Construtora Oeste S.A.,10002047000129,ME,12,2026-05-08
2048,Construtora Silva e Cia,10002048000136,MEI,14,2026-01-28
2049,Distribuidora Souza e Cia,10002049000143,EPP,14,2026-02-07
2050,Papelaria Norte ME,10002050000150,MEI,8,2025-10-06
2051,Comercial Central EIRELI,10002051000157,MEI,10,2025-01-04
2052,Transportes Central Ltda,10002052000164,MEI,15,2025-05-19
2053,Alimentos Norte Ltda,10002053000171,EPP,4,2025-10-17
2054,Alimentos Silva Ltda,10002054000178,ME,16,2025-12-12
2055,Servicos Norte EIRELI,10002055000185,ME,2,2026-05-11
2056,Industria Souza EIRELI,10002056000192,MEI,16,2025-06-09
2057,Construtora Norte EIRELI,10002057000199,MEI,1,2025-01-01
2058,Papelaria Silva e Cia,10002058000106,MEI,5,2025-04-15
2059,Construtora Silva e Cia,10002059000113,MEI,4,2025-01-29
2060,Confeccoes Central S.A.,10002060000120,MEDIA,4,2026-02-24
2061,Transportes Oeste e Cia,10002061000127,ME,8,2026-03-16
2062,Tecnologia Souza Ltda,10002062000134,MEI,4,2026-02-24
2063,Industria Norte e Cia,10002063000141,MEI,8,2025-09-03
2064,Confeccoes Litoral Ltda,10002064000148,MEDIA,10,2025-09-10
2065,Confeccoes Central S.A.,10002065000155,ME,12,2025-02-24
2066,Tecnologia Central EIRELI,10002066000162,MEI,15,2025-08-23
2067,Papelaria Central Ltda,10002067000169,ME,4,2025-01-18
2068,Comercial Oeste EIRELI,10002068000176,ME,15,2026-01-06
2069,Confeccoes Silva EIRELI,10002069000183,MEI,15,2026-03-15
2070,Alimentos Litoral e Cia,10002070000190,MEI,7,2025-02-02
2071,Industria Oeste e Cia,10002071000197,MEI,6,2026-01-02
2072,Confeccoes Litoral ME,10002072000104,EPP,5,2025-02-04
2073,Tecnologia Central e Cia,10002073000111,ME,16,2025-10-22
2074,Industria Litoral ME,10002074000118,ME,9,2025-10-25
2075,Papelaria Norte S.A.,10002075000125,MEI,12,2025-01-16
2076,Servicos Silva Ltda,10002076000132,ME,6,2025-12-14
2077,Alimentos Souza EIRELI,10002077000139,MEI,16,2026-03-27
2078,Tecnologia Central Ltda,10002078000146,MEI,6,2025-05-09
2079,Comercial Litoral Ltda,10002079000153,MEI,4,2025-07-11
2080,Industria Oeste Ltda,10002080000160,ME,1,2025-07-13
2081,Papelaria Norte EIRELI,10002081000167,MEI,5,2025-09-09
2082,Confeccoes Souza EIRELI,10002082000174,ME,15,2025-08-11
2083,Distribuidora Norte Ltda,10002083000181,ME,7,2025-12-09
2084,Servicos Silva EIRELI,10002084000188,EPP,4,2025-07-04
2085,Papelaria Norte Ltda,10002085000195,MEI,14,2025-12-16
2086,Servicos Souza e Cia,10002086000102,EPP,16,2025-09-14
2087,Alimentos Norte e Cia,10002087000109,EPP,12,2026-02-15
2088,Construtora Central S.A.,10002088000116,EPP,3,2025-10-19
2089,Industria Norte ME,10002089000123,MEI,3,2025-09-13
2090,Comercial Norte e Cia,10002090000130,MEI,8,2025-04-25
2091,Confeccoes Central ME,10002091000137,MEI,10,2026-03-23
2092,Confeccoes Silva e Cia,10002092000144,ME,6,2026-03-13
2093,Tecnologia Norte Ltda,10002093000151,ME,10,2026-04-02
2094,Papelaria Central ME,10002094000158,ME,4,2025-01-17
2095,Tecnologia Oeste EIRELI,10002095000165,MEI,11,2026-01-27
2096,Industria Souza e Cia,10002096000172,EPP,2,2025-06-18
2097,Servicos Central Ltda,10002097000179,EPP,2,2025-10-16
2098,Alimentos Silva S.A.,10002098000186,ME,2,2025-11-10
2099,Transportes Central EIRELI,10002099000193,MEI,3,2025-01-22
2100,Comercial Central e Cia,10002100000100,MEI,4,2025-06-29
2101,Construtora Oeste EIRELI,10002101000107,MEI,14,2025-01-29
2102,Servicos Norte e Cia,10002102000114,EPP,1,2025-12-16
2103,Transportes Central Ltda,10002103000121,MEI,1,2025-07-13
2104,Tecnologia Litoral S.A.,10002104000128,ME,5,2025-03-01
2105,Distribuidora Norte ME,10002105000135,MEI,15,2025-06-25
2106,Comercial Souza EIRELI,10002106000142,MEI,14,2025-01-06
2107,Tecnologia Litoral e Cia,10002107000149,ME,8,2026-02-15
2108,Servicos Silva Ltda,10002108000156,MEI,1,2025-08-13
2109,Confeccoes Silva ME,10002109000163,MEI,6,2025-12-02
2110,Confeccoes Souza e Cia,10002110000170,MEI,8,2025-12-03
2111,Distribuidora Silva ME,10002111000177,EPP,4,2025-04-16
2112,Alimentos Souza S.A.,10002112000184,ME,16,2026-04-28
2113,Transportes Oeste EIRELI,10002113000191,ME,12,2025-05-17
2114,Transportes Norte Ltda,10002114000198,MEI,11,2026-04-07
2115,Papelaria Central ME,10002115000105,MEI,14,2026-04-12
2116,Transportes Souza ME,10002116000112,ME,5,2025-04-18
2117,Alimentos Litoral EIRELI,10002117000119,MEI,4,2025-05-01
2118,Construtora Silva Ltda,10002118000126,ME,15,2025-01-18
2119,Confeccoes Norte S.A.,10002119000133,MEI,9,2026-05-10
2120,Comercial Oeste e Cia,10002120000140,MEI,3,2025-01-10
2121,Tecnologia Central Ltda,10002121000147,MEI,13,2025-07-14
2122,Tecnologia Norte Ltda,10002122000154,ME,6,2025-01-17
2123,Comercial Norte ME,10002123000161,EPP,12,2026-04-10
2124,Papelaria Souza Ltda,10002124000168,MEI,9,2026-03-01
2125,Tecnologia Litoral Ltda,10002125000175,EPP,14,2025-10-11
2126,Confeccoes Norte S.A.,10002126000182,MEI,13,2026-01-04
2127,Industria Central S.A.,10002127000189,ME,9,2026-04-19
2128,Industria Silva ME,10002128000196,ME,8,2026-05-02
2129,Distribuidora Souza e Cia,10002129000103,MEI,9,2025-10-20
2130,Comercial Norte ME,10002130000110,MEI,13,2025-12-04
2131,Papelaria Silva Ltda,10002131000117,MEI,9,2025-12-05
2132,Confeccoes Souza S.A.,10002132000124,ME,11,2025-08-14
2133,Construtora Silva ME,10002133000131,ME,1,2026-03-09
2134,Tecnologia Silva e Cia,10002134000138,EPP,7,2025-05-22
2135,Distribuidora Central EIRELI,10002135000145,MEI,11,2026-02-07
2136,Confeccoes Central EIRELI,10002136000152,MEI,9,2025-03-31
2137,Papelaria Litoral Ltda,10002137000159,MEI,5,2025-12-02
2138,Industria Litoral e Cia,10002138000166,EPP,2,2025-10-24
2139,Comercial Norte EIRELI,10002139000173,MEI,11,2026-01-01
2140,Confeccoes Silva ME,10002140000180,ME,9,2025-01-23
2141,Alimentos Silva Ltda,10002141000187,ME,8,2025-02-27
2142,Servicos Souza ME,10002142000194,ME,3,2026-03-01
2143,Distribuidora Litoral S.A.,10002143000101,EPP,14,2025-03-15
2144,Alimentos Norte ME,10002144000108,MEI,1,2025-07-28
2145,Construtora Oeste e Cia,10002145000115,MEI,12,2025-07-08
2146,Confeccoes Souza e Cia,10002146000122,MEI,2,2025-11-08
2147,Alimentos Norte e Cia,10002147000129,ME,7,2025-12-31
2148,Servicos Central e Cia,10002148000136,MEI,12,2026-01-07
2149,Tecnologia Litoral Ltda,10002149000143,MEDIA,5,2026-05-06
2150,Papelaria Norte e Cia,10002150000150,ME,8,2026-01-11
2151,Transportes Litoral Ltda,10002151000157,EPP,14,2025-09-28
2152,Papelaria Central e Cia,10002152000164,ME,2,2025-06-12
2153,Servicos Norte ME,10002153000171,EPP,9,2025-06-18
2154,Alimentos Souza S.A.,10002154000178,MEI,8,2026-05-13
2155,Servicos Central S.A.,10002155000185,MEI,4,2025-06-30
2156,Alimentos Litoral S.A.,10002156000192,ME,3,2025-08-18
2157,Servicos Norte EIRELI,10002157000199,EPP,14,2025-05-06
2158,Papelaria Litoral EIRELI,10002158000106,ME,14,2026-02-12
2159,Alimentos Oeste Ltda,10002159000113,MEI,10,2025-08-04
2160,Papelaria Central EIRELI,10002160000120,EPP,5,2026-03-25
2161,Comercial Souza Ltda,10002161000127,MEI,15,2026-01-27
2162,Distribuidora Souza Ltda,10002162000134,EPP,16,2025-01-13
2163,Distribuidora Souza e Cia,10002163000141,EPP,6,2026-04-16
2164,Tecnologia Oeste EIRELI,10002164000148,MEI,13,2025-10-13
2165,Confeccoes Silva ME,10002165000155,EPP,8,2026-04-05
2166,Papelaria Norte e Cia,10002166000162,MEI,11,2026-01-05
2167,Distribuidora Litoral ME,10002167000169,EPP,2,2026-04-12
2168,Construtora Litoral S.A.,10002168000176,MEI,14,2025-09-02
2169,Industria Litoral e Cia,10002169000183,EPP,5,2026-04-25
2170,Industria Silva e Cia,10002170000190,ME,3,2025-12-12
2171,Tecnologia Oeste S.A.,10002171000197,MEI,15,2026-01-05
2172,Distribuidora Souza ME,10002172000104,ME,9,2025-01-25
2173,Confeccoes Oeste S.A.,10002173000111,MEI,14,2025-04-02
2174,Comercial Litoral EIRELI,10002174000118,MEI,5,2025-05-23
2175,Distribuidora Oeste ME,10002175000125,MEI,11,2025-05-28
2176,Construtora Central EIRELI,10002176000132,EPP,9,2025-05-28
2177,Papelaria Silva EIRELI,10002177000139,ME,9,2025-03-14
2178,Servicos Norte e Cia,10002178000146,ME,4,2025-01-15
2179,Transportes Norte EIRELI,10002179000153,MEI,2,2026-03-03
2180,Alimentos Souza ME,10002180000160,EPP,1,2025-10-20
2181,Construtora Norte EIRELI,10002181000167,EPP,14,2025-06-01
2182,Distribuidora Central S.A.,10002182000174,ME,4,2025-02-14
2183,Confeccoes Litoral Ltda,10002183000181,MEDIA,5,2026-02-16
2184,Servicos Litoral Ltda,10002184000188,MEI,3,2025-09-17
2185,Confeccoes Central e Cia,10002185000195,ME,11,2025-02-07
2186,Comercial Central Ltda,10002186000102,EPP,11,2026-02-11
2187,Servicos Norte Ltda,10002187000109,EPP,11,2025-11-18
2188,Servicos Souza e Cia,10002188000116,MEI,1,2026-04-28
2189,Servicos Oeste S.A.,10002189000123,MEI,8,2026-02-21
2190,Construtora Oeste EIRELI,10002190000130,MEI,6,2026-03-25
2191,Transportes Litoral EIRELI,10002191000137,MEI,3,2025-02-04
2192,Transportes Norte EIRELI,10002192000144,ME,16,2025-01-20
2193,Confeccoes Norte S.A.,10002193000151,ME,14,2025-05-01
2194,Construtora Norte EIRELI,10002194000158,EPP,12,2026-03-07
2195,Confeccoes Litoral S.A.,10002195000165,ME,8,2025-11-19
2196,Papelaria Oeste e Cia,10002196000172,ME,13,2025-02-19
2197,Distribuidora Oeste S.A.,10002197000179,MEDIA,8,2025-06-16
2198,Tecnologia Silva EIRELI,10002198000186,ME,8,2025-06-13
2199,Alimentos Litoral S.A.,10002199000193,ME,4,2026-02-01
2200,Construtora Norte S.A.,10002200000100,ME,16,2025-01-15
2201,Confeccoes Norte EIRELI,10002201000107,EPP,10,2026-02-05
2202,Comercial Norte ME,10002202000114,MEI,14,2025-06-12
2203,Tecnologia Central S.A.,10002203000121,MEI,14,2026-04-13
2204,Confeccoes Central EIRELI,10002204000128,MEI,2,2026-02-24
2205,Confeccoes Central S.A.,10002205000135,MEI,2,2026-03-25
2206,Transportes Souza Ltda,10002206000142,EPP,6,2025-11-11
2207,Industria Norte e Cia,10002207000149,MEI,11,2026-01-05
2208,Tecnologia Silva ME,10002208000156,EPP,1,2026-01-28
2209,Comercial Norte EIRELI,10002209000163,MEI,3,2025-04-12
2210,Transportes Central EIRELI,10002210000170,MEI,6,2025-03-24
2211,Alimentos Central EIRELI,10002211000177,ME,12,2025-05-08
2212,Comercial Silva e Cia,10002212000184,MEI,1,2025-07-23
2213,Comercial Souza ME,10002213000191,MEI,16,2025-04-28
2214,Comercial Oeste Ltda,10002214000198,EPP,8,2025-07-13
2215,Industria Litoral ME,10002215000105,EPP,13,2025-02-09
2216,Transportes Litoral S.A.,10002216000112,MEI,3,2026-01-16
2217,Distribuidora Litoral e Cia,10002217000119,ME,5,2025-04-10
2218,Alimentos Central e Cia,10002218000126,ME,10,2025-06-04
2219,Construtora Souza Ltda,10002219000133,MEI,9,2025-12-02
2220,Tecnologia Oeste S.A.,10002220000140,MEI,16,2026-05-11
2221,Transportes Oeste S.A.,10002221000147,MEI,14,2025-12-26
2222,Tecnologia Silva S.A.,10002222000154,ME,8,2026-05-03
2223,Transportes Litoral Ltda,10002223000161,ME,12,2025-10-23
2224,Tecnologia Souza S.A.,10002224000168,MEI,1,2025-10-16
2225,Confeccoes Oeste EIRELI,10002225000175,EPP,4,2026-05-15
2226,Distribuidora Norte EIRELI,10002226000182,MEI,3,2026-04-28
2227,Papelaria Souza Ltda,10002227000189,MEI,16,2025-11-12
2228,Transportes Litoral e Cia,10002228000196,ME,16,2025-01-31
2229,Confeccoes Central ME,10002229000103,ME,16,2026-03-04
2230,Comercial Oeste e Cia,10002230000110,ME,5,2026-03-23
2231,Confeccoes Litoral EIRELI,10002231000117,ME,1,2026-02-11
2232,Transportes Central ME,10002232000124,MEDIA,16,2025-05-01
2233,Construtora Litoral S.A.,10002233000131,ME,11,2026-03-16
2234,Distribuidora Central Ltda,10002234000138,MEI,3,2026-01-23
2235,Industria Norte Ltda,10002235000145,MEI,1,2025-08-13
2236,Comercial Central S.A.,10002236000152,MEI,4,2026-02-16
2237,Industria Litoral e Cia,10002237000159,MEI,16,2025-01-05
2238,Distribuidora Central ME,10002238000166,ME,10,2026-03-27
2239,Transportes Oeste e Cia,10002239000173,EPP,9,2025-10-16
2240,Industria Oeste e Cia,10002240000180,ME,6,2026-02-16
2241,Transportes Norte ME,10002241000187,ME,12,2025-04-18
2242,Industria Souza e Cia,10002242000194,ME,11,2025-08-31
2243,Alimentos Central EIRELI,10002243000101,MEI,1,2025-02-04
2244,Confeccoes Litoral EIRELI,10002244000108,MEI,1,2025-02-18
2245,Alimentos Silva Ltda,10002245000115,ME,15,2025-11-01
2246,Distribuidora Oeste e Cia,10002246000122,EPP,6,2025-06-26
2247,Servicos Oeste ME,10002247000129,EPP,1,2026-03-21
2248,Papelaria Litoral ME,10002248000136,MEI,14,2026-01-28
2249,Confeccoes Norte e Cia,10002249000143,ME,13,2025-04-14
2250,Papelaria Souza Ltda,10002250000150,ME,3,2025-05-24
2251,Confeccoes Norte Ltda,10002251000157,MEI,6,2025-09-25
2252,Alimentos Norte e Cia,10002252000164,ME,13,2026-05-10
2253,Servicos Souza Ltda,10002253000171,ME,16,2025-04-21
2254,Papelaria Souza EIRELI,10002254000178,MEI,3,2026-03-24
2255,Alimentos Silva Ltda,10002255000185,MEI,1,2026-02-18
2256,Tecnologia Litoral S.A.,10002256000192,MEI,15,2025-09-14
2257,Servicos Norte S.A.,10002257000199,MEI,4,2025-07-17
2258,Alimentos Oeste e Cia,10002258000106,MEI,16,2025-02-10
2259,Industria Litoral ME,10002259000113,ME,7,2026-03-07
2260,Transportes Central S.A.,10002260000120,ME,14,2025-05-09
2261,Transportes Central ME,10002261000127,MEI,4,2026-03-20
2262,Construtora Litoral ME,10002262000134,ME,12,2025-04-20
2263,Tecnologia Oeste EIRELI,10002263000141,EPP,7,2025-01-06
2264,Construtora Oeste e Cia,10002264000148,MEI,7,2025-10-28
2265,Alimentos Silva ME,10002265000155,EPP,10,2025-09-15
2266,Papelaria Oeste Ltda,10002266000162,ME,1,2025-11-25
2267,Tecnologia Silva ME,10002267000169,MEI,16,2025-01-30
2268,Construtora Norte S.A.,10002268000176,ME,1,2025-08-31
2269,Comercial Oeste Ltda,10002269000183,ME,4,2026-01-01
2270,Industria Souza Ltda,10002270000190,MEI,5,2026-03-10
2271,Comercial Central Ltda,10002271000197,MEI,4,2026-03-16
2272,Servicos Litoral e Cia,10002272000104,ME,9,2025-06-20
2273,Industria Norte ME,10002273000111,ME,11,2026-04-27
2274,Tecnologia Litoral Ltda,10002274000118,MEI,13,2026-02-27
2275,Confeccoes Silva EIRELI,10002275000125,MEI,5,2025-05-22
2276,Transportes Central EIRELI,10002276000132,ME,7,2026-03-08
2277,Confeccoes Oeste e Cia,10002277000139,MEI,1,2025-06-24
2278,Papelaria Litoral Ltda,10002278000146,ME,15,2025-08-26
2279,Distribuidora Silva EIRELI,10002279000153,ME,3,2025-04-06
2280,Papelaria Litoral Ltda,10002280000160,ME,11,2026-02-08
2281,Servicos Litoral ME,10002281000167,ME,1,2026-03-26
2282,Confeccoes Litoral EIRELI,10002282000174,ME,8,2026-01-13
2283,Confeccoes Silva S.A.,10002283000181,ME,5,2025-04-02
2284,Industria Norte ME,10002284000188,MEI,9,2026-03-04
2285,Confeccoes Souza EIRELI,10002285000195,MEDIA,7,2025-05-13
2286,Confeccoes Silva S.A.,10002286000102,MEI,15,2025-07-06
2287,Transportes Central EIRELI,10002287000109,MEI,12,2026-03-04
2288,Industria Norte e Cia,10002288000116,MEI,13,2025-12-26
2289,Alimentos Litoral ME,10002289000123,MEI,14,2025-12-25
2290,Distribuidora Norte EIRELI,10002290000130,MEI,9,2025-08-28
2291,Comercial Silva e Cia,10002291000137,ME,9,2025-04-06
2292,Industria Central e Cia,10002292000144,MEI,16,2025-10-16
2293,Papelaria Silva ME,10002293000151,ME,13,2025-11-19
2294,Comercial Souza S.A.,10002294000158,ME,12,2025-06-22
2295,Industria Oeste ME,10002295000165,MEI,4,2025-10-07
2296,Comercial Central e Cia,10002296000172,ME,6,2025-10-22
2297,Tecnologia Central EIRELI,10002297000179,MEI,14,2025-07-11
2298,Construtora Litoral S.A.,10002298000186,MEI,11,2026-05-13
2299,Transportes Silva S.A.,10002299000193,MEI,8,2025-05-18
2300,Papelaria Silva EIRELI,10002300000100,ME,13,2026-04-18
2301,Papelaria Litoral e Cia,10002301000107,MEI,10,2026-05-13
2302,Industria Litoral ME,10002302000114,ME,5,2025-01-28
2303,Confeccoes Souza ME,10002303000121,ME,3,2025-03-26
2304,Comercial Litoral EIRELI,10002304000128,MEI,15,2025-03-30
2305,Confeccoes Silva EIRELI,10002305000135,MEI,10,2025-04-15
2306,Distribuidora Litoral EIRELI,10002306000142,MEI,14,2025-10-12
2307,Comercial Central EIRELI,10002307000149,MEI,12,2025-08-30
2308,Servicos Central S.A.,10002308000156,EPP,13,2025-12-28
2309,Distribuidora Central EIRELI,10002309000163,MEI,8,2026-04-24
2310,Tecnologia Oeste ME,10002310000170,EPP,5,2026-01-09
2311,Papelaria Central e Cia,10002311000177,MEI,14,2025-09-08
2312,Servicos Norte EIRELI,10002312000184,ME,1,2025-07-08
2313,Alimentos Norte Ltda,10002313000191,ME,12,2026-01-20
2314,Distribuidora Litoral EIRELI,10002314000198,MEI,13,2025-04-07
2315,Servicos Oeste S.A.,10002315000105,MEI,2,2025-07-16
2316,Tecnologia Souza ME,10002316000112,MEI,6,2025-12-12
2317,Comercial Oeste S.A.,10002317000119,MEI,16,2025-07-23
2318,Construtora Silva ME,10002318000126,ME,4,2025-02-21
2319,Comercial Souza ME,10002319000133,MEI,13,2025-09-17
2320,Construtora Silva S.A.,10002320000140,ME,13,2025-12-10
2321,Tecnologia Silva ME,10002321000147,MEI,13,2026-01-15
2322,Papelaria Central e Cia,10002322000154,MEI,4,2025-08-31
2323,Transportes Oeste Ltda,10002323000161,ME,11,2025-08-06
2324,Distribuidora Souza Ltda,10002324000168,MEI,13,2026-04-24
2325,Servicos Norte e Cia,10002325000175,ME,9,2025-08-21
2326,Comercial Central ME,10002326000182,MEI,14,2026-03-21
2327,Construtora Oeste Ltda,10002327000189,EPP,16,2025-12-18
2328,Confeccoes Central ME,10002328000196,ME,12,2026-01-28
2329,Transportes Oeste EIRELI,10002329000103,MEI,1,2025-08-02
2330,Construtora Oeste ME,10002330000110,ME,1,2025-11-02
2331,Alimentos Litoral Ltda,10002331000117,ME,4,2025-07-22
2332,Industria Silva e Cia,10002332000124,MEI,8,2026-01-08
2333,Construtora Central ME,10002333000131,MEI,5,2025-08-23
2334,Transportes Norte S.A.,10002334000138,MEI,8,2025-06-17
2335,Comercial Souza e Cia,10002335000145,MEDIA,12,2025-11-23
2336,Tecnologia Norte Ltda,10002336000152,MEI,4,2025-11-23
2337,Tecnologia Central Ltda,10002337000159,MEI,10,2026-01-18
2338,Distribuidora Central Ltda,10002338000166,ME,9,2025-10-20
2339,Confeccoes Norte e Cia,10002339000173,ME,9,2026-02-11
2340,Comercial Oeste e Cia,10002340000180,ME,8,2026-01-25
2341,Confeccoes Litoral EIRELI,10002341000187,MEI,14,2025-12-10
2342,Papelaria Central EIRELI,10002342000194,ME,2,2025-05-20
2343,Tecnologia Souza Ltda,10002343000101,ME,1,2025-12-03
2344,Confeccoes Oeste S.A.,10002344000108,ME,5,2026-05-15
2345,Distribuidora Souza EIRELI,10002345000115,MEI,11,2025-06-16
2346,Distribuidora Norte ME,10002346000122,ME,8,2025-11-08
2347,Papelaria Central e Cia,10002347000129,MEI,15,2025-07-19
2348,Transportes Silva ME,10002348000136,MEI,16,2025-06-27
2349,Industria Central S.A.,10002349000143,MEI,15,2025-12-24
2350,Tecnologia Oeste S.A.,10002350000150,MEI,6,2026-03-13
2351,Construtora Norte ME,10002351000157,MEI,3,2026-01-18
2352,Confeccoes Oeste ME,10002352000164,ME,12,2025-08-28
2353,Industria Norte e Cia,10002353000171,MEI,1,2025-06-30
2354,Tecnologia Silva ME,10002354000178,ME,14,2025-09-09
2355,Tecnologia Norte EIRELI,10002355000185,MEI,8,2026-05-01
2356,Distribuidora Central EIRELI,10002356000192,MEI,4,2025-02-26
2357,Industria Souza S.A.,10002357000199,ME,10,2025-06-30
2358,Tecnologia Norte ME,10002358000106,MEI,7,2025-07-05
2359,Alimentos Norte e Cia,10002359000113,ME,4,2025-04-26
2360,Construtora Central ME,10002360000120,EPP,13,2025-08-19
2361,Industria Central ME,10002361000127,MEI,6,2026-03-01
2362,Construtora Litoral EIRELI,10002362000134,ME,11,2025-02-20
2363,Papelaria Litoral S.A.,10002363000141,MEDIA,13,2025-07-30
2364,Comercial Norte EIRELI,10002364000148,MEI,7,2025-11-14
2365,Papelaria Norte S.A.,10002365000155,EPP,3,2025-06-16
2366,Industria Norte S.A.,10002366000162,ME,8,2026-05-03
2367,Comercial Litoral e Cia,10002367000169,EPP,12,2025-12-01
2368,Transportes Norte EIRELI,10002368000176,EPP,13,2025-03-24
2369,Alimentos Litoral EIRELI,10002369000183,MEI,15,2026-04-25
2370,Alimentos Souza ME,10002370000190,MEI,7,2025-01-16
2371,Papelaria Central S.A.,10002371000197,MEI,7,2025-11-05
2372,Servicos Souza S.A.,10002372000104,ME,15,2025-02-26
2373,Industria Souza S.A.,10002373000111,ME,11,2025-02-05
2374,Comercial Litoral S.A.,10002374000118,EPP,1,2025-08-29
2375,Distribuidora Central ME,10002375000125,EPP,13,2025-10-03
2376,Papelaria Litoral e Cia,10002376000132,ME,4,2025-08-13
2377,Comercial Oeste S.A.,10002377000139,EPP,16,2026-01-07
2378,Alimentos Central e Cia,10002378000146,ME,2,2025-08-14
2379,Distribuidora Silva EIRELI,10002379000153,EPP,14,2026-01-24
2380,Industria Oeste S.A.,10002380000160,ME,4,2025-03-14
2381,Construtora Souza ME,10002381000167,MEI,8,2025-11-25
2382,Construtora Litoral S.A.,10002382000174,ME,3,2026-01-23
2383,Alimentos Oeste S.A.,10002383000181,MEI,9,2025-08-19
2384,Papelaria Oeste e Cia,10002384000188,MEI,9,2025-03-13
2385,Transportes Oeste Ltda,10002385000195,MEI,5,2025-07-09
2386,Confeccoes Oeste EIRELI,10002386000102,ME,12,2025-06-06
2387,Construtora Litoral ME,10002387000109,MEI,16,2026-02-17
2388,Industria Norte ME,10002388000116,EPP,5,2025-05-12
2389,Comercial Souza e Cia,10002389000123,MEI,8,2025-10-27
2390,Confeccoes Oeste e Cia,10002390000130,ME,1,2025-09-22
2391,Construtora Norte EIRELI,10002391000137,MEDIA,13,2025-11-26
2392,Papelaria Norte ME,10002392000144,ME,5,2025-07-13
2393,Industria Norte S.A.,10002393000151,MEI,16,2026-04-05
2394,Comercial Litoral Ltda,10002394000158,MEI,13,2025-06-08
2395,Servicos Souza ME,10002395000165,ME,7,2026-01-09
2396,Servicos Oeste S.A.,10002396000172,ME,4,2026-04-13
2397,Transportes Souza EIRELI,10002397000179,MEI,1,2025-01-17
2398,Distribuidora Oeste e Cia,10002398000186,MEI,13,2025-10-11
2399,Comercial Central e Cia,10002399000193,ME,3,2025-05-06
2400,Industria Litoral EIRELI,10002400000100,MEI,9,2026-01-03
2401,Industria Silva e Cia,10002401000107,MEI,15,2025-05-23
2402,Servicos Litoral Ltda,10002402000114,EPP,3,2025-03-09
2403,Comercial Souza EIRELI,10002403000121,MEI,10,2026-01-25
2404,Construtora Silva e Cia,10002404000128,EPP,16,2025-01-27
2405,Distribuidora Souza S.A.,10002405000135,MEI,11,2025-02-12
2406,Servicos Silva e Cia,10002406000142,ME,16,2025-11-03
2407,Confeccoes Norte Ltda,10002407000149,ME,16,2026-03-17
2408,Construtora Litoral EIRELI,10002408000156,ME,4,2025-11-22
2409,Comercial Oeste S.A.,10002409000163,ME,15,2025-09-10
2410,Alimentos Norte S.A.,10002410000170,ME,6,2026-05-03
2411,Confeccoes Norte EIRELI,10002411000177,MEI,10,2025-12-14
2412,Construtora Silva EIRELI,10002412000184,ME,10,2025-06-13
2413,Construtora Souza EIRELI,10002413000191,MEI,16,2025-08-10
2414,Distribuidora Central ME,10002414000198,ME,10,2025-10-03
2415,Servicos Silva EIRELI,10002415000105,MEI,6,2025-09-14
2416,Alimentos Norte S.A.,10002416000112,MEI,10,2025-06-03
2417,Papelaria Litoral EIRELI,10002417000119,MEI,7,2025-04-09
2418,Industria Souza e Cia,10002418000126,ME,13,2025-06-16
2419,Papelaria Central ME,10002419000133,MEI,16,2025-05-15
2420,Confeccoes Oeste EIRELI,10002420000140,MEI,16,2026-01-08
2421,Alimentos Central ME,10002421000147,MEI,12,2025-07-21
2422,Comercial Central Ltda,10002422000154,MEDIA,14,2025-07-01
2423,Construtora Oeste Ltda,10002423000161,EPP,5,2025-04-14
2424,Confeccoes Oeste ME,10002424000168,MEI,7,2025-08-07
2425,Alimentos Norte e Cia,10002425000175,ME,13,2026-02-13
2426,Papelaria Norte S.A.,10002426000182,EPP,7,2025-02-24
2427,Servicos Souza ME,10002427000189,ME,3,2026-04-28
2428,Comercial Litoral S.A.,10002428000196,ME,16,2026-04-11
2429,Servicos Oeste e Cia,10002429000103,ME,16,2025-01-31
2430,Comercial Litoral ME,10002430000110,MEI,4,2025-07-09
2431,Confeccoes Silva S.A.,10002431000117,MEI,15,2026-01-19
2432,Alimentos Litoral S.A.,10002432000124,EPP,3,2026-03-24
2433,Papelaria Oeste e Cia,10002433000131,MEI,5,2025-02-15
2434,Servicos Oeste e Cia,10002434000138,ME,15,2025-12-05
2435,Transportes Norte ME,10002435000145,ME,9,2025-03-13
2436,Alimentos Oeste S.A.,10002436000152,ME,3,2025-04-20
2437,Alimentos Central EIRELI,10002437000159,ME,6,2025-06-20
2438,Confeccoes Oeste e Cia,10002438000166,ME,7,2025-01-12
2439,Distribuidora Litoral S.A.,10002439000173,MEI,5,2026-02-17
2440,Comercial Norte Ltda,10002440000180,EPP,16,2025-09-20
2441,Comercial Norte S.A.,10002441000187,GRANDE,12,2026-05-07
2442,Transportes Central ME,10002442000194,ME,11,2025-11-21
2443,Distribuidora Norte Ltda,10002443000101,MEDIA,3,2026-02-04
2444,Transportes Souza e Cia,10002444000108,EPP,4,2025-02-14
2445,Papelaria Litoral EIRELI,10002445000115,ME,15,2026-01-28
2446,Confeccoes Central S.A.,10002446000122,EPP,14,2026-01-14
2447,Alimentos Silva EIRELI,10002447000129,ME,5,2025-06-23
2448,Transportes Litoral S.A.,10002448000136,EPP,15,2025-07-25
2449,Comercial Norte S.A.,10002449000143,MEI,10,2025-04-26
2450,Tecnologia Souza ME,10002450000150,EPP,11,2025-10-27
2451,Transportes Central EIRELI,10002451000157,ME,11,2025-10-22
2452,Papelaria Souza EIRELI,10002452000164,ME,12,2025-04-16
2453,Industria Silva Ltda,10002453000171,ME,10,2026-04-29
2454,Industria Norte ME,10002454000178,MEDIA,2,2025-06-17
2455,Servicos Litoral EIRELI,10002455000185,MEI,11,2025-03-25
2456,Confeccoes Souza EIRELI,10002456000192,ME,14,2025-01-14
2457,Construtora Silva S.A.,10002457000199,MEI,5,2026-03-21
2458,Tecnologia Silva S.A.,10002458000106,MEI,7,2025-04-12
2459,Tecnologia Norte Ltda,10002459000113,MEI,7,2025-03-31
2460,Industria Souza Ltda,10002460000120,EPP,4,2026-01-15
2461,Alimentos Central EIRELI,10002461000127,MEI,12,2025-02-16
2462,Construtora Oeste e Cia,10002462000134,MEI,12,2025-08-22
2463,Comercial Central S.A.,10002463000141,MEI,1,2026-03-16
2464,Alimentos Oeste ME,10002464000148,EPP,4,2025-08-11
2465,Servicos Litoral Ltda,10002465000155,ME,10,2026-02-19
2466,Construtora Silva ME,10002466000162,ME,13,2026-04-05
2467,Comercial Souza EIRELI,10002467000169,MEI,11,2025-01-05
2468,Transportes Souza EIRELI,10002468000176,ME,5,2026-01-26
2469,Comercial Norte EIRELI,10002469000183,EPP,2,2025-12-05
2470,Alimentos Norte S.A.,10002470000190,EPP,10,2025-08-03
2471,Industria Norte EIRELI,10002471000197,ME,6,2026-02-19
2472,Alimentos Silva EIRELI,10002472000104,MEI,6,2025-04-15
2473,Tecnologia Litoral ME,10002473000111,EPP,10,2025-05-16
2474,Comercial Silva ME,10002474000118,MEI,11,2025-08-29
2475,Industria Central Ltda,10002475000125,ME,2,2026-01-26
2476,Industria Silva Ltda,10002476000132,MEI,6,2025-04-25
2477,Tecnologia Silva Ltda,10002477000139,MEDIA,3,2025-08-26
2478,Transportes Central EIRELI,10002478000146,EPP,14,2026-02-19
2479,Confeccoes Central S.A.,10002479000153,EPP,1,2025-05-12
2480,Alimentos Litoral e Cia,10002480000160,MEI,5,2025-11-11
2481,Construtora Central e Cia,10002481000167,MEI,4,2025-04-23
2482,Industria Souza Ltda,10002482000174,ME,5,2026-01-03
2483,Confeccoes Norte Ltda,10002483000181,MEI,13,2025-05-09
2484,Confeccoes Oeste S.A.,10002484000188,ME,6,2025-09-24
2485,Industria Oeste S.A.,10002485000195,MEI,9,2025-03-16
2486,Tecnologia Litoral Ltda,10002486000102,ME,2,2025-04-04
2487,Industria Litoral Ltda,10002487000109,EPP,1,2025-05-02
2488,Tecnologia Oeste Ltda,10002488000116,ME,6,2025-09-05
2489,Servicos Litoral e Cia,10002489000123,MEI,12,2025-04-20
2490,Papelaria Oeste e Cia,10002490000130,MEI,15,2026-01-17
2491,Transportes Oeste ME,10002491000137,GRANDE,9,2025-04-06
2492,Alimentos Central e Cia,10002492000144,ME,9,2025-02-19
2493,Transportes Oeste Ltda,10002493000151,ME,11,2025-08-07
2494,Transportes Souza Ltda,10002494000158,MEI,1,2025-08-23
2495,Distribuidora Norte ME,10002495000165,MEI,4,2025-06-27
2496,Construtora Central e Cia,10002496000172,MEDIA,10,2025-02-12
2497,Tecnologia Norte EIRELI,10002497000179,MEI,6,2025-12-15
2498,Comercial Souza ME,10002498000186,ME,8,2026-02-04
2499,Papelaria Norte e Cia,10002499000193,MEI,5,2025-09-30
2500,Transportes Souza e Cia,10002500000100,MEI,12,2025-03-23
